fid,gid,DEPARTAMENTO,PROVINCIA,ACTIVIDAD,JUL_2020,AGO_2020,SEP_2020,OCT_2020,NOV_2020,DIC_2020,ENE_2021,FEB_2021,MAR_2021,ABR_2021,MAY_2021,JUN_2021,JUL_2021,AGO_2021,SEP_2021,OCT_2021,NOV_2021,DIC_2021,ENE_2022,FEB_2022,MAR_2022,ABR_2022,MAY_2022,JUN_2022,JUL_2022,AGO_2022,SEP_2022,OCT_2022,NOV_2022,DIC_2022,ENE_2023,FEB_2023,MAR_2023,ABR_2023,MAY_2023,JUN_2023,JUL_2023,AGO_2023,SEP_2023,OCT_2023,NOV_2023,DIC_2023,ENE_2024,FEB_2024,MAR_2024,ABR_2024,MAY_2024,JUN_2024,JUL_2024,AGO_2024,SEP_2024
317,1315,1° de Mayo,CHACO,AGRICULTURA,,,,224/2020,224/2020,224/2020,224/2020,224/2020,224/2020,69/2021,69/2021,69/2021,69/2021,69/2021,69/2021,,,,,41/22,41/22,41/22,41/22,41/22,41/22,,,,,,194/23,194/23,194/23,194/23,194/23,194/23,194/23,,,,,,,,,,,,,,
276,1119,12 de Octubre,CHACO,AGRICULTURA,,,,224/2020,224/2020,224/2020,224/2020,224/2020,224/2020,69/2021,69/2021,69/2021,69/2021,69/2021,69/2021,,,,,,,,,,,,,,,,194/23,194/23,194/23,194/23,194/23,194/23,194/23,,,,,,,,,,,,,,
321,1319,2 de Abril,CHACO,AGRICULTURA,,,,224/2020,224/2020,224/2020,224/2020,224/2020,224/2020,69/2021,69/2021,69/2021,69/2021,69/2021,69/2021,,,,,,,,,,,,,,,,194/23,194/23,194/23,194/23,194/23,194/23,194/23,,,,,,,,,,,,,,
71,1205,25 de Mayo,BUENOS AIRES,AGRICULTURA,,,,,,,,,,,,,,,,,,,,,,,,,317/2023,317/2023,317/2023,317/2023,317/2023,317/2023,317/2023,317/2023,317/2023,587/2023,587/2023,587/2023,587/2023,587/2023,587/2023,587/2023,946/2024,946/2024,946/2024,,,,,,,,
322,1323,25 de Mayo,CHACO,AGRICULTURA,,,,224/2020,224/2020,224/2020,224/2020,224/2020,224/2020,69/2021,69/2021,69/2021,69/2021,69/2021,69/2021,,,,,41/22,41/22,41/22,41/22,41/22,41/22,,,,,,194/23,194/23,194/23,194/23,194/23,194/23,194/23,,,,,,,,,,,,,,
369,1485,25 de Mayo,MISIONES,AGRICULTURA,,,,,285/2020,285/2020,285/2020,285/2020,285/2020,285/2020,285/2020,,,,,,,,21/2022,21/2022,21/2022,21/2022,21/2022,21/2022,,,,,,,,,,,,,,,,,,,,,,,,,,,
72,1206,9 de Julio,BUENOS AIRES,AGRICULTURA,,,,,,,,,,,,,,,,,,,,,,,,317/2023,317/2023,317/2023,317/2023,317/2023,317/2023,317/2023,317/2023,317/2023,317/2023,587/2023,587/2023,587/2023,587/2023,587/2023,587/2023,587/2023,946/2024,946/2024,946/2024,,,,,,,,
318,1316,9 de Julio,CHACO,AGRICULTURA,,,,224/2020,224/2020,224/2020,224/2020,224/2020,224/2020,69/2021,69/2021,69/2021,69/2021,69/2021,69/2021,,,,,,,,,,,,,,,,194/23,194/23,194/23,194/23,194/23,194/23,194/23,,,,,,,,,,,,,,
357,1467,9 de Julio,SANTA FE,AGRICULTURA,,,,,,,,,,,,,,,,,,,31/2022,31/2022,31/2022,31/2022,31/2022,31/2022,,,,,16/2023,16/2023,16/2023,16/2023,16/2023,16/2023,16/2023,750/2023,750/2023,750/2023,750/2023,1484/2023,1484/2023,1484/2023,1484/2023,1484/2023,1484/2023,,,,,,
44,1130,Adolfo Alsina,BUENOS AIRES,AGRICULTURA,,,,,,,,,,,,,,,,,,,,,,,,,,,,,,,,,,,,,,,,,946/2024,946/2024,946/2024,,,,,,,,
15,1079,Adolfo Gonzales Chaves,BUENOS AIRES,AGRICULTURA,,,,,,,,,,,,,,,,,,,,,,,,587/2023,587/2023,587/2023,587/2023,587/2023,587/2023,587/2023,587/2023,587/2023,587/2023,,,,,,,,946/2024,946/2024,946/2024,,,,,,,,
103,1238,Alberti,BUENOS AIRES,AGRICULTURA,,,,,,,,,,,,,,,,,,,,,,,,,,,,56/2023,56/2023,56/2023,317/2023,317/2023,317/2023,587/2023,587/2023,587/2023,587/2023,587/2023,587/2023,587/2023,946/2024,946/2024,946/2024,,,,,,,,
66,1200,Almirante Brown,BUENOS AIRES,AGRICULTURA,,,,,,,,,,,,,,,,,,,,,,,,,,,,,,,,,,,,,,,,,,,,,,,,,,,
299,1192,Almirante Brown,CHACO,AGRICULTURA,,,,224/2020,224/2020,224/2020,224/2020,224/2020,224/2020,69/2021,69/2021,69/2021,69/2021,69/2021,69/2021,,,,,41/22,41/22,41/22,41/22,41/22,41/22,,,,,,194/23,194/23,194/23,194/23,194/23,194/23,194/23,,,,,,,,,,,,,,
373,1489,Apóstoles,MISIONES,AGRICULTURA,,,,,285/2020,285/2020,285/2020,285/2020,285/2020,285/2020,285/2020,,,,,,,,21/2022,21/2022,21/2022,21/2022,21/2022,21/2022,,,,,,,,,,,,,,,,,,,,,,,,,,,
81,1215,Arrecifes,BUENOS AIRES,AGRICULTURA,,,,,,,,,,,,,,,,,,,,,,,,56/2023,56/2023,56/2023,56/2023,56/2023,56/2023,56/2023,317/2023,317/2023,317/2023,587/2023,587/2023,587/2023,587/2023,587/2023,587/2023,587/2023,,,,,,,,,,,
186,1471,Atreucó,LA PAMPA,AGRICULTURA,,,,,,,,,,,,,,,,,,,,,,,,,,,,,,,,,,,,,,,,986/2024,986/2024,986/2024,986/2024,986/2024,986/2024,986/2024,986/2024,986/2024,986/2024,986/2024,986/2024
150,1322,Avellaneda,BUENOS AIRES,AGRICULTURA,,,,,,,,,,,,,,,,,,,,,,,,,,,,,,,,,,,,,,,,,,,,,,,,,,,
125,1260,Ayacucho,BUENOS AIRES,AGRICULTURA,,,,,,,,,,,,,,,,,,,,,,,,,208/2023,208/2023,208/2023,208/2023,208/2023,208/2023,317/2023,317/2023,317/2023,587/2023,587/2023,587/2023,587/2023,587/2023,587/2023,587/2023,,,,,,,,,,,
122,1257,Azul,BUENOS AIRES,AGRICULTURA,,,,,,,,,,,,,,,,,,,,,,,,,587/2023,587/2023,587/2023,587/2023,587/2023,587/2023,,,,,,,,,,,946/2024,946/2024,946/2024,,,,,,,,
16,1080,Bahía Blanca,BUENOS AIRES,AGRICULTURA,,,,,,,,,,,,,,,,,,,,,,,,,,,,,,,,,,,,,,,,,946/2024,946/2024,946/2024,,,,,,,,
118,1253,Balcarce,BUENOS AIRES,AGRICULTURA,,,,,,,,,,,,,,,,,,,,,,,,,,,317/2023,317/2023,317/2023,317/2023,317/2023,317/2023,317/2023,,,,,,,,,,,,,,,,,,
145,1304,Baradero,BUENOS AIRES,AGRICULTURA,,,,,,,,,,,,,,,,,,,,,,,,,208/2023,208/2023,208/2023,208/2023,208/2023,208/2023,317/2023,317/2023,317/2023,587/2023,587/2023,587/2023,587/2023,587/2023,587/2023,587/2023,,,,,,,,,,,
190,1477,Belgrano,SANTA FE,AGRICULTURA,,,,,,,,,,,,,,,,,,,31/2022,31/2022,31/2022,31/2022,31/2022,31/2022,,,,,16/2023,16/2023,16/2023,16/2023,16/2023,16/2023,16/2023,750/2023,750/2023,750/2023,750/2023,1484/2023,1484/2023,1484/2023,1484/2023,1484/2023,1484/2023,,,,,,
391,1510,Bella Vista,CORRIENTES,AGRICULTURA,,,,,,,,,,,,,,,,,,,36/2022,36/2022,36/2022,36/2022,36/2022,36/2022,869/2022,869/2022,869/2022,869/2022,869/2022,869/2022,197/2023,197/2023,197/2023,197/2023,197/2023,197/2023,1620/2023,1620/2023,1620/2023,1620/2023,1620/2023,1620/2023,,,,,,,,,
130,1265,Benito Juárez,BUENOS AIRES,AGRICULTURA,,,,,,,,,,,,,,,,,,,,,,,,,,,,587/2023,587/2023,587/2023,587/2023,587/2023,587/2023,,,,,,,,,,,,,,,,,,
28,1098,Berazategui,BUENOS AIRES,AGRICULTURA,,,,,,,,,,,,,,,,,,,,,,,,,,,,,,,,,,,,,,,,,,,,,,,,,,,
135,1271,Berisso,BUENOS AIRES,AGRICULTURA,,,,,,,,,,,,,,,,,,,,,,,,,,,,,,,,,,1612/2023,1612/2023,1612/2023,1612/2023,1612/2023,1612/2023,1612/2023,,,,,,,,,,,
313,1297,Bermejo,CHACO,AGRICULTURA,,,,224/2020,224/2020,224/2020,224/2020,224/2020,224/2020,69/2021,69/2021,69/2021,69/2021,69/2021,69/2021,,,,,41/22,41/22,41/22,41/22,41/22,41/22,,,,,,194/23,194/23,194/23,194/23,194/23,194/23,194/23,,,,,,,,,,,,,,
454,1150,Bermejo,FORMOSA,AGRICULTURA,201/2020,201/2020,201/2020,201/2020,201/2020,201/2020,,,,,,,,,,,,,49/2022,49/2022,49/2022,49/2022,49/2022,49/2022,,,,,,,,,,,,,,,,,,,,,,,,,,,
404,1523,Berón de Astrada,CORRIENTES,AGRICULTURA,,,,,,,,,,,,,,,,,,,36/2022,36/2022,36/2022,36/2022,36/2022,36/2022,869/2022,869/2022,869/2022,869/2022,869/2022,869/2022,197/2023,197/2023,197/2023,197/2023,197/2023,197/2023,,,,,,,,,,,,,,,
117,1252,Bolívar,BUENOS AIRES,AGRICULTURA,,,,,,,,,,,,,,,,,,,,,,,,,,,,,,,,,,,,,,,,,946/2024,946/2024,946/2024,,,,,,,,
104,1239,Bragado,BUENOS AIRES,AGRICULTURA,,,,,,,,,,,,,,,,,,,,,,,,,,,,208/2023,208/2023,208/2023,317/2023,317/2023,317/2023,587/2023,587/2023,587/2023,587/2023,587/2023,587/2023,587/2023,946/2024,946/2024,946/2024,,,,,,,,
68,1202,Brandsen,BUENOS AIRES,AGRICULTURA,,,,,,,,,,,,,,,,,,,,,,,,,,,,208/2023,208/2023,208/2023,317/2023,317/2023,317/2023,587/2023,587/2023,587/2023,587/2023,587/2023,587/2023,587/2023,,,,,,,,,,,
367,1483,Cainguás,MISIONES,AGRICULTURA,,,,,285/2020,285/2020,285/2020,285/2020,285/2020,285/2020,285/2020,,,,,,,,21/2022,21/2022,21/2022,21/2022,21/2022,21/2022,,,,,,,,,,,,,,,,,,,,,,,,,,,
424,1551,Calamuchita,CÓRDOBA,AGRICULTURA,,,,,,,,,,,,,,,,,,,,,,,,,,,,,,,,,,,,,,,,,,,,,,,,,,,
165,1431,Caleu Caleu,LA PAMPA,AGRICULTURA,,,,,,,,,,,,,,,,,,,,,,,,,,,,,,,,,,,,,,,,986/2024,986/2024,986/2024,986/2024,986/2024,986/2024,986/2024,986/2024,986/2024,986/2024,986/2024,986/2024
39,1114,Campana,BUENOS AIRES,AGRICULTURA,,,,,,,,,,,,,,,,,,,,,,,,,,,,,,317/2023,317/2023,317/2023,317/2023,587/2023,587/2023,587/2023,587/2023,587/2023,587/2023,587/2023,,,,,,,,,,,
365,1481,Candelaria,MISIONES,AGRICULTURA,,,,,285/2020,285/2020,285/2020,285/2020,285/2020,285/2020,285/2020,,,,,,,,21/2022,21/2022,21/2022,21/2022,21/2022,21/2022,,,,,,,,,,,,,,,,,,,,,,,,,,,
111,1246,Cañuelas,BUENOS AIRES,AGRICULTURA,,,,,,,,,,,,,,,,,,,,,,,,,,,,,,317/2023,317/2023,317/2023,317/2023,587/2023,587/2023,587/2023,587/2023,587/2023,587/2023,587/2023,,,,,,,,,,,
176,1443,Capital,LA PAMPA,AGRICULTURA,,,,,,,,,,,,,,,,,,,,,,,,,,,,,,,,,,,,,,,,986/2024,986/2024,986/2024,986/2024,986/2024,986/2024,986/2024,986/2024,986/2024,986/2024,986/2024,986/2024
363,1479,Capital,MISIONES,AGRICULTURA,,,,,285/2020,285/2020,285/2020,285/2020,285/2020,285/2020,285/2020,,,,,,,,21/2022,21/2022,21/2022,21/2022,21/2022,21/2022,,,,,,,,,,,,,,,,,,,,,,,,,,,
407,1526,Capital,CORRIENTES,AGRICULTURA,,,,,,,,,,,,,,,,,,,36/2022,36/2022,36/2022,36/2022,36/2022,36/2022,869/2022,869/2022,869/2022,869/2022,869/2022,869/2022,197/2023,197/2023,197/2023,197/2023,197/2023,197/2023,,,,,,,,,,,,,,,
418,1542,Capital,CÓRDOBA,AGRICULTURA,,,,,,,,,,,,,,,,,,,,,,,,,,,,,,,,,,,,,,,,,,,,,,,,,,,
82,1216,Capitán Sarmiento,BUENOS AIRES,AGRICULTURA,,,,,,,,,,,,,,,,,,,,,,,,,208/2023,208/2023,208/2023,208/2023,208/2023,208/2023,317/2023,317/2023,317/2023,587/2023,587/2023,587/2023,587/2023,587/2023,587/2023,587/2023,,,,,,,,,,,
69,1203,Carlos Casares,BUENOS AIRES,AGRICULTURA,,,,,,,,,,,,,,,,,,,,,,,,,,,,,,,,,,,,,,,,,946/2024,946/2024,946/2024,,,,,,,,
70,1204,Carlos Tejedor,BUENOS AIRES,AGRICULTURA,,,,,,,,,,,,,,,,,,,,,,,,,208/2023,208/2023,208/2023,208/2023,317/2023,317/2023,317/2023,317/2023,317/2023,,,,,,,,946/2024,946/2024,946/2024,,,,,,,,
83,1217,Carmen de Areco,BUENOS AIRES,AGRICULTURA,,,,,,,,,,,,,,,,,,,,,,,,,208/2023,208/2023,208/2023,208/2023,208/2023,208/2023,317/2023,317/2023,317/2023,587/2023,587/2023,587/2023,587/2023,587/2023,587/2023,587/2023,,,,,,,,,,,
184,1464,Caseros,SANTA FE,AGRICULTURA,,,,,,,,,,,,,,,,,,,31/2022,31/2022,31/2022,31/2022,31/2022,31/2022,,,,,16/2023,16/2023,16/2023,16/2023,16/2023,16/2023,16/2023,750/2023,750/2023,750/2023,750/2023,1484/2023,1484/2023,1484/2023,1484/2023,1484/2023,1484/2023,,,,,,
351,1453,Castellanos,SANTA FE,AGRICULTURA,,,,,,,,,,,,,,,,,,,31/2022,31/2022,31/2022,31/2022,31/2022,31/2022,,,,,16/2023,16/2023,16/2023,16/2023,16/2023,16/2023,16/2023,750/2023,750/2023,750/2023,750/2023,1484/2023,1484/2023,1484/2023,1484/2023,1484/2023,1484/2023,,,,,,
65,1199,Castelli,BUENOS AIRES,AGRICULTURA,,,,,,,,,,,,,,,,,,,,,,,,,317/2023,317/2023,317/2023,317/2023,317/2023,317/2023,317/2023,317/2023,317/2023,587/2023,587/2023,587/2023,587/2023,587/2023,587/2023,587/2023,,,,,,,,,,,
187,1472,Catriló,LA PAMPA,AGRICULTURA,,,,,,,,,,,,,,,,,,,,,,,,,,,,,,,,,,,,,,,,,,,,,,,,,,,
94,1228,Chacabuco,BUENOS AIRES,AGRICULTURA,,,,,,,,,,,,,,,,,,,,,,,,,,,,208/2023,208/2023,208/2023,317/2023,317/2023,317/2023,587/2023,587/2023,587/2023,587/2023,587/2023,587/2023,587/2023,946/2024,946/2024,946/2024,,,,,,,,
308,1280,Chacabuco,CHACO,AGRICULTURA,,,,224/2020,224/2020,224/2020,224/2020,224/2020,224/2020,69/2021,69/2021,69/2021,69/2021,69/2021,69/2021,,,,,,,,,,,,,,,,194/23,194/23,194/23,194/23,194/23,194/23,194/23,,,,,,,,,,,,,,
508,1445,Chalileo,LA PAMPA,AGRICULTURA,,,,,,,,,,,,,,,,,,,,,,,,,,,538/2023,538/2023,538/2023,538/2023,538/2023,538/2023,538/2023,928/2023,928/2023,928/2023,1485/2023,1485/2023,1485/2023,986/2024,986/2024,986/2024,986/2024,986/2024,986/2024,986/2024,986/2024,986/2024,986/2024,986/2024,986/2024
166,1433,Chapaleufú,LA PAMPA,AGRICULTURA,,,,,,,,,,,,,,,,,,,,,,,,,,,,,,,,,,,,,,,,,,,,,,,,,,,
37,1111,Chascomús,BUENOS AIRES,AGRICULTURA,,,,,,,,,,,,,,,,,,,,,,,,,56/2023,56/2023,56/2023,56/2023,56/2023,56/2023,317/2023,317/2023,317/2023,587/2023,587/2023,587/2023,587/2023,587/2023,587/2023,587/2023,946/2024,946/2024,946/2024,,,,,,,,
507,1432,Chical Co,LA PAMPA,AGRICULTURA,,,,,,,,,,,,,,,,,,,,,,,,,,,,,,,,,,,,,,,,986/2024,986/2024,986/2024,986/2024,986/2024,986/2024,986/2024,986/2024,986/2024,986/2024,986/2024,986/2024
102,1237,Chivilcoy,BUENOS AIRES,AGRICULTURA,,,,,,,,,,,,,,,,,,,,,,,,,,,,208/2023,208/2023,208/2023,317/2023,317/2023,317/2023,587/2023,587/2023,587/2023,587/2023,587/2023,587/2023,587/2023,946/2024,946/2024,946/2024,,,,,,,,
131,1266,Colón,BUENOS AIRES,AGRICULTURA,,,,,,,,,,,,,,,,,,,,,,,,,,,,208/2023,208/2023,208/2023,317/2023,317/2023,317/2023,587/2023,587/2023,587/2023,587/2023,587/2023,587/2023,587/2023,,,,,,,,,,,
381,1499,Colón,ENTRE RÍOS,AGRICULTURA,,,,,,,,,,,,,,,,,,,39/2022,39/2022,39/2022,39/2022,39/2022,39/2022,39/2022,,,,,98/2023,98/2023,98/2023,98/2023,98/2023,98/2023,98/2023,1070/2023,1070/2023,1070/2023,1070/2023,1070/2023,1070/2023,,,,,,,,,
419,1544,Colón,CÓRDOBA,AGRICULTURA,,,,,,,,,,,,,,,,,,,,,,,,,,,,,,,,,600/23,600/23,600/23,600/23,600/23,600/23,1523/23,1523/23,1523/23,1523/23,1523/23,1523/23,,,,,,,
324,1325,Comandante Fernández,CHACO,AGRICULTURA,,,,224/2020,224/2020,224/2020,224/2020,224/2020,224/2020,69/2021,69/2021,69/2021,69/2021,69/2021,69/2021,,,,,41/22,41/22,41/22,41/22,41/22,41/22,,,,,,194/23,194/23,194/23,194/23,194/23,194/23,194/23,,,,,,,,,,,,,,
372,1488,Concepción,MISIONES,AGRICULTURA,,,,,285/2020,285/2020,285/2020,285/2020,285/2020,285/2020,285/2020,,,,,,,,21/2022,21/2022,21/2022,21/2022,21/2022,21/2022,,,,,,,,,,,,,,,,,,,,,,,,,,,
385,1504,Concepción,CORRIENTES,AGRICULTURA,,,,,,,,,,,,,,,,,,,36/2022,36/2022,36/2022,36/2022,36/2022,36/2022,869/2022,869/2022,869/2022,869/2022,869/2022,869/2022,197/2023,197/2023,197/2023,197/2023,197/2023,197/2023,,,,,,,,,,,,,,,
382,1501,Concordia,ENTRE RÍOS,AGRICULTURA,,,,,,,,,,,,,,,,,,,39/2022,39/2022,39/2022,39/2022,39/2022,39/2022,39/2022,,,,,98/2023,98/2023,98/2023,98/2023,98/2023,98/2023,98/2023,1070/2023,1070/2023,1070/2023,1070/2023,1070/2023,1070/2023,,,,,,,,,
178,1447,Conhelo,LA PAMPA,AGRICULTURA,,,,,,,,,,,,,,,,,,,,,,,,,,,538/2023,538/2023,538/2023,538/2023,538/2023,538/2023,538/2023,928/2023,928/2023,928/2023,1485/2023,1485/2023,1485/2023,986/2024,986/2024,986/2024,986/2024,986/2024,986/2024,986/2024,986/2024,986/2024,986/2024,986/2024,986/2024
162,1425,Constitución,SANTA FE,AGRICULTURA,,,,,,,,,,,,,,,,,,,31/2022,31/2022,31/2022,31/2022,31/2022,31/2022,,,,,16/2023,16/2023,16/2023,16/2023,16/2023,16/2023,16/2023,750/2023,750/2023,750/2023,750/2023,1484/2023,1484/2023,1484/2023,1484/2023,1484/2023,1484/2023,,,,,,
144,1303,Coronel de Marina Leonardo Rosales,BUENOS AIRES,AGRICULTURA,,,,,,,,,,,,,,,,,,,,,,,,,,,,,,,,,,,,,,,,,946/2024,946/2024,946/2024,,,,,,,,
34,1104,Coronel Dorrego,BUENOS AIRES,AGRICULTURA,,,,,,,,,,,,,,,,,,,,,,,,,,,,,,,,,,,,,,,,,,,,,,,,,,,
30,1100,Coronel Pringles,BUENOS AIRES,AGRICULTURA,,,,,,,,,,,,,,,,,,,,,,,,,,587/2023,587/2023,587/2023,587/2023,587/2023,,,,,,,,,,,,,,,,,,,,,
14,1078,Coronel Suárez,BUENOS AIRES,AGRICULTURA,,,,,,,,,,,,,,,,,,,,,,,,,,,,,,,,,,,,,,,,,,,,,,,,,,,
409,1528,Cruz del Eje,CÓRDOBA,AGRICULTURA,,,,,,,,,,,,,,,,,,,,,,,,,,,,,,,,,,,,,,,,,,,,,,,,,,,
189,1474,Curacó,LA PAMPA,AGRICULTURA,,,,,,,,,,,,,,,,,,,,,,,,,,,,,,,,,,,,,,,,986/2024,986/2024,986/2024,986/2024,986/2024,986/2024,986/2024,986/2024,986/2024,986/2024,986/2024,986/2024
396,1515,Curuzú Cuatiá,CORRIENTES,AGRICULTURA,,,,,,,,,,,,,,,,,,,36/2022,36/2022,36/2022,36/2022,36/2022,36/2022,869/2022,869/2022,869/2022,869/2022,869/2022,869/2022,197/2023,197/2023,197/2023,197/2023,197/2023,197/2023,1620/2023,1620/2023,1620/2023,1620/2023,1620/2023,1620/2023,,,,,,,,,
123,1258,Daireaux,BUENOS AIRES,AGRICULTURA,,,,,,,,,,,,,,,,,,,,,,,,,,,,,,,,,,,,,,,,,,,,,,,,,,,
343,1368,Diamante,ENTRE RÍOS,AGRICULTURA,,,,,,,,,,,,,,,,,,,39/2022,39/2022,39/2022,39/2022,39/2022,39/2022,39/2022,,,,,98/2023,98/2023,98/2023,98/2023,98/2023,98/2023,98/2023,1070/2023,1070/2023,1070/2023,1070/2023,1070/2023,1070/2023,,,,,,,,,
121,1256,Dolores,BUENOS AIRES,AGRICULTURA,,,,,,,,,,,,,,,,,,,,,,,,,56/2023,56/2023,56/2023,56/2023,56/2023,56/2023,317/2023,317/2023,317/2023,587/2023,587/2023,587/2023,587/2023,587/2023,587/2023,587/2023,946/2024,946/2024,946/2024,,,,,,,,
378,1494,Eldorado,MISIONES,AGRICULTURA,,,,,285/2020,285/2020,285/2020,285/2020,285/2020,285/2020,285/2020,,,,,,,,21/2022,21/2022,21/2022,21/2022,21/2022,21/2022,,,,,,,,,,,,,,,,,,,,,,,,,,,
389,1508,Empedrado,CORRIENTES,AGRICULTURA,,,,,,,,,,,,,,,,,,,36/2022,36/2022,36/2022,36/2022,36/2022,36/2022,869/2022,869/2022,869/2022,869/2022,869/2022,869/2022,197/2023,197/2023,197/2023,197/2023,197/2023,197/2023,,,,,,,,,,,,,,,
127,1262,Ensenada,BUENOS AIRES,AGRICULTURA,,,,,,,,,,,,,,,,,,,,,,,,,,,,,,,,,,,,,,,,,,,,,,,,,,,
4,1067,Escobar,BUENOS AIRES,AGRICULTURA,,,,,,,,,,,,,,,,,,,,,,,,,,,,,,,,,,,,,,,,,,,,,,,,,,,
394,1513,Esquina,CORRIENTES,AGRICULTURA,,,,,,,,,,,,,,,,,,,36/2022,36/2022,36/2022,36/2022,36/2022,36/2022,869/2022,869/2022,869/2022,869/2022,869/2022,869/2022,197/2023,197/2023,197/2023,197/2023,197/2023,197/2023,1620/2023,1620/2023,1620/2023,1620/2023,1620/2023,1620/2023,,,,,,,,,
80,1214,Esteban Echeverría,BUENOS AIRES,AGRICULTURA,,,,,,,,,,,,,,,,,,,,,,,,,,,,,,,,,,,,,,,,,,,,,,,,,,,
85,1219,Exaltación de la Cruz,BUENOS AIRES,AGRICULTURA,,,,,,,,,,,,,,,,,,,,,,,,,208/2023,208/2023,208/2023,208/2023,208/2023,208/2023,317/2023,317/2023,317/2023,587/2023,587/2023,587/2023,587/2023,587/2023,587/2023,587/2023,,,,,,,,,,,
108,1243,Ezeiza,BUENOS AIRES,AGRICULTURA,,,,,,,,,,,,,,,,,,,,,,,,,,,,,,,,,,,,,,,,,,,,,,,,,,,
380,1496,Federación,ENTRE RÍOS,AGRICULTURA,,,,,,,,,,,,,,,,,,,39/2022,39/2022,39/2022,39/2022,39/2022,39/2022,39/2022,,,,,98/2023,98/2023,98/2023,98/2023,98/2023,98/2023,98/2023,1070/2023,1070/2023,1070/2023,1070/2023,1070/2023,1070/2023,,,,,,,,,
336,1361,Federal,ENTRE RÍOS,AGRICULTURA,,,,,,,,,,,,,,,,,,,39/2022,39/2022,39/2022,39/2022,39/2022,39/2022,39/2022,,,,,98/2023,98/2023,98/2023,98/2023,98/2023,98/2023,98/2023,1070/2023,1070/2023,1070/2023,1070/2023,1070/2023,1070/2023,,,,,,,,,
341,1366,Feliciano,ENTRE RÍOS,AGRICULTURA,,,,,,,,,,,,,,,,,,,39/2022,39/2022,39/2022,39/2022,39/2022,39/2022,39/2022,,,,,98/2023,98/2023,98/2023,98/2023,98/2023,98/2023,98/2023,1070/2023,1070/2023,1070/2023,1070/2023,1070/2023,1070/2023,,,,,,,,,
109,1244,Florencio Varela,BUENOS AIRES,AGRICULTURA,,,,,,,,,,,,,,,,,,,,,,,,,,,,,,,,,,,,,,,,,,,,,,,,,,,
147,1313,Florentino Ameghino,BUENOS AIRES,AGRICULTURA,,,,,,,,,,,,,,,,,,,,,,,,317/2023,317/2023,317/2023,317/2023,317/2023,317/2023,317/2023,,,,,,,,,,,,,,,,,,,,,
310,1292,Formosa,FORMOSA,AGRICULTURA,201/2020,201/2020,201/2020,201/2020,201/2020,201/2020,,,,,,,,,,,,,49/2022,49/2022,49/2022,49/2022,49/2022,49/2022,,,,,,,,,,,,,,,,,,,,,,,,,,,
290,1163,Fray Justo Santa María de Oro,CHACO,AGRICULTURA,,,,224/2020,224/2020,224/2020,224/2020,224/2020,224/2020,69/2021,69/2021,69/2021,69/2021,69/2021,69/2021,,,,,,,,,,,,,,,,194/23,194/23,194/23,194/23,194/23,194/23,194/23,,,,,,,,,,,,,,
361,1476,Garay,SANTA FE,AGRICULTURA,,,,,,,,,,,,,,,,,,,31/2022,31/2022,31/2022,31/2022,31/2022,31/2022,,,,,16/2023,16/2023,16/2023,16/2023,16/2023,16/2023,16/2023,750/2023,750/2023,750/2023,750/2023,1484/2023,1484/2023,1484/2023,1484/2023,1484/2023,1484/2023,,,,,,
17,1081,General Alvarado,BUENOS AIRES,AGRICULTURA,,,,,,,,,,,,,,,,,,,,,,,,,,,,,,,,,,,,,,,,,,,,,,,,,,,
114,1249,General Alvear,BUENOS AIRES,AGRICULTURA,,,,,,,,,,,,,,,,,,,,,,,,,,,,,,,,,,,,,,,,,946/2024,946/2024,946/2024,,,,,,,,
400,1519,General Alvear,CORRIENTES,AGRICULTURA,,,,,,,,,,,,,,,,,,,36/2022,36/2022,36/2022,36/2022,36/2022,36/2022,869/2022,869/2022,869/2022,869/2022,869/2022,869/2022,197/2023,197/2023,197/2023,197/2023,197/2023,197/2023,,,,,,,,,,,,,,,
141,1296,General Arenales,BUENOS AIRES,AGRICULTURA,,,,,,,,,,,,,,,,,,,,,,,,,208/2023,208/2023,208/2023,208/2023,208/2023,208/2023,317/2023,317/2023,317/2023,587/2023,587/2023,587/2023,587/2023,587/2023,587/2023,587/2023,946/2024,946/2024,946/2024,,,,,,,,
75,1209,General Belgrano,BUENOS AIRES,AGRICULTURA,,,,,,,,,,,,,,,,,,,,,,,,,,,317/2023,317/2023,317/2023,317/2023,317/2023,317/2023,317/2023,587/2023,587/2023,587/2023,587/2023,587/2023,587/2023,587/2023,946/2024,946/2024,946/2024,,,,,,,,
325,1326,General Belgrano,CHACO,AGRICULTURA,,,,224/2020,224/2020,224/2020,224/2020,224/2020,224/2020,69/2021,69/2021,69/2021,69/2021,69/2021,69/2021,,,,,,,,,,,,,,,,194/23,194/23,194/23,194/23,194/23,194/23,194/23,,,,,,,,,,,,,,
326,1327,General Donovan,CHACO,AGRICULTURA,,,,224/2020,224/2020,224/2020,224/2020,224/2020,224/2020,69/2021,69/2021,69/2021,69/2021,69/2021,69/2021,,,,,41/22,41/22,41/22,41/22,41/22,41/22,,,,,,194/23,194/23,194/23,194/23,194/23,194/23,194/23,,,,,,,,,,,,,,
280,1123,General Güemes,CHACO,AGRICULTURA,,,,224/2020,224/2020,224/2020,224/2020,224/2020,224/2020,69/2021,69/2021,69/2021,69/2021,69/2021,69/2021,,,,,41/22,41/22,41/22,41/22,41/22,41/22,,,,,,194/23,194/23,194/23,194/23,194/23,194/23,194/23,,,,,,,,,,,,,,
11,1075,General Guido,BUENOS AIRES,AGRICULTURA,,,,,,,,,,,,,,,,,,,,,,,,,208/2023,208/2023,208/2023,208/2023,208/2023,208/2023,317/2023,317/2023,317/2023,587/2023,587/2023,587/2023,587/2023,587/2023,587/2023,587/2023,,,,,,,,,,,
12,1076,General Juan Madariaga,BUENOS AIRES,AGRICULTURA,,,,,,,,,,,,,,,,,,,,,,,,,,,,317/2023,317/2023,317/2023,317/2023,317/2023,317/2023,,,,,,,,946/2024,946/2024,946/2024,,,,,,,,
116,1251,General La Madrid,BUENOS AIRES,AGRICULTURA,,,,,,,,,,,,,,,,,,,,,,,,,208/2023,208/2023,208/2023,208/2023,317/2023,317/2023,317/2023,317/2023,317/2023,,,,,,,,,,,,,,,,,,
105,1240,General Las Heras,BUENOS AIRES,AGRICULTURA,,,,,,,,,,,,,,,,,,,,,,,,,,,,317/2023,317/2023,317/2023,317/2023,317/2023,317/2023,587/2023,587/2023,587/2023,587/2023,587/2023,587/2023,587/2023,946/2024,946/2024,946/2024,,,,,,,,
22,1086,General Lavalle,BUENOS AIRES,AGRICULTURA,,,,,,,,,,,,,,,,,,,,,,,,,,,,,,,587/2023,587/2023,587/2023,587/2023,587/2023,587/2023,587/2023,587/2023,587/2023,587/2023,946/2024,946/2024,946/2024,,,,,,,,
183,1463,General López,SANTA FE,AGRICULTURA,,,,,,,,,,,,,,,,,,,,,,,,,,,,,16/2023,16/2023,16/2023,16/2023,16/2023,16/2023,16/2023,750/2023,750/2023,750/2023,750/2023,1484/2023,1484/2023,1484/2023,1484/2023,1484/2023,1484/2023,,,,,,
377,1493,General Manuel Belgrano,MISIONES,AGRICULTURA,,,,,285/2020,285/2020,285/2020,285/2020,285/2020,285/2020,285/2020,,,,,,,,21/2022,21/2022,21/2022,21/2022,21/2022,21/2022,,,,,,,,,,,,,,,,,,,,,,,,,,,
355,1462,General Obligado,SANTA FE,AGRICULTURA,,,,,,,,,,,,,,,,,,,31/2022,31/2022,31/2022,31/2022,31/2022,31/2022,,,,,16/2023,16/2023,16/2023,16/2023,16/2023,16/2023,16/2023,750/2023,750/2023,750/2023,750/2023,1484/2023,1484/2023,1484/2023,1484/2023,1484/2023,1484/2023,,,,,,
10,1074,General Paz,BUENOS AIRES,AGRICULTURA,,,,,,,,,,,,,,,,,,,,,,,,,208/2023,208/2023,208/2023,208/2023,208/2023,208/2023,317/2023,317/2023,317/2023,587/2023,587/2023,587/2023,587/2023,587/2023,587/2023,587/2023,,,,,,,,,,,
388,1507,General Paz,CORRIENTES,AGRICULTURA,,,,,,,,,,,,,,,,,,,36/2022,36/2022,36/2022,36/2022,36/2022,36/2022,869/2022,869/2022,869/2022,869/2022,869/2022,869/2022,197/2023,197/2023,197/2023,197/2023,197/2023,197/2023,,,,,,,,,,,,,,,
31,1101,General Pinto,BUENOS AIRES,AGRICULTURA,,,,,,,,,,,,,,,,,,,,,,,,,,,,,,,587/2023,587/2023,587/2023,587/2023,587/2023,587/2023,587/2023,587/2023,587/2023,587/2023,,,,,,,,,,,
18,1082,General Pueyrredón,BUENOS AIRES,AGRICULTURA,,,,,,,,,,,,,,,,,,,,,,,,,587/2023,587/2023,587/2023,587/2023,587/2023,587/2023,587/2023,587/2023,587/2023,,,,,,,,,,,,,,,,,,
198,1539,General Roca,CÓRDOBA,AGRICULTURA,,,,,,,,,,,,,,,,,,,,,,,,,,,,,,,,,600/23,600/23,600/23,600/23,600/23,600/23,1523/23,1523/23,1523/23,1523/23,1523/23,1523/23,,,,,,,
99,1233,General Rodríguez,BUENOS AIRES,AGRICULTURA,,,,,,,,,,,,,,,,,,,,,,,,,208/2023,208/2023,208/2023,208/2023,208/2023,317/2023,317/2023,317/2023,317/2023,587/2023,587/2023,587/2023,587/2023,587/2023,587/2023,587/2023,,,,,,,,,,,
96,1230,General San Martín,BUENOS AIRES,AGRICULTURA,,,,,,,,,,,,,,,,,,,,,,,,,,,,,,,,,,,,,,,,,,,,,,,,,,,
200,1547,General San Martín,CÓRDOBA,AGRICULTURA,,,,,,,,,,,,,,,,,,,,,,,,,,,,,,,,,600/23,600/23,600/23,600/23,600/23,600/23,1523/23,1523/23,1523/23,1523/23,1523/23,1523/23,,,,,,,
107,1242,General Viamonte,BUENOS AIRES,AGRICULTURA,,,,,,,,,,,,,,,,,,,,,,,,,,,,208/2023,208/2023,208/2023,317/2023,317/2023,317/2023,587/2023,587/2023,587/2023,587/2023,587/2023,587/2023,587/2023,946/2024,946/2024,946/2024,,,,,,,,
48,1134,General Villegas,BUENOS AIRES,AGRICULTURA,,,,,,,,,,,,,,,,,,,,,,,,,208/2023,208/2023,208/2023,208/2023,208/2023,208/2023,,,,,,,,,,,946/2024,946/2024,946/2024,,,,,,,,
393,1512,Goya,CORRIENTES,AGRICULTURA,,,,,,,,,,,,,,,,,,,36/2022,36/2022,36/2022,36/2022,36/2022,36/2022,869/2022,869/2022,869/2022,869/2022,869/2022,869/2022,197/2023,197/2023,197/2023,197/2023,197/2023,197/2023,1620/2023,1620/2023,1620/2023,1620/2023,1620/2023,1620/2023,,,,,,,,,
155,1370,Gualeguay,ENTRE RÍOS,AGRICULTURA,,,,,,,,,,,,,,,,,,,39/2022,39/2022,39/2022,39/2022,39/2022,39/2022,39/2022,,,,,98/2023,98/2023,98/2023,98/2023,98/2023,98/2023,98/2023,1070/2023,1070/2023,1070/2023,1070/2023,1070/2023,1070/2023,,,,,,,,,
193,1500,Gualeguaychú,ENTRE RÍOS,AGRICULTURA,,,,,,,,,,,,,,,,,,,39/2022,39/2022,39/2022,39/2022,39/2022,39/2022,39/2022,,,,,98/2023,98/2023,98/2023,98/2023,98/2023,98/2023,98/2023,1070/2023,1070/2023,1070/2023,1070/2023,1070/2023,1070/2023,,,,,,,,,
126,1261,Guaminí,BUENOS AIRES,AGRICULTURA,,,,,,,,,,,,,,,,,,,,,,,,,,317/2023,317/2023,317/2023,317/2023,317/2023,317/2023,317/2023,317/2023,,,,,,,,946/2024,946/2024,946/2024,,,,,,,,
374,1490,Guaraní,MISIONES,AGRICULTURA,,,,,285/2020,285/2020,285/2020,285/2020,285/2020,285/2020,285/2020,,,,,,,,21/2022,21/2022,21/2022,21/2022,21/2022,21/2022,,,,,,,,,,,,,,,,,,,,,,,,,,,
171,1438,Guatraché,LA PAMPA,AGRICULTURA,,,,,,,,,,,,,,,,,,,,,,,,,,,,,,,,,,,,,,,,986/2024,986/2024,986/2024,986/2024,986/2024,986/2024,986/2024,986/2024,986/2024,986/2024,986/2024,986/2024
120,1255,Hipólito Yrigoyen,BUENOS AIRES,AGRICULTURA,,,,,,,,,,,,,,,,,,,,,,,,,,,,,,,,,,,,,,,,,,,,,,,,,,,
169,1436,Hucal,LA PAMPA,AGRICULTURA,,,,,,,,,,,,,,,,,,,,,,,,,,,,,,,,,,,,,,,,986/2024,986/2024,986/2024,986/2024,986/2024,986/2024,986/2024,986/2024,986/2024,986/2024,986/2024,986/2024
92,1226,Hurlingham,BUENOS AIRES,AGRICULTURA,,,,,,,,,,,,,,,,,,,,,,,,,,,,,,,,,,,,,,,,,,,,,,,,,,,
376,1492,Iguazú,MISIONES,AGRICULTURA,,,,,285/2020,285/2020,285/2020,285/2020,285/2020,285/2020,285/2020,,,,,,,,21/2022,21/2022,21/2022,21/2022,21/2022,21/2022,,,,,,,,,,,,,,,,,,,,,,,,,,,
288,1161,Independencia,CHACO,AGRICULTURA,,,,224/2020,224/2020,224/2020,224/2020,224/2020,224/2020,69/2021,69/2021,69/2021,69/2021,69/2021,69/2021,,,,,41/22,41/22,41/22,41/22,41/22,41/22,,,,,,194/23,194/23,194/23,194/23,194/23,194/23,194/23,,,,,,,,,,,,,,
164,1427,Iriondo,SANTA FE,AGRICULTURA,,,,,,,,,,,,,,,,,,,31/2022,31/2022,31/2022,31/2022,31/2022,31/2022,,,,,16/2023,16/2023,16/2023,16/2023,16/2023,16/2023,16/2023,750/2023,750/2023,750/2023,750/2023,1484/2023,1484/2023,1484/2023,1484/2023,1484/2023,1484/2023,,,,,,
420,1545,Ischilín,CÓRDOBA,AGRICULTURA,,,,,,,,,,,,,,,,,,,,,,,,,,,,,,,,,600/23,600/23,600/23,600/23,600/23,600/23,1523/23,1523/23,1523/23,1523/23,1523/23,1523/23,,,,,,,
191,1497,Islas del Ibicuy,ENTRE RÍOS,AGRICULTURA,,,,,,,,,,,,,,,,,,,39/2022,39/2022,39/2022,39/2022,39/2022,39/2022,39/2022,,,,,98/2023,98/2023,98/2023,98/2023,98/2023,98/2023,98/2023,1070/2023,1070/2023,1070/2023,1070/2023,1070/2023,1070/2023,,,,,,,,,
405,1524,Itatí,CORRIENTES,AGRICULTURA,,,,,,,,,,,,,,,,,,,36/2022,36/2022,36/2022,36/2022,36/2022,36/2022,869/2022,869/2022,869/2022,869/2022,869/2022,869/2022,197/2023,197/2023,197/2023,197/2023,197/2023,197/2023,,,,,,,,,,,,,,,
98,1232,Ituzaingó,BUENOS AIRES,AGRICULTURA,,,,,,,,,,,,,,,,,,,,,,,,,,,,,,,,,,,,,,,,,,,,,,,,,,,
403,1522,Ituzaingó,CORRIENTES,AGRICULTURA,,,,,,,,,,,,,,,,,,,36/2022,36/2022,36/2022,36/2022,36/2022,36/2022,869/2022,869/2022,869/2022,869/2022,869/2022,869/2022,197/2023,197/2023,197/2023,197/2023,197/2023,197/2023,,,,,,,,,,,,,,,
5,1068,José C. Paz,BUENOS AIRES,AGRICULTURA,,,,,,,,,,,,,,,,,,,,,,,,,,,,,,,,,,,,,,,,,,,,,,,,,,,
199,1543,Juárez Celman,CÓRDOBA,AGRICULTURA,,,,,,,,,,,,,,,,,,,,,,,,,,,,,,,,,600/23,600/23,600/23,600/23,600/23,600/23,1523/23,1523/23,1523/23,1523/23,1523/23,1523/23,,,,,,,
88,1222,Junín,BUENOS AIRES,AGRICULTURA,,,,,,,,,,,,,,,,,,,,,,,,,56/2023,56/2023,56/2023,56/2023,56/2023,56/2023,317/2023,317/2023,317/2023,587/2023,587/2023,587/2023,587/2023,587/2023,587/2023,587/2023,946/2024,946/2024,946/2024,,,,,,,,
359,1469,La Capital,SANTA FE,AGRICULTURA,,,,,,,,,,,,,,,,,,,31/2022,31/2022,31/2022,31/2022,31/2022,31/2022,,,,,16/2023,16/2023,16/2023,16/2023,16/2023,16/2023,16/2023,750/2023,750/2023,750/2023,750/2023,1484/2023,1484/2023,1484/2023,1484/2023,1484/2023,1484/2023,,,,,,
23,1087,La Costa,BUENOS AIRES,AGRICULTURA,,,,,,,,,,,,,,,,,,,,,,,,,,,,,,,,,,,,,,,,,,,,,,,,,,,
9,1073,La Matanza,BUENOS AIRES,AGRICULTURA,,,,,,,,,,,,,,,,,,,,,,,,,,,,,,,,,,,,,,,,,,,,,,,,,,,
340,1365,La Paz,ENTRE RÍOS,AGRICULTURA,,,,,,,,,,,,,,,,,,,39/2022,39/2022,39/2022,39/2022,39/2022,39/2022,39/2022,,,,,98/2023,98/2023,98/2023,98/2023,98/2023,98/2023,98/2023,1070/2023,1070/2023,1070/2023,1070/2023,1070/2023,1070/2023,,,,,,,,,
152,1329,La Plata,BUENOS AIRES,AGRICULTURA,,,,,,,,,,,,,,,,,,,,,,,,,,,,317/2023,317/2023,317/2023,317/2023,317/2023,317/2023,587/2023,587/2023,587/2023,587/2023,587/2023,587/2023,587/2023,,,,,,,,,,,
278,1121,Laishi,FORMOSA,AGRICULTURA,201/2020,201/2020,201/2020,201/2020,201/2020,201/2020,,,,,,,,,,,,,49/2022,49/2022,49/2022,49/2022,49/2022,49/2022,,,,,,,,,,,,,,,,,,,,,,,,,,,
148,1320,Lanús,BUENOS AIRES,AGRICULTURA,,,,,,,,,,,,,,,,,,,,,,,,,,,,,,,,,,,,,,,,,,,,,,,,,,,
128,1263,Laprida,BUENOS AIRES,AGRICULTURA,,,,,,,,,,,,,,,,,,,,,,,,,208/2023,208/2023,208/2023,208/2023,317/2023,317/2023,317/2023,317/2023,317/2023,587/2023,587/2023,587/2023,587/2023,587/2023,587/2023,587/2023,,,,,,,,,,,
349,1428,Las Colonias,SANTA FE,AGRICULTURA,,,,,,,,,,,,,,,,,,,31/2022,31/2022,31/2022,31/2022,31/2022,31/2022,,,,,16/2023,16/2023,16/2023,16/2023,16/2023,16/2023,16/2023,750/2023,750/2023,750/2023,750/2023,1484/2023,1484/2023,1484/2023,1484/2023,1484/2023,1484/2023,,,,,,
2,1065,Las Flores,BUENOS AIRES,AGRICULTURA,,,,,,,,,,,,,,,,,,,,,,,,,,,,,,317/2023,317/2023,317/2023,317/2023,587/2023,587/2023,587/2023,587/2023,587/2023,587/2023,587/2023,,,,,,,,,,,
392,1511,Lavalle,CORRIENTES,AGRICULTURA,,,,,,,,,,,,,,,,,,,36/2022,36/2022,36/2022,36/2022,36/2022,36/2022,869/2022,869/2022,869/2022,869/2022,869/2022,869/2022,197/2023,197/2023,197/2023,197/2023,197/2023,197/2023,1620/2023,1620/2023,1620/2023,1620/2023,1620/2023,1620/2023,,,,,,,,,
140,1294,Leandro N. Alem,BUENOS AIRES,AGRICULTURA,,,,,,,,,,,,,,,,,,,,,,,,,317/2023,317/2023,317/2023,317/2023,317/2023,317/2023,317/2023,317/2023,317/2023,587/2023,587/2023,587/2023,587/2023,587/2023,587/2023,587/2023,,,,,,,,,,,
370,1486,Leandro N. Alem,MISIONES,AGRICULTURA,,,,,285/2020,285/2020,285/2020,285/2020,285/2020,285/2020,285/2020,,,,,,,,21/2022,21/2022,21/2022,21/2022,21/2022,21/2022,,,,,,,,,,,,,,,,,,,,,,,,,,,
36,1110,Lezama,BUENOS AIRES,AGRICULTURA,,,,,,,,,,,,,,,,,,,,,,,,,,,,317/2023,317/2023,317/2023,317/2023,317/2023,317/2023,587/2023,587/2023,587/2023,587/2023,587/2023,587/2023,587/2023,,,,,,,,,,,
323,1324,Libertad,CHACO,AGRICULTURA,,,,224/2020,224/2020,224/2020,224/2020,224/2020,224/2020,69/2021,69/2021,69/2021,69/2021,69/2021,69/2021,,,,,41/22,41/22,41/22,41/22,41/22,41/22,,,,,,194/23,194/23,194/23,194/23,194/23,194/23,194/23,,,,,,,,,,,,,,
312,1295,Libertador General San Martín,CHACO,AGRICULTURA,,,,224/2020,224/2020,224/2020,224/2020,224/2020,224/2020,69/2021,69/2021,69/2021,69/2021,69/2021,69/2021,,,,,41/22,41/22,41/22,41/22,41/22,41/22,,,,,,194/23,194/23,194/23,194/23,194/23,194/23,194/23,,,,,,,,,,,,,,
379,1495,Libertador General San Martín,MISIONES,AGRICULTURA,,,,,285/2020,285/2020,285/2020,285/2020,285/2020,285/2020,285/2020,,,,,,,,21/2022,21/2022,21/2022,21/2022,21/2022,21/2022,,,,,,,,,,,,,,,,,,,,,,,,,,,
168,1435,Lihuel Calel,LA PAMPA,AGRICULTURA,,,,,,,,,,,,,,,,,,,,,,,,,,,,,,,,,,,,,,,,986/2024,986/2024,986/2024,986/2024,986/2024,986/2024,986/2024,986/2024,986/2024,986/2024,986/2024,986/2024
170,1437,Limay Mahuida,LA PAMPA,AGRICULTURA,,,,,,,,,,,,,,,,,,,,,,,,,,,538/2023,538/2023,538/2023,538/2023,538/2023,538/2023,538/2023,928/2023,928/2023,928/2023,1485/2023,1485/2023,1485/2023,986/2024,986/2024,986/2024,986/2024,986/2024,986/2024,986/2024,986/2024,986/2024,986/2024,986/2024,986/2024
97,1231,Lincoln,BUENOS AIRES,AGRICULTURA,,,,,,,,,,,,,,,,,,,,,,,,,208/2023,208/2023,208/2023,208/2023,208/2023,208/2023,317/2023,317/2023,317/2023,587/2023,587/2023,587/2023,587/2023,587/2023,587/2023,587/2023,946/2024,946/2024,946/2024,,,,,,,,
134,1270,Lobería,BUENOS AIRES,AGRICULTURA,,,,,,,,,,,,,,,,,,,,,,,,,,,,,,,,,,,,,,,,,,,,,,,,,,,
113,1248,Lobos,BUENOS AIRES,AGRICULTURA,,,,,,,,,,,,,,,,,,,,,,,,,,,,56/2023,56/2023,56/2023,317/2023,317/2023,317/2023,587/2023,587/2023,587/2023,587/2023,587/2023,587/2023,587/2023,946/2024,946/2024,946/2024,,,,,,,,
149,1321,Lomas de Zamora,BUENOS AIRES,AGRICULTURA,,,,,,,,,,,,,,,,,,,,,,,,,,,,,,,,,,,,,,,,,,,,,,,,,,,
179,1448,Loventué,LA PAMPA,AGRICULTURA,,,,,,,,,,,,,,,,,,,,,,,,,,,538/2023,538/2023,538/2023,538/2023,538/2023,538/2023,538/2023,928/2023,928/2023,928/2023,1485/2023,1485/2023,1485/2023,986/2024,986/2024,986/2024,986/2024,986/2024,986/2024,986/2024,986/2024,986/2024,986/2024,986/2024,986/2024
91,1225,Luján,BUENOS AIRES,AGRICULTURA,,,,,,,,,,,,,,,,,,,,,,,,,208/2023,208/2023,208/2023,208/2023,208/2023,208/2023,317/2023,317/2023,317/2023,587/2023,587/2023,587/2023,587/2023,587/2023,587/2023,587/2023,946/2024,946/2024,946/2024,,,,,,,,
24,1088,Magdalena,BUENOS AIRES,AGRICULTURA,,,,,,,,,,,,,,,,,,,,,,,,,,,,56/2023,56/2023,56/2023,317/2023,317/2023,317/2023,587/2023,587/2023,587/2023,587/2023,587/2023,587/2023,587/2023,946/2024,946/2024,946/2024,,,,,,,,
7,1070,Maipú,BUENOS AIRES,AGRICULTURA,,,,,,,,,,,,,,,,,,,,,,,,,208/2023,208/2023,208/2023,208/2023,208/2023,208/2023,317/2023,317/2023,317/2023,587/2023,587/2023,587/2023,587/2023,587/2023,587/2023,587/2023,946/2024,946/2024,946/2024,,,,,,,,
297,1183,Maipú,CHACO,AGRICULTURA,,,,224/2020,224/2020,224/2020,224/2020,224/2020,224/2020,69/2021,69/2021,69/2021,69/2021,69/2021,69/2021,,,,,41/22,41/22,41/22,41/22,41/22,41/22,,,,,,194/23,194/23,194/23,194/23,194/23,194/23,194/23,,,,,,,,,,,,,,
95,1229,Malvinas Argentinas,BUENOS AIRES,AGRICULTURA,,,,,,,,,,,,,,,,,,,,,,,,,,,,,,,,,,,,,,,,,,,,,,,,,,,
19,1083,Mar Chiquita,BUENOS AIRES,AGRICULTURA,,,,,,,,,,,,,,,,,,,,,,,,,,,,,,,,,,,,,,,,,,,,,,,,,,,
172,1439,Maracó,LA PAMPA,AGRICULTURA,,,,,,,,,,,,,,,,,,,,,,,,,,,,,,,,,,,,,,,,986/2024,986/2024,986/2024,986/2024,986/2024,986/2024,986/2024,986/2024,986/2024,986/2024,986/2024,986/2024
201,1550,Marcos Juárez,CÓRDOBA,AGRICULTURA,,,,,,,,,,,,,,,,,,,,,,,,,,,,,,,290/2023,290/2023,290/2023,290/2023,290/2023,290/2023,1523/2023,1523/2023,1523/23,1523/23,1523/23,1523/23,1523/23,1523/23,,,,,,,
106,1241,Marcos Paz,BUENOS AIRES,AGRICULTURA,,,,,,,,,,,,,,,,,,,,,,,,,317/2023,317/2023,317/2023,317/2023,317/2023,317/2023,317/2023,317/2023,317/2023,587/2023,587/2023,587/2023,587/2023,587/2023,587/2023,587/2023,,,,,,,,,,,
456,1152,Matacos,FORMOSA,AGRICULTURA,201/2020,201/2020,201/2020,201/2020,201/2020,201/2020,,,,,,,,,,,,,49/2022,49/2022,49/2022,49/2022,49/2022,49/2022,,,,,,,,,,,,,,,,,,,,,,,,,,,
289,1162,Mayor Luis J. Fontana,CHACO,AGRICULTURA,,,,224/2020,224/2020,224/2020,224/2020,224/2020,224/2020,69/2021,69/2021,69/2021,69/2021,69/2021,69/2021,,,,,,,,,,,,,,,,194/23,194/23,194/23,194/23,194/23,194/23,194/23,,,,,,,,,,,,,,
384,1503,Mburucuyá,CORRIENTES,AGRICULTURA,,,,,,,,,,,,,,,,,,,36/2022,36/2022,36/2022,36/2022,36/2022,36/2022,869/2022,869/2022,869/2022,869/2022,869/2022,869/2022,197/2023,197/2023,197/2023,197/2023,197/2023,197/2023,,,,,,,,,,,,,,,
89,1223,Mercedes,BUENOS AIRES,AGRICULTURA,,,,,,,,,,,,,,,,,,,,,,,,,208/2023,208/2023,208/2023,208/2023,208/2023,208/2023,317/2023,317/2023,317/2023,587/2023,587/2023,587/2023,587/2023,587/2023,587/2023,587/2023,,,,,,,,,,,
386,1505,Mercedes,CORRIENTES,AGRICULTURA,,,,,,,,,,,,,,,,,,,36/2022,36/2022,36/2022,36/2022,36/2022,36/2022,869/2022,869/2022,869/2022,869/2022,869/2022,869/2022,197/2023,197/2023,197/2023,197/2023,197/2023,197/2023,1620/2023,1620/2023,1620/2023,1620/2023,1620/2023,1620/2023,,,,,,,,,
79,1213,Merlo,BUENOS AIRES,AGRICULTURA,,,,,,,,,,,,,,,,,,,,,,,,,,,,,,,,,,,,,,,,,,,,,,,,,,,
412,1531,Minas,CÓRDOBA,AGRICULTURA,,,,,,,,,,,,,,,,,,,,,,,,,,,,,,,,,,,,,,,,,,,,,,,,,,,
76,1210,Monte,BUENOS AIRES,AGRICULTURA,,,,,,,,,,,,,,,,,,,,,,,,,,,,208/2023,208/2023,208/2023,317/2023,317/2023,317/2023,587/2023,587/2023,587/2023,587/2023,587/2023,587/2023,587/2023,946/2024,946/2024,946/2024,,,,,,,,
397,1516,Monte Caseros,CORRIENTES,AGRICULTURA,,,,,,,,,,,,,,,,,,,36/2022,36/2022,36/2022,36/2022,36/2022,36/2022,869/2022,869/2022,869/2022,869/2022,869/2022,869/2022,197/2023,197/2023,197/2023,197/2023,197/2023,197/2023,1620/2023,1620/2023,1620/2023,1620/2023,1620/2023,1620/2023,,,,,,,,,
133,1269,Monte Hermoso,BUENOS AIRES,AGRICULTURA,,,,,,,,,,,,,,,,,,,,,,,,,,,,,,,,,,,,,,,,,,,,,,,,,,,
366,1482,Montecarlo,MISIONES,AGRICULTURA,,,,,285/2020,285/2020,285/2020,285/2020,285/2020,285/2020,285/2020,,,,,,,,21/2022,21/2022,21/2022,21/2022,21/2022,21/2022,,,,,,,,,,,,,,,,,,,,,,,,,,,
8,1072,Moreno,BUENOS AIRES,AGRICULTURA,,,,,,,,,,,,,,,,,,,,,,,,,,,,,,,,,,,,,,,,,,,,,,,,,,,
93,1227,Morón,BUENOS AIRES,AGRICULTURA,,,,,,,,,,,,,,,,,,,,,,,,,,,,,,,,,,,,,,,,,,,,,,,,,,,
110,1245,Navarro,BUENOS AIRES,AGRICULTURA,,,,,,,,,,,,,,,,,,,,,,,,,,,,208/2023,208/2023,208/2023,317/2023,317/2023,317/2023,587/2023,587/2023,587/2023,587/2023,587/2023,587/2023,587/2023,946/2024,946/2024,946/2024,,,,,,,,
35,1105,Necochea,BUENOS AIRES,AGRICULTURA,,,,,,,,,,,,,,,,,,,,,,,,,587/2023,587/2023,587/2023,587/2023,587/2023,587/2023,587/2023,587/2023,587/2023,587/2023,587/2023,587/2023,587/2023,587/2023,587/2023,587/2023,,,,,,,,,,,
338,1363,Nogoyá,ENTRE RÍOS,AGRICULTURA,,,,,,,,,,,,,,,,,,,39/2022,39/2022,39/2022,39/2022,39/2022,39/2022,39/2022,,,,,98/2023,98/2023,98/2023,98/2023,98/2023,98/2023,98/2023,1070/2023,1070/2023,1070/2023,1070/2023,1070/2023,1070/2023,,,,,,,,,
269,1071,O'Higgins,CHACO,AGRICULTURA,,,,224/2020,224/2020,224/2020,224/2020,224/2020,224/2020,69/2021,69/2021,69/2021,69/2021,69/2021,69/2021,,,,,,,,,,,,,,,,194/23,194/23,194/23,194/23,194/23,194/23,194/23,,,,,,,,,,,,,,
368,1484,Oberá,MISIONES,AGRICULTURA,,,,,285/2020,285/2020,285/2020,285/2020,285/2020,285/2020,285/2020,,,,,,,,21/2022,21/2022,21/2022,21/2022,21/2022,21/2022,,,,,,,,,,,,,,,,,,,,,,,,,,,
78,1212,Olavarría,BUENOS AIRES,AGRICULTURA,,,,,,,,,,,,,,,,,,,,,,,,,,,,,,,,,,,,,,,,,,,,,,,,,,,
342,1367,Paraná,ENTRE RÍOS,AGRICULTURA,,,,,,,,,,,,,,,,,,,39/2022,39/2022,39/2022,39/2022,39/2022,39/2022,39/2022,,,,,98/2023,98/2023,98/2023,98/2023,98/2023,98/2023,98/2023,1070/2023,1070/2023,1070/2023,1070/2023,1070/2023,1070/2023,,,,,,,,,
398,1517,Paso de los Libres,CORRIENTES,AGRICULTURA,,,,,,,,,,,,,,,,,,,36/2022,36/2022,36/2022,36/2022,36/2022,36/2022,869/2022,869/2022,869/2022,869/2022,869/2022,869/2022,197/2023,197/2023,197/2023,197/2023,197/2023,197/2023,1620/2023,1620/2023,1620/2023,1620/2023,1620/2023,1620/2023,,,,,,,,,
142,1298,Patagones,BUENOS AIRES,AGRICULTURA,,,,,,,48/2022,48/2022,48/2022,48/2022,48/2022,48/2022,48/2022,48/2022,48/2022,48/2022,48/2022,48/2022,,,,,,,,,,,,,1612/2023,1612/2023,1612/2023,1612/2023,1612/2023,1612/2023,1612/2023,1612/2023,1612/2023,1612/2023,946/2024,946/2024,946/2024,,,,,,,,
282,1149,Patiño,FORMOSA,AGRICULTURA,201/2020,201/2020,201/2020,201/2020,201/2020,201/2020,,,,,,,,,,,,,49/2022,49/2022,49/2022,49/2022,49/2022,49/2022,,,,,,,,,,,,,,,,,,,,,,,,,,,
73,1207,Pehuajó,BUENOS AIRES,AGRICULTURA,,,,,,,,,,,,,,,,,,,,,,,,,,,,,,,,,1612/2023,1612/2023,1612/2023,1612/2023,1612/2023,1612/2023,1612/2023,1612/2023,,,,,,,,,,,
45,1131,Pellegrini,BUENOS AIRES,AGRICULTURA,,,,,,,,,,,,,,,,,,,,,,,,,,,,,,,,,,,,,,,,,,,,,,,,,,,
56,1159,Pergamino,BUENOS AIRES,AGRICULTURA,,,,,,,,,,,,,,,,,,,,,,,,208/2023,208/2023,208/2023,208/2023,208/2023,317/2023,317/2023,317/2023,317/2023,317/2023,587/2023,587/2023,587/2023,587/2023,587/2023,587/2023,587/2023,946/2024,946/2024,946/2024,,,,,,,,
153,1346,Pila,BUENOS AIRES,AGRICULTURA,,,,,,,,,,,,,,,,,,,,,,,,,,,,317/2023,317/2023,317/2023,317/2023,317/2023,317/2023,587/2023,587/2023,587/2023,587/2023,587/2023,587/2023,587/2023,946/2024,946/2024,946/2024,,,,,,,,
277,1120,Pilagás,FORMOSA,AGRICULTURA,201/2020,201/2020,201/2020,201/2020,201/2020,201/2020,,,,,,,,,,,,,49/2022,49/2022,49/2022,49/2022,49/2022,49/2022,,,,,,,,,,,,,,,,,,,,,,,,,,,
90,1224,Pilar,BUENOS AIRES,AGRICULTURA,,,,,,,,,,,,,,,,,,,,,,,,,,,,,,,,,,,,,,,,,,,,,,,,,,,
311,1293,Pilcomayo,FORMOSA,AGRICULTURA,201/2020,201/2020,201/2020,201/2020,201/2020,201/2020,,,,,,,,,,,,,49/2022,49/2022,49/2022,49/2022,49/2022,49/2022,,,,,,,,,,,,,,,,,,,,,,,,,,,
21,1085,Pinamar,BUENOS AIRES,AGRICULTURA,,,,,,,,,,,,,,,,,,,,,,,,,,,,,,,,,,,,,,,,,,,,,,,,,,,
279,1122,Pirané,FORMOSA,AGRICULTURA,201/2020,201/2020,201/2020,201/2020,201/2020,201/2020,,,,,,,,,,,,,49/2022,49/2022,49/2022,49/2022,49/2022,49/2022,,,,,,,,,,,,,,,,,,,,,,,,,,,
425,1552,Pocho,CÓRDOBA,AGRICULTURA,,,,,,,,,,,,,,,,,,,,,,,,,,,,,,,,,600/23,600/23,600/23,600/23,600/23,600/23,1523/23,1523/23,1523/23,1523/23,1523/23,1523/23,,,,,,,
286,1158,Presidencia de la Plaza,CHACO,AGRICULTURA,,,,224/2020,224/2020,224/2020,224/2020,224/2020,224/2020,69/2021,69/2021,69/2021,69/2021,69/2021,69/2021,,,,,41/22,41/22,41/22,41/22,41/22,41/22,,,,,,194/23,194/23,194/23,194/23,194/23,194/23,194/23,,,,,,,,,,,,,,
67,1201,Presidente Perón,BUENOS AIRES,AGRICULTURA,,,,,,,,,,,,,,,,,,,,,,,,,,,,,,,,,,,,,,,,,,,,,,,,,,,
197,1538,Presidente Roque Sáenz Peña,CÓRDOBA,AGRICULTURA,,,,,,,,,,,,,,,,,,,,,,,,,,,,,,,,,600/23,600/23,600/23,600/23,600/23,600/23,1523/23,1523/23,1523/23,1523/23,1523/23,1523/23,,,,,,,
46,1132,Puán,BUENOS AIRES,AGRICULTURA,,,,,,,,,,,,,,,,,,,,,,,,,,,,,,,,,,,,,,,,,946/2024,946/2024,946/2024,,,,,,,,
509,1446,Puelén,LA PAMPA,AGRICULTURA,,,,,,,,,,,,,,,,,,,,,,,,,,,,,,,,,,,,,,,,986/2024,986/2024,986/2024,986/2024,986/2024,986/2024,986/2024,986/2024,986/2024,986/2024,986/2024,986/2024
410,1529,Punilla,CÓRDOBA,AGRICULTURA,,,,,,,,,,,,,,,,,,,,,,,,,,,,,,,,,600/23,600/23,600/23,600/23,600/23,600/23,1523/23,1523/23,1523/23,1523/23,1523/23,1523/23,,,,,,,
38,1112,Punta Indio,BUENOS AIRES,AGRICULTURA,,,,,,,,,,,,,,,,,,,,,,,,,,,,208/2023,208/2023,208/2023,317/2023,317/2023,317/2023,587/2023,587/2023,587/2023,587/2023,587/2023,587/2023,587/2023,,,,,,,,,,,
188,1473,Quemú Quemú,LA PAMPA,AGRICULTURA,,,,,,,,,,,,,,,,,,,,,,,,,,,,,,,,,,,,,,,,,,,,,,,,,,,
115,1250,Quilmes,BUENOS AIRES,AGRICULTURA,,,,,,,,,,,,,,,,,,,,,,,,,,,,,,,,,,,,,,,,,,,,,,,,,,,
285,1157,Quitilipi,CHACO,AGRICULTURA,,,,224/2020,224/2020,224/2020,224/2020,224/2020,224/2020,69/2021,69/2021,69/2021,69/2021,69/2021,69/2021,,,,,41/22,41/22,41/22,41/22,41/22,41/22,,,,,,194/23,194/23,194/23,194/23,194/23,194/23,194/23,,,,,,,,,,,,,,
138,1274,Ramallo,BUENOS AIRES,AGRICULTURA,,,,,,,,,,,,,,,,,,,,,,,,,,,,56/2023,56/2023,56/2023,317/2023,317/2023,317/2023,587/2023,587/2023,587/2023,587/2023,587/2023,587/2023,587/2023,946/2024,946/2024,946/2024,,,,,,,,
479,1312,Ramón Lista,FORMOSA,AGRICULTURA,201/2020,201/2020,201/2020,201/2020,201/2020,201/2020,,,,,,,,,,,,,49/2022,49/2022,49/2022,49/2022,49/2022,49/2022,,,,,,,,,,,,,,,,,,,,,,,,,,,
167,1434,Rancul,LA PAMPA,AGRICULTURA,,,,,,,,,,,,,,,,,,,,,,,,,,,538/2023,538/2023,538/2023,538/2023,538/2023,538/2023,538/2023,928/2023,928/2023,928/2023,1485/2023,1485/2023,1485/2023,986/2024,986/2024,986/2024,986/2024,986/2024,986/2024,986/2024,986/2024,986/2024,986/2024,986/2024,986/2024
26,1096,Rauch,BUENOS AIRES,AGRICULTURA,,,,,,,,,,,,,,,,,,,,,,,,,208/2023,208/2023,208/2023,208/2023,208/2023,208/2023,317/2023,317/2023,317/2023,587/2023,587/2023,587/2023,587/2023,587/2023,587/2023,587/2023,946/2024,946/2024,946/2024,,,,,,,,
173,1440,Realicó,LA PAMPA,AGRICULTURA,,,,,,,,,,,,,,,,,,,,,,,,,,,538/2023,538/2023,538/2023,538/2023,538/2023,538/2023,538/2023,928/2023,928/2023,928/2023,1485/2023,1485/2023,1485/2023,986/2024,986/2024,986/2024,986/2024,986/2024,986/2024,986/2024,986/2024,986/2024,986/2024,986/2024,986/2024
196,1537,Río Cuarto,CÓRDOBA,AGRICULTURA,,,,,,,,,,,,,,,,,,,,,,,,,,,,,,,,,600/23,600/23,600/23,600/23,600/23,600/23,1523/23,1523/23,1523/23,1523/23,1523/23,1523/23,,,,,,,
423,1549,Río Primero,CÓRDOBA,AGRICULTURA,,,,,,,,,,,,,,,,,,,,,,,,,,,,,,,,,600/23,600/23,600/23,600/23,600/23,600/23,1523/23,1523/23,1523/23,1523/23,1523/23,1523/23,,,,,,,
416,1540,Río Seco,CÓRDOBA,AGRICULTURA,,,,,,,,,,,,,,,,,,,,,,,,,,,,,,,,,600/23,600/23,600/23,600/23,600/23,600/23,1523/23,1523/23,1523/23,1523/23,1523/23,1523/23,,,,,,,
414,1533,Río Segundo,CÓRDOBA,AGRICULTURA,,,,,,,,,,,,,,,,,,,,,,,,,,,,,,,,,600/23,600/23,600/23,600/23,600/23,600/23,1523/23,1523/23,1523/23,1523/23,1523/23,1523/23,,,,,,,
182,1456,Rivadavia,BUENOS AIRES,AGRICULTURA,,,,,,,,,,,,,,,,,,,,,,,,,,,,,,,,1612/2023,1612/2023,1612/2023,1612/2023,1612/2023,1612/2023,1612/2023,1612/2023,1612/2023,946/2024,946/2024,946/2024,,,,,,,,
3,1066,Rojas,BUENOS AIRES,AGRICULTURA,,,,,,,,,,,,,,,,,,,,,,,,,,,,56/2023,56/2023,56/2023,317/2023,317/2023,317/2023,587/2023,587/2023,587/2023,587/2023,587/2023,587/2023,587/2023,946/2024,946/2024,946/2024,,,,,,,,
77,1211,Roque Pérez,BUENOS AIRES,AGRICULTURA,,,,,,,,,,,,,,,,,,,,,,,,,208/2023,208/2023,208/2023,208/2023,208/2023,208/2023,317/2023,317/2023,317/2023,587/2023,587/2023,587/2023,587/2023,587/2023,587/2023,587/2023,,,,,,,,,,,
163,1426,Rosario,SANTA FE,AGRICULTURA,,,,,,,,,,,,,,,,,,,31/2022,31/2022,31/2022,31/2022,31/2022,31/2022,,,,,16/2023,16/2023,16/2023,16/2023,16/2023,16/2023,16/2023,750/2023,750/2023,750/2023,750/2023,1484/2023,1484/2023,1484/2023,1484/2023,1484/2023,1484/2023,,,,,,
132,1268,Saavedra,BUENOS AIRES,AGRICULTURA,,,,,,,,,,,,,,,,,,,,,,,,,317/2023,317/2023,317/2023,317/2023,317/2023,317/2023,317/2023,317/2023,317/2023,,,,,,,,946/2024,946/2024,946/2024,,,,,,,,
390,1509,Saladas,CORRIENTES,AGRICULTURA,,,,,,,,,,,,,,,,,,,36/2022,36/2022,36/2022,36/2022,36/2022,36/2022,869/2022,869/2022,869/2022,869/2022,869/2022,869/2022,197/2023,197/2023,197/2023,197/2023,197/2023,197/2023,,,,,,,,,,,,,,,
1,1064,Saladillo,BUENOS AIRES,AGRICULTURA,,,,,,,,,,,,,,,,,,,,,,,,,,,,587/2023,587/2023,587/2023,587/2023,587/2023,587/2023,587/2023,587/2023,587/2023,587/2023,587/2023,587/2023,587/2023,946/2024,946/2024,946/2024,,,,,,,,
27,1097,Salliqueló,BUENOS AIRES,AGRICULTURA,,,,,,,,,,,,,,,,,,,,,,,,,,,,,,,,,,,,,,,,,,,,,,,,,,,
84,1218,Salto,BUENOS AIRES,AGRICULTURA,,,,,,,,,,,,,,,,,,,,,,,,,,,56/2023,56/2023,56/2023,56/2023,317/2023,317/2023,317/2023,587/2023,587/2023,587/2023,587/2023,587/2023,587/2023,587/2023,,,,,,,,,,,
413,1532,San Alberto,CÓRDOBA,AGRICULTURA,,,,,,,,,,,,,,,,,,,,,,,,,,,,,,,,,600/23,600/23,600/23,600/23,600/23,600/23,1523/23,1523/23,1523/23,1523/23,1523/23,1523/23,,,,,,,
87,1221,San Andrés de Giles,BUENOS AIRES,AGRICULTURA,,,,,,,,,,,,,,,,,,,,,,,,,208/2023,208/2023,208/2023,208/2023,208/2023,208/2023,317/2023,317/2023,317/2023,587/2023,587/2023,587/2023,587/2023,587/2023,587/2023,587/2023,946/2024,946/2024,946/2024,,,,,,,,
6,1069,San Antonio de Areco,BUENOS AIRES,AGRICULTURA,,,,,,,,,,,,,,,,,,,,,,,,,,,,317/2023,317/2023,317/2023,317/2023,317/2023,317/2023,587/2023,587/2023,587/2023,587/2023,587/2023,587/2023,587/2023,946/2024,946/2024,946/2024,,,,,,,,
32,1102,San Cayetano,BUENOS AIRES,AGRICULTURA,,,,,,,,,,,,,,,,,,,,,,,,,587/2023,587/2023,587/2023,587/2023,587/2023,587/2023,,,,,,,,,,,,,,,,,,,,,
406,1525,San Cosme,CORRIENTES,AGRICULTURA,,,,,,,,,,,,,,,,,,,36/2022,36/2022,36/2022,36/2022,36/2022,36/2022,869/2022,869/2022,869/2022,869/2022,869/2022,869/2022,197/2023,197/2023,197/2023,197/2023,197/2023,197/2023,,,,,,,,,,,,,,,
358,1468,San Cristóbal,SANTA FE,AGRICULTURA,,,,,,,,,,,,,,,,,,,31/2022,31/2022,31/2022,31/2022,31/2022,31/2022,,,,,16/2023,16/2023,16/2023,16/2023,16/2023,16/2023,16/2023,750/2023,750/2023,750/2023,750/2023,1484/2023,1484/2023,1484/2023,1484/2023,1484/2023,1484/2023,,,,,,
180,1450,San Fernando,BUENOS AIRES,AGRICULTURA,,,,,,,,,,,,,,,,,,,,,,,,,,,,,,,,,,,,,,,,,,,,,,,,,,,
319,1317,San Fernando,CHACO,AGRICULTURA,,,,224/2020,224/2020,224/2020,224/2020,224/2020,224/2020,69/2021,69/2021,69/2021,69/2021,69/2021,69/2021,,,,,41/22,41/22,41/22,41/22,41/22,41/22,,,,,,194/23,194/23,194/23,194/23,194/23,194/23,194/23,,,,,,,,,,,,,,
364,1480,San Ignacio,MISIONES,AGRICULTURA,,,,,285/2020,285/2020,285/2020,285/2020,285/2020,285/2020,285/2020,,,,,,,,21/2022,21/2022,21/2022,21/2022,21/2022,21/2022,,,,,,,,,,,,,,,,,,,,,,,,,,,
129,1264,San Isidro,BUENOS AIRES,AGRICULTURA,,,,,,,,,,,,,,,,,,,,,,,,,,,,,,,,,,,,,,,,,,,,,,,,,,,
360,1470,San Javier,SANTA FE,AGRICULTURA,,,,,,,,,,,,,,,,,,,31/2022,31/2022,31/2022,31/2022,31/2022,31/2022,,,,,16/2023,16/2023,16/2023,16/2023,16/2023,16/2023,16/2023,750/2023,750/2023,750/2023,750/2023,1484/2023,1484/2023,1484/2023,1484/2023,1484/2023,1484/2023,,,,,,
371,1487,San Javier,MISIONES,AGRICULTURA,,,,,285/2020,285/2020,285/2020,285/2020,285/2020,285/2020,285/2020,,,,,,,,21/2022,21/2022,21/2022,21/2022,21/2022,21/2022,,,,,,,,,,,,,,,,,,,,,,,,,,,
422,1548,San Javier,CÓRDOBA,AGRICULTURA,,,,,,,,,,,,,,,,,,,,,,,,,,,,,,,,,,,,,,,,,,,,,,,,,,,
362,1478,San Jerónimo,SANTA FE,AGRICULTURA,,,,,,,,,,,,,,,,,,,31/2022,31/2022,31/2022,31/2022,31/2022,31/2022,,,,,16/2023,16/2023,16/2023,16/2023,16/2023,16/2023,16/2023,750/2023,750/2023,750/2023,750/2023,1484/2023,1484/2023,1484/2023,1484/2023,1484/2023,1484/2023,,,,,,
350,1429,San Justo,SANTA FE,AGRICULTURA,,,,,,,,,,,,,,,,,,,31/2022,31/2022,31/2022,31/2022,31/2022,31/2022,,,,,16/2023,16/2023,16/2023,16/2023,16/2023,16/2023,16/2023,750/2023,750/2023,750/2023,750/2023,1484/2023,1484/2023,1484/2023,1484/2023,1484/2023,1484/2023,,,,,,
415,1534,San Justo,CÓRDOBA,AGRICULTURA,,,,,,,,,,,,,,,,,,,,,,,,,,,,,,,290/2023,290/2023,290/2023,290/2023,290/2023,290/2023,1523/2023,1523/2023,1523/23,1523/23,1523/23,1523/23,1523/23,1523/23,,,,,,,
185,1465,San Lorenzo,SANTA FE,AGRICULTURA,,,,,,,,,,,,,,,,,,,31/2022,31/2022,31/2022,31/2022,31/2022,31/2022,,,,,16/2023,16/2023,16/2023,16/2023,16/2023,16/2023,16/2023,750/2023,750/2023,750/2023,750/2023,1484/2023,1484/2023,1484/2023,1484/2023,1484/2023,1484/2023,,,,,,
320,1318,San Lorenzo,CHACO,AGRICULTURA,,,,224/2020,224/2020,224/2020,224/2020,224/2020,224/2020,69/2021,69/2021,69/2021,69/2021,69/2021,69/2021,,,,,,,,,,,,,,,,194/23,194/23,194/23,194/23,194/23,194/23,194/23,,,,,,,,,,,,,,
383,1502,San Luis del Palmar,CORRIENTES,AGRICULTURA,,,,,,,,,,,,,,,,,,,36/2022,36/2022,36/2022,36/2022,36/2022,36/2022,869/2022,869/2022,869/2022,869/2022,869/2022,869/2022,197/2023,197/2023,197/2023,197/2023,197/2023,197/2023,,,,,,,,,,,,,,,
352,1454,San Martín,SANTA FE,AGRICULTURA,,,,,,,,,,,,,,,,,,,31/2022,31/2022,31/2022,31/2022,31/2022,31/2022,,,,,16/2023,16/2023,16/2023,16/2023,16/2023,16/2023,16/2023,750/2023,750/2023,750/2023,750/2023,1484/2023,1484/2023,1484/2023,1484/2023,1484/2023,1484/2023,,,,,,
399,1518,San Martín,CORRIENTES,AGRICULTURA,,,,,,,,,,,,,,,,,,,36/2022,36/2022,36/2022,36/2022,36/2022,36/2022,869/2022,869/2022,869/2022,869/2022,869/2022,869/2022,197/2023,197/2023,197/2023,197/2023,197/2023,197/2023,,,,,,,,,,,,,,,
86,1220,San Miguel,BUENOS AIRES,AGRICULTURA,,,,,,,,,,,,,,,,,,,,,,,,,,,,,,,,,,,,,,,,,,,,,,,,,,,
402,1521,San Miguel,CORRIENTES,AGRICULTURA,,,,,,,,,,,,,,,,,,,36/2022,36/2022,36/2022,36/2022,36/2022,36/2022,869/2022,869/2022,869/2022,869/2022,869/2022,869/2022,197/2023,197/2023,197/2023,197/2023,197/2023,197/2023,,,,,,,,,,,,,,,
139,1275,San Nicolás,BUENOS AIRES,AGRICULTURA,,,,,,,,,,,,,,,,,,,,,,,,,208/2023,208/2023,208/2023,208/2023,208/2023,208/2023,317/2023,317/2023,317/2023,587/2023,587/2023,587/2023,587/2023,587/2023,587/2023,587/2023,,,,,,,,,,,
146,1305,San Pedro,BUENOS AIRES,AGRICULTURA,,,,,,,,,,,,,,,,,,,,,,,,56/2023,56/2023,56/2023,56/2023,56/2023,56/2023,56/2023,317/2023,317/2023,317/2023,587/2023,587/2023,587/2023,587/2023,587/2023,587/2023,587/2023,,,,,,,,,,,
375,1491,San Pedro,MISIONES,AGRICULTURA,,,,,285/2020,285/2020,285/2020,285/2020,285/2020,285/2020,285/2020,,,,,,,,21/2022,21/2022,21/2022,21/2022,21/2022,21/2022,,,,,,,,,,,,,,,,,,,,,,,,,,,
387,1506,San Roque,CORRIENTES,AGRICULTURA,,,,,,,,,,,,,,,,,,,36/2022,36/2022,36/2022,36/2022,36/2022,36/2022,869/2022,869/2022,869/2022,869/2022,869/2022,869/2022,197/2023,197/2023,197/2023,197/2023,197/2023,197/2023,1620/2023,1620/2023,1620/2023,1620/2023,1620/2023,1620/2023,,,,,,,,,
337,1362,San Salvador,ENTRE RÍOS,AGRICULTURA,,,,,,,,,,,,,,,,,,,39/2022,39/2022,39/2022,39/2022,39/2022,39/2022,39/2022,,,,,98/2023,98/2023,98/2023,98/2023,98/2023,98/2023,98/2023,1070/2023,1070/2023,1070/2023,1070/2023,1070/2023,1070/2023,,,,,,,,,
112,1247,San Vicente,BUENOS AIRES,AGRICULTURA,,,,,,,,,,,,,,,,,,,,,,,,,,,,56/2023,56/2023,56/2023,317/2023,317/2023,317/2023,587/2023,587/2023,587/2023,587/2023,587/2023,587/2023,587/2023,,,,,,,,,,,
411,1530,Santa María,CÓRDOBA,AGRICULTURA,,,,,,,,,,,,,,,,,,,,,,,,,,,,,,,,,600/23,600/23,600/23,600/23,600/23,600/23,1523/23,1523/23,1523/23,1523/23,1523/23,1523/23,,,,,,,
401,1520,Santo Tomé,CORRIENTES,AGRICULTURA,,,,,,,,,,,,,,,,,,,36/2022,36/2022,36/2022,36/2022,36/2022,36/2022,869/2022,869/2022,869/2022,869/2022,869/2022,869/2022,197/2023,197/2023,197/2023,197/2023,197/2023,197/2023,,,,,,,,,,,,,,,
287,1160,Sargento Cabral,CHACO,AGRICULTURA,,,,224/2020,224/2020,224/2020,224/2020,224/2020,224/2020,69/2021,69/2021,69/2021,69/2021,69/2021,69/2021,,,,,41/22,41/22,41/22,41/22,41/22,41/22,,,,,,194/23,194/23,194/23,194/23,194/23,194/23,194/23,,,,,,,,,,,,,,
395,1514,Sauce,CORRIENTES,AGRICULTURA,,,,,,,,,,,,,,,,,,,36/2022,36/2022,36/2022,36/2022,36/2022,36/2022,869/2022,869/2022,869/2022,869/2022,869/2022,869/2022,197/2023,197/2023,197/2023,197/2023,197/2023,197/2023,1620/2023,1620/2023,1620/2023,1620/2023,1620/2023,1620/2023,,,,,,,,,
417,1541,Sobremonte,CÓRDOBA,AGRICULTURA,,,,,,,,,,,,,,,,,,,,,,,,,,,,,,,,,600/23,600/23,600/23,600/23,600/23,600/23,1523/23,1523/23,1523/23,1523/23,1523/23,1523/23,,,,,,,
100,1234,Suipacha,BUENOS AIRES,AGRICULTURA,,,,,,,,,,,,,,,,,,,,,,,,56/2023,56/2023,56/2023,56/2023,56/2023,56/2023,56/2023,317/2023,317/2023,317/2023,587/2023,587/2023,587/2023,587/2023,587/2023,587/2023,587/2023,946/2024,946/2024,946/2024,,,,,,,,
339,1364,Tala,ENTRE RÍOS,AGRICULTURA,,,,,,,,,,,,,,,,,,,39/2022,39/2022,39/2022,39/2022,39/2022,39/2022,39/2022,,,,,98/2023,98/2023,98/2023,98/2023,98/2023,98/2023,98/2023,1070/2023,1070/2023,1070/2023,1070/2023,1070/2023,1070/2023,,,,,,,,,
13,1077,Tandil,BUENOS AIRES,AGRICULTURA,,,,,,,,,,,,,,,,,,,,,,,,,,,,208/2023,208/2023,208/2023,317/2023,317/2023,317/2023,,,,,,,,,,,,,,,,,,
119,1254,Tapalqué,BUENOS AIRES,AGRICULTURA,,,,,,,,,,,,,,,,,,,,,,,,,,,,,,,,,,,,,,,,,,,,,,,,,,,
284,1156,Tapenagá,CHACO,AGRICULTURA,,,,224/2020,224/2020,224/2020,224/2020,224/2020,224/2020,69/2021,69/2021,69/2021,69/2021,69/2021,69/2021,,,,,41/22,41/22,41/22,41/22,41/22,41/22,,,,,,194/23,194/23,194/23,194/23,194/23,194/23,194/23,,,,,,,,,,,,,,
195,1536,Tercero Arriba,CÓRDOBA,AGRICULTURA,,,,,,,,,,,,,,,,,,,,,,,,,,,,,,,,,600/23,600/23,600/23,600/23,600/23,600/23,1523/23,1523/23,1523/23,1523/23,1523/23,1523/23,,,,,,,
181,1451,Tigre,BUENOS AIRES,AGRICULTURA,,,,,,,,,,,,,,,,,,,,,,,,,,,,,,,,,,,,,,,,,,,,,,,,,,,
175,1442,Toay,LA PAMPA,AGRICULTURA,,,,,,,,,,,,,,,,,,,,,,,,,,,538/2023,538/2023,538/2023,538/2023,538/2023,538/2023,538/2023,928/2023,928/2023,928/2023,1485/2023,1485/2023,1485/2023,986/2024,986/2024,986/2024,986/2024,986/2024,986/2024,986/2024,986/2024,986/2024,986/2024,986/2024,986/2024
136,1272,Tordillo,BUENOS AIRES,AGRICULTURA,,,,,,,,,,,,,,,,,,,56/2023,56/2023,56/2023,56/2023,56/2023,56/2023,208/2023,208/2023,208/2023,208/2023,208/2023,208/2023,317/2023,317/2023,317/2023,587/2023,587/2023,587/2023,587/2023,587/2023,587/2023,587/2023,946/2024,946/2024,946/2024,,,,,,,,
29,1099,Tornquist,BUENOS AIRES,AGRICULTURA,,,,,,,,,,,,,,,,,,,,,,,,,,,,,,,,,,,,,,,,,946/2024,946/2024,946/2024,,,,,,,,
421,1546,Totoral,CÓRDOBA,AGRICULTURA,,,,,,,,,,,,,,,,,,,,,,,,,,,,,,,,,600/23,600/23,600/23,600/23,600/23,600/23,1523/23,1523/23,1523/23,1523/23,1523/23,1523/23,,,,,,,
177,1444,Trenel,LA PAMPA,AGRICULTURA,,,,,,,,,,,,,,,,,,,,,,,,,,,538/2023,538/2023,538/2023,538/2023,538/2023,538/2023,538/2023,928/2023,928/2023,928/2023,1485/2023,1485/2023,1485/2023,986/2024,986/2024,986/2024,986/2024,986/2024,986/2024,986/2024,986/2024,986/2024,986/2024,986/2024,986/2024
74,1208,Trenque Lauquen,BUENOS AIRES,AGRICULTURA,,,,,,,,,,,,,,,,,,,,,,,,,,,,,,,,,,,,,,,,,946/2024,946/2024,946/2024,,,,,,,,
33,1103,Tres Arroyos,BUENOS AIRES,AGRICULTURA,,,,,,,,,,,,,,,,,,,,,,,,,587/2023,587/2023,587/2023,587/2023,587/2023,587/2023,587/2023,587/2023,587/2023,,,,,,,,946/2024,946/2024,946/2024,,,,,,,,
101,1235,Tres de Febrero,BUENOS AIRES,AGRICULTURA,,,,,,,,,,,,,,,,,,,,,,,,,,,,,,,,,,,,,,,,,,,,,,,,,,,
124,1259,Tres Lomas,BUENOS AIRES,AGRICULTURA,,,,,,,,,,,,,,,,,,,,,,,,,,,,,,,,,,,,,,,,,,,,,,,,,,,
408,1527,Tulumba,CÓRDOBA,AGRICULTURA,,,,,,,,,,,,,,,,,,,,,,,,,,,,,,,,,600/23,600/23,600/23,600/23,600/23,600/23,1523/23,1523/23,1523/23,1523/23,1523/23,1523/23,,,,,,,
194,1535,Unión,CÓRDOBA,AGRICULTURA,,,,,,,,,,,,,,,,,,,,,,,,,,,,,,,290/2023,290/2023,290/2023,290/2023,290/2023,290/2023,1523/2023,1523/2023,1523/23,1523/23,1523/23,1523/23,1523/23,1523/23,,,,,,,
192,1498,Uruguay,ENTRE RÍOS,AGRICULTURA,,,,,,,,,,,,,,,,,,,39/2022,39/2022,39/2022,39/2022,39/2022,39/2022,39/2022,,,,,98/2023,98/2023,98/2023,98/2023,98/2023,98/2023,98/2023,1070/2023,1070/2023,1070/2023,1070/2023,1070/2023,1070/2023,,,,,,,,,
174,1441,Utracán,LA PAMPA,AGRICULTURA,,,,,,,,,,,,,,,,,,,,,,,,,,,,,,,,,,,,,,,,986/2024,986/2024,986/2024,986/2024,986/2024,986/2024,986/2024,986/2024,986/2024,986/2024,986/2024,986/2024
356,1466,Vera,SANTA FE,AGRICULTURA,,,,,,,,,,,,,,,,,,,31/2022,31/2022,31/2022,31/2022,31/2022,31/2022,,,,,16/2023,16/2023,16/2023,16/2023,16/2023,16/2023,16/2023,750/2023,750/2023,750/2023,750/2023,1484/2023,1484/2023,1484/2023,1484/2023,1484/2023,1484/2023,,,,,,
25,1089,Vicente López,BUENOS AIRES,AGRICULTURA,,,,,,,,,,,,,,,,,,,,,,,,,,,,,,,,,,,,,,,,,,,,,,,,,,,
154,1369,Victoria,ENTRE RÍOS,AGRICULTURA,,,,,,,,,,,,,,,,,,,39/2022,39/2022,39/2022,39/2022,39/2022,39/2022,39/2022,,,,,98/2023,98/2023,98/2023,98/2023,98/2023,98/2023,98/2023,1070/2023,1070/2023,1070/2023,1070/2023,1070/2023,1070/2023,,,,,,,,,
20,1084,Villa Gesell,BUENOS AIRES,AGRICULTURA,,,,,,,,,,,,,,,,,,,,,,,,,,,,,,,,,,,,,,,,,,,,,,,,,,,
335,1360,Villaguay,ENTRE RÍOS,AGRICULTURA,,,,,,,,,,,,,,,,,,,39/2022,39/2022,39/2022,39/2022,39/2022,39/2022,39/2022,,,,,98/2023,98/2023,98/2023,98/2023,98/2023,98/2023,98/2023,1070/2023,1070/2023,1070/2023,1070/2023,1070/2023,1070/2023,,,,,,,,,
47,1133,Villarino,BUENOS AIRES,AGRICULTURA,,,,,,,,,,,,,,,,,,,,,,,,,,,,,,,1612/2023,1612/2023,1612/2023,1612/2023,1612/2023,1612/2023,1612/2023,1612/2023,1612/2023,1612/2023,946/2024,946/2024,946/2024,,,,,,,,
137,1273,Zárate,BUENOS AIRES,AGRICULTURA,,,,,,,,,,,,,,,,,,,,,,,,,,,,,,,587/2023,587/2023,587/2023,587/2023,587/2023,587/2023,587/2023,587/2023,587/2023,587/2023,,,,,,,,,,,
317,1315,1° de Mayo,CHACO,GANADERÍA,,,,224/2020,224/2020,224/2020,224/2020,224/2020,224/2020,69/2021,69/2021,69/2021,69/2021,69/2021,69/2021,,,,,41/22,41/22,41/22,41/22,41/22,41/22,,,,,,194/23,194/23,194/23,194/23,194/23,194/23,194/23,,,,,,,,,,,,,,
276,1119,12 de Octubre,CHACO,GANADERÍA,,,,224/2020,224/2020,224/2020,224/2020,224/2020,224/2020,69/2021,69/2021,69/2021,69/2021,69/2021,69/2021,,,,,,,,,,,,,,,,194/23,194/23,194/23,194/23,194/23,194/23,194/23,,,,,,,,,,,,,,
321,1319,2 de Abril,CHACO,GANADERÍA,,,,224/2020,224/2020,224/2020,224/2020,224/2020,224/2020,69/2021,69/2021,69/2021,69/2021,69/2021,69/2021,,,,,,,,,,,,,,,,194/23,194/23,194/23,194/23,194/23,194/23,194/23,,,,,,,,,,,,,,
71,1205,25 de Mayo,BUENOS AIRES,GANADERÍA,,,,,,,,,,,,,,,,,,,,,,,,,317/2023,317/2023,317/2023,317/2023,317/2023,317/2023,317/2023,317/2023,317/2023,587/2023,587/2023,587/2023,587/2023,587/2023,587/2023,587/2023,946/2024,946/2024,946/2024,946/2024,946/2024,946/2024,,,,,
322,1323,25 de Mayo,CHACO,GANADERÍA,,,,224/2020,224/2020,224/2020,224/2020,224/2020,224/2020,69/2021,69/2021,69/2021,69/2021,69/2021,69/2021,,,,,41/22,41/22,41/22,41/22,41/22,41/22,,,,,,194/23,194/23,194/23,194/23,194/23,194/23,194/23,,,,,,,,,,,,,,
369,1485,25 de Mayo,MISIONES,GANADERÍA,,,,,285/2020,285/2020,285/2020,285/2020,285/2020,285/2020,285/2020,,,,,,,,21/2022,21/2022,21/2022,21/2022,21/2022,21/2022,,,,,,,,,,,,,,,,,,,,,,,,,,,
72,1206,9 de Julio,BUENOS AIRES,GANADERÍA,,,,,,,,,,,,,,,,,,,,,,,,317/2023,317/2023,317/2023,317/2023,317/2023,317/2023,317/2023,317/2023,317/2023,317/2023,587/2023,587/2023,587/2023,587/2023,587/2023,587/2023,587/2023,946/2024,946/2024,946/2024,946/2024,946/2024,946/2024,,,,,
318,1316,9 de Julio,CHACO,GANADERÍA,,,,224/2020,224/2020,224/2020,224/2020,224/2020,224/2020,69/2021,69/2021,69/2021,69/2021,69/2021,69/2021,,,,,,,,,,,,,,,,194/23,194/23,194/23,194/23,194/23,194/23,194/23,,,,,,,,,,,,,,
357,1467,9 de Julio,SANTA FE,GANADERÍA,,,,,,,,,,,,,,,,,,,31/2022,31/2022,31/2022,31/2022,31/2022,31/2022,,,,,16/2023,16/2023,16/2023,16/2023,16/2023,16/2023,16/2023,750/2023,750/2023,750/2023,750/2023,1484/2023,1484/2023,1484/2023,1484/2023,1484/2023,1484/2023,,,,,,
44,1130,Adolfo Alsina,BUENOS AIRES,GANADERÍA,,,,,,,,,,,,,,,,,,,,,,,,,,,,,,,,,,,,,,,,,946/2024,946/2024,946/2024,946/2024,946/2024,946/2024,,,,,
15,1079,Adolfo Gonzales Chaves,BUENOS AIRES,GANADERÍA,,,,,,,,,,,,,,,,,,,,,,,,587/2023,587/2023,587/2023,587/2023,587/2023,587/2023,587/2023,587/2023,587/2023,587/2023,,,,,,,,946/2024,946/2024,946/2024,946/2024,946/2024,946/2024,,,,,
103,1238,Alberti,BUENOS AIRES,GANADERÍA,,,,,,,,,,,,,,,,,,,,,,,,,,,,56/2023,56/2023,56/2023,317/2023,317/2023,317/2023,587/2023,587/2023,587/2023,587/2023,587/2023,587/2023,587/2023,946/2024,946/2024,946/2024,946/2024,946/2024,946/2024,,,,,
66,1200,Almirante Brown,BUENOS AIRES,GANADERÍA,,,,,,,,,,,,,,,,,,,,,,,,,,,,,,,,,,,,,,,,,,,,,,,,,,,
299,1192,Almirante Brown,CHACO,GANADERÍA,,,,224/2020,224/2020,224/2020,224/2020,224/2020,224/2020,69/2021,69/2021,69/2021,69/2021,69/2021,69/2021,,,,,41/22,41/22,41/22,41/22,41/22,41/22,,,,,,194/23,194/23,194/23,194/23,194/23,194/23,194/23,,,,,,,,,,,,,,
373,1489,Apóstoles,MISIONES,GANADERÍA,,,,,285/2020,285/2020,285/2020,285/2020,285/2020,285/2020,285/2020,,,,,,,,21/2022,21/2022,21/2022,21/2022,21/2022,21/2022,,,,,,,,,,,,,,,,,,,,,,,,,,,
81,1215,Arrecifes,BUENOS AIRES,GANADERÍA,,,,,,,,,,,,,,,,,,,,,,,,56/2023,56/2023,56/2023,56/2023,56/2023,56/2023,56/2023,317/2023,317/2023,317/2023,587/2023,587/2023,587/2023,587/2023,587/2023,587/2023,587/2023,,,,,,,,,,,
186,1471,Atreucó,LA PAMPA,GANADERÍA,,,,,,,,,,,,,,,,,,,,,,,,,,,,,,,,,,,,,,,,986/2024,986/2024,986/2024,986/2024,986/2024,986/2024,986/2024,986/2024,986/2024,986/2024,986/2024,986/2024
150,1322,Avellaneda,BUENOS AIRES,GANADERÍA,,,,,,,,,,,,,,,,,,,,,,,,,,,,,,,,,,,,,,,,,,,,,,,,,,,
125,1260,Ayacucho,BUENOS AIRES,GANADERÍA,,,,,,,,,,,,,,,,,,,,,,,,,208/2023,208/2023,208/2023,208/2023,208/2023,208/2023,317/2023,317/2023,317/2023,587/2023,587/2023,587/2023,587/2023,587/2023,587/2023,587/2023,,,,,,,,,,,
122,1257,Azul,BUENOS AIRES,GANADERÍA,,,,,,,,,,,,,,,,,,,,,,,,,587/2023,587/2023,587/2023,587/2023,587/2023,587/2023,,,,,,,,,,,946/2024,946/2024,946/2024,946/2024,946/2024,946/2024,,,,,
16,1080,Bahía Blanca,BUENOS AIRES,GANADERÍA,,,,,,,,,,,,,,,,,,,,,,,,,,,,,,,,,,,,,,,,,946/2024,946/2024,946/2024,946/2024,946/2024,946/2024,,,,,
118,1253,Balcarce,BUENOS AIRES,GANADERÍA,,,,,,,,,,,,,,,,,,,,,,,,,,,317/2023,317/2023,317/2023,317/2023,317/2023,317/2023,317/2023,,,,,,,,,,,,,,,,,,
145,1304,Baradero,BUENOS AIRES,GANADERÍA,,,,,,,,,,,,,,,,,,,,,,,,,208/2023,208/2023,208/2023,208/2023,208/2023,208/2023,317/2023,317/2023,317/2023,587/2023,587/2023,587/2023,587/2023,587/2023,587/2023,587/2023,,,,,,,,,,,
190,1477,Belgrano,SANTA FE,GANADERÍA,,,,,,,,,,,,,,,,,,,31/2022,31/2022,31/2022,31/2022,31/2022,31/2022,,,,,16/2023,16/2023,16/2023,16/2023,16/2023,16/2023,16/2023,750/2023,750/2023,750/2023,750/2023,1484/2023,1484/2023,1484/2023,1484/2023,1484/2023,1484/2023,,,,,,
391,1510,Bella Vista,CORRIENTES,GANADERÍA,,,225/2020,225/2020,225/2020,225/2020,225/2020,225/2020,225/2020,225/2020,225/2020,225/2020,225/2020,225/2020,,,,,36/2022,36/2022,36/2022,36/2022,36/2022,36/2022,869/2022,869/2022,869/2022,869/2022,869/2022,869/2022,,,,,,,1620/2023,1620/2023,1620/2023,1620/2023,1620/2023,1620/2023,,,,,,,,,
130,1265,Benito Juárez,BUENOS AIRES,GANADERÍA,,,,,,,,,,,,,,,,,,,,,,,,,,,,587/2023,587/2023,587/2023,587/2023,587/2023,587/2023,,,,,,,,,,,,,,,,,,
28,1098,Berazategui,BUENOS AIRES,GANADERÍA,,,,,,,,,,,,,,,,,,,,,,,,,,,,,,,,,,,,,,,,,,,,,,,,,,,
135,1271,Berisso,BUENOS AIRES,GANADERÍA,,,,,,,,,,,,,,,,,,,,,,,,,,,,,,,,,,1612/2023,1612/2023,1612/2023,1612/2023,1612/2023,1612/2023,1612/2023,,,,,,,,,,,
313,1297,Bermejo,CHACO,GANADERÍA,,,,224/2020,224/2020,224/2020,224/2020,224/2020,224/2020,69/2021,69/2021,69/2021,69/2021,69/2021,69/2021,,,,,41/22,41/22,41/22,41/22,41/22,41/22,,,,,,194/23,194/23,194/23,194/23,194/23,194/23,194/23,,,,,,,,,,,,,,
454,1150,Bermejo,FORMOSA,GANADERÍA,201/2020,201/2020,201/2020,201/2020,201/2020,201/2020,201/2020,201/2020,201/2020,201/2020,201/2020,201/2020,,,,,,,,,,,,,,,,,,,,,,,,,,,,,,,,,,,,,,,
404,1523,Berón de Astrada,CORRIENTES,GANADERÍA,,,225/2020,225/2020,225/2020,225/2020,225/2020,225/2020,225/2020,225/2020,225/2020,225/2020,225/2020,225/2020,,,,,36/2022,36/2022,36/2022,36/2022,36/2022,36/2022,869/2022,869/2022,869/2022,869/2022,869/2022,869/2022,,,,,,,,,,,,,,,,,,,,,
117,1252,Bolívar,BUENOS AIRES,GANADERÍA,,,,,,,,,,,,,,,,,,,,,,,,,,,,,,,,,,,,,,,,,946/2024,946/2024,946/2024,946/2024,946/2024,946/2024,,,,,
104,1239,Bragado,BUENOS AIRES,GANADERÍA,,,,,,,,,,,,,,,,,,,,,,,,,,,,208/2023,208/2023,208/2023,317/2023,317/2023,317/2023,587/2023,587/2023,587/2023,587/2023,587/2023,587/2023,587/2023,946/2024,946/2024,946/2024,946/2024,946/2024,946/2024,,,,,
68,1202,Brandsen,BUENOS AIRES,GANADERÍA,,,,,,,,,,,,,,,,,,,,,,,,,,,,208/2023,208/2023,208/2023,317/2023,317/2023,317/2023,587/2023,587/2023,587/2023,587/2023,587/2023,587/2023,587/2023,,,,,,,,,,,
367,1483,Cainguás,MISIONES,GANADERÍA,,,,,285/2020,285/2020,285/2020,285/2020,285/2020,285/2020,285/2020,,,,,,,,21/2022,21/2022,21/2022,21/2022,21/2022,21/2022,,,,,,,,,,,,,,,,,,,,,,,,,,,
424,1551,Calamuchita,CÓRDOBA,GANADERÍA,,,,,,,,,,,,,,,,,,,,,,,,,,,,,,,,,,,,,,,,,,,,,,,,,,,
165,1431,Caleu Caleu,LA PAMPA,GANADERÍA,,,,,,,,,,,,,,,,,,,,,,,,,,,,,,,,,,,929/2023,929/2023,929/2023,929/2023,929/2023,986/2024,986/2024,986/2024,986/2024,986/2024,986/2024,986/2024,986/2024,986/2024,986/2024,986/2024,986/2024
39,1114,Campana,BUENOS AIRES,GANADERÍA,,,,,,,,,,,,,,,,,,,,,,,,,,,,,,317/2023,317/2023,317/2023,317/2023,587/2023,587/2023,587/2023,587/2023,587/2023,587/2023,587/2023,,,,,,,,,,,
365,1481,Candelaria,MISIONES,GANADERÍA,,,,,285/2020,285/2020,285/2020,285/2020,285/2020,285/2020,285/2020,,,,,,,,21/2022,21/2022,21/2022,21/2022,21/2022,21/2022,,,,,,,,,,,,,,,,,,,,,,,,,,,
111,1246,Cañuelas,BUENOS AIRES,GANADERÍA,,,,,,,,,,,,,,,,,,,,,,,,,,,,,,317/2023,317/2023,317/2023,317/2023,587/2023,587/2023,587/2023,587/2023,587/2023,587/2023,587/2023,,,,,,,,,,,
176,1443,Capital,LA PAMPA,GANADERÍA,,,,,,,,,,,,,,,,,,,,,,,,,,,,,,,,,,,,,,,,986/2024,986/2024,986/2024,986/2024,986/2024,986/2024,986/2024,986/2024,986/2024,986/2024,986/2024,986/2024
363,1479,Capital,MISIONES,GANADERÍA,,,,,285/2020,285/2020,285/2020,285/2020,285/2020,285/2020,285/2020,,,,,,,,21/2022,21/2022,21/2022,21/2022,21/2022,21/2022,,,,,,,,,,,,,,,,,,,,,,,,,,,
407,1526,Capital,CORRIENTES,GANADERÍA,,,225/2020,225/2020,225/2020,225/2020,225/2020,225/2020,225/2020,225/2020,225/2020,225/2020,225/2020,225/2020,,,,,36/2022,36/2022,36/2022,36/2022,36/2022,36/2022,869/2022,869/2022,869/2022,869/2022,869/2022,869/2022,,,,,,,,,,,,,,,,,,,,,
418,1542,Capital,CÓRDOBA,GANADERÍA,,,,,,,,,,,,,,,,,,,,,,,,,,,,,,,,,,,,,,,,,,,,,,,,,,,
82,1216,Capitán Sarmiento,BUENOS AIRES,GANADERÍA,,,,,,,,,,,,,,,,,,,,,,,,,208/2023,208/2023,208/2023,208/2023,208/2023,208/2023,317/2023,317/2023,317/2023,587/2023,587/2023,587/2023,587/2023,587/2023,587/2023,587/2023,,,,,,,,,,,
69,1203,Carlos Casares,BUENOS AIRES,GANADERÍA,,,,,,,,,,,,,,,,,,,,,,,,,,,,,,,,,,,,,,,,,946/2024,946/2024,946/2024,946/2024,946/2024,946/2024,,,,,
70,1204,Carlos Tejedor,BUENOS AIRES,GANADERÍA,,,,,,,,,,,,,,,,,,,,,,,,,208/2023,208/2023,208/2023,208/2023,317/2023,317/2023,317/2023,317/2023,317/2023,,,,,,,,946/2024,946/2024,946/2024,946/2024,946/2024,946/2024,,,,,
83,1217,Carmen de Areco,BUENOS AIRES,GANADERÍA,,,,,,,,,,,,,,,,,,,,,,,,,208/2023,208/2023,208/2023,208/2023,208/2023,208/2023,317/2023,317/2023,317/2023,587/2023,587/2023,587/2023,587/2023,587/2023,587/2023,587/2023,,,,,,,,,,,
184,1464,Caseros,SANTA FE,GANADERÍA,,,,,,,,,,,,,,,,,,,31/2022,31/2022,31/2022,31/2022,31/2022,31/2022,,,,,16/2023,16/2023,16/2023,16/2023,16/2023,16/2023,16/2023,750/2023,750/2023,750/2023,750/2023,1484/2023,1484/2023,1484/2023,1484/2023,1484/2023,1484/2023,,,,,,
351,1453,Castellanos,SANTA FE,GANADERÍA,,,,,,,,,,,,,,,,,,,31/2022,31/2022,31/2022,31/2022,31/2022,31/2022,,,,,16/2023,16/2023,16/2023,16/2023,16/2023,16/2023,16/2023,750/2023,750/2023,750/2023,750/2023,1484/2023,1484/2023,1484/2023,1484/2023,1484/2023,1484/2023,,,,,,
65,1199,Castelli,BUENOS AIRES,GANADERÍA,,,,,,,,,,,,,,,,,,,,,,,,,317/2023,317/2023,317/2023,317/2023,317/2023,317/2023,317/2023,317/2023,317/2023,587/2023,587/2023,587/2023,587/2023,587/2023,587/2023,587/2023,,,,,,,,,,,
187,1472,Catriló,LA PAMPA,GANADERÍA,,,,,,,,,,,,,,,,,,,,,,,,,,,,,,,,,,,,,,,,,,,,,,,,,,,
94,1228,Chacabuco,BUENOS AIRES,GANADERÍA,,,,,,,,,,,,,,,,,,,,,,,,,,,,208/2023,208/2023,208/2023,317/2023,317/2023,317/2023,587/2023,587/2023,587/2023,587/2023,587/2023,587/2023,587/2023,946/2024,946/2024,946/2024,946/2024,946/2024,946/2024,,,,,
308,1280,Chacabuco,CHACO,GANADERÍA,,,,224/2020,224/2020,224/2020,224/2020,224/2020,224/2020,69/2021,69/2021,69/2021,69/2021,69/2021,69/2021,,,,,,,,,,,,,,,,194/23,194/23,194/23,194/23,194/23,194/23,194/23,,,,,,,,,,,,,,
508,1445,Chalileo,LA PAMPA,GANADERÍA,,,,,,,,,,,,,,,,,,,,,,,,,,,528/2023,528/2023,528/2023,528/2023,528/2023,528/2023,528/2023,,,,1485/2023,1485/2023,1485/2023,986/2024,986/2024,986/2024,986/2024,986/2024,986/2024,986/2024,986/2024,986/2024,986/2024,986/2024,986/2024
166,1433,Chapaleufú,LA PAMPA,GANADERÍA,,,,,,,,,,,,,,,,,,,,,,,,,,,,,,,,,,,,,,,,,,,,,,,,,,,
37,1111,Chascomús,BUENOS AIRES,GANADERÍA,,,,,,,,,,,,,,,,,,,,,,,,,56/2023,56/2023,56/2023,56/2023,56/2023,56/2023,317/2023,317/2023,317/2023,587/2023,587/2023,587/2023,587/2023,587/2023,587/2023,587/2023,946/2024,946/2024,946/2024,946/2024,946/2024,946/2024,,,,,
507,1432,Chical Co,LA PAMPA,GANADERÍA,,,,,,,,,,,,,,,,,,,,,,,,,,,21/2023,21/2023,21/2023,21/2023,21/2023,21/2023,,,,,,,,986/2024,986/2024,986/2024,986/2024,986/2024,986/2024,986/2024,986/2024,986/2024,986/2024,986/2024,986/2024
102,1237,Chivilcoy,BUENOS AIRES,GANADERÍA,,,,,,,,,,,,,,,,,,,,,,,,,,,,208/2023,208/2023,208/2023,317/2023,317/2023,317/2023,587/2023,587/2023,587/2023,587/2023,587/2023,587/2023,587/2023,946/2024,946/2024,946/2024,946/2024,946/2024,946/2024,,,,,
131,1266,Colón,BUENOS AIRES,GANADERÍA,,,,,,,,,,,,,,,,,,,,,,,,,,,,208/2023,208/2023,208/2023,317/2023,317/2023,317/2023,587/2023,587/2023,587/2023,587/2023,587/2023,587/2023,587/2023,,,,,,,,,,,
381,1499,Colón,ENTRE RÍOS,GANADERÍA,,,,,,,,,,,,,,,,,,,39/2022,39/2022,39/2022,39/2022,39/2022,39/2022,39/2022,,,,,98/2023,98/2023,98/2023,98/2023,98/2023,98/2023,98/2023,98/2023,98/2023,98/2023,98/2023,98/2023,,,,,,,,,,
419,1544,Colón,CÓRDOBA,GANADERÍA,,,,,,,,,,,,,,,,,,,,,,,,,,,,,,,,,600/23,600/23,600/23,600/23,600/23,600/23,600/23,600/23,600/23,600/23,600/23,600/23,,,,,,,
324,1325,Comandante Fernández,CHACO,GANADERÍA,,,,224/2020,224/2020,224/2020,224/2020,224/2020,224/2020,69/2021,69/2021,69/2021,69/2021,69/2021,69/2021,,,,,41/22,41/22,41/22,41/22,41/22,41/22,,,,,,194/23,194/23,194/23,194/23,194/23,194/23,194/23,,,,,,,,,,,,,,
372,1488,Concepción,MISIONES,GANADERÍA,,,,,285/2020,285/2020,285/2020,285/2020,285/2020,285/2020,285/2020,,,,,,,,21/2022,21/2022,21/2022,21/2022,21/2022,21/2022,,,,,,,,,,,,,,,,,,,,,,,,,,,
385,1504,Concepción,CORRIENTES,GANADERÍA,,,,,,,,,,,,,,,,,,,36/2022,36/2022,36/2022,36/2022,36/2022,36/2022,869/2022,869/2022,869/2022,869/2022,869/2022,869/2022,,,,,,,,,,,,,,,,,,,,,
382,1501,Concordia,ENTRE RÍOS,GANADERÍA,,,,,,,,,,,,,,,,,,,39/2022,39/2022,39/2022,39/2022,39/2022,39/2022,39/2022,,,,,98/2023,98/2023,98/2023,98/2023,98/2023,98/2023,98/2023,98/2023,98/2023,98/2023,98/2023,98/2023,,,,,,,,,,
178,1447,Conhelo,LA PAMPA,GANADERÍA,,,,,,,,,,,,,,,,,,,,,,,,,,,528/2023,528/2023,528/2023,528/2023,528/2023,528/2023,528/2023,,,,1485/2023,1485/2023,1485/2023,986/2024,986/2024,986/2024,986/2024,986/2024,986/2024,986/2024,986/2024,986/2024,986/2024,986/2024,986/2024
162,1425,Constitución,SANTA FE,GANADERÍA,,,,,,,,,,,,,,,,,,,31/2022,31/2022,31/2022,31/2022,31/2022,31/2022,,,,,16/2023,16/2023,16/2023,16/2023,16/2023,16/2023,16/2023,750/2023,750/2023,750/2023,750/2023,1484/2023,1484/2023,1484/2023,1484/2023,1484/2023,1484/2023,,,,,,
144,1303,Coronel de Marina Leonardo Rosales,BUENOS AIRES,GANADERÍA,,,,,,,,,,,,,,,,,,,,,,,,,,,,,,,,,,,,,,,,,946/2024,946/2024,946/2024,946/2024,946/2024,946/2024,,,,,
34,1104,Coronel Dorrego,BUENOS AIRES,GANADERÍA,,,,,,,,,,,,,,,,,,,,,,,,,,,,,,,,,,,,,,,,,,,,,,,,,,,
30,1100,Coronel Pringles,BUENOS AIRES,GANADERÍA,,,,,,,,,,,,,,,,,,,,,,,,,,587/2023,587/2023,587/2023,587/2023,587/2023,,,,,,,,,,,,,,,,,,,,,
14,1078,Coronel Suárez,BUENOS AIRES,GANADERÍA,,,,,,,,,,,,,,,,,,,,,,,,,,,,,,,,,,,,,,,,,,,,,,,,,,,
409,1528,Cruz del Eje,CÓRDOBA,GANADERÍA,,,,,,,,,,,,,,,,,,,,,,,,,,,,,,,,,,,,,,,,,,,,,,,,,,,
189,1474,Curacó,LA PAMPA,GANADERÍA,,,,,,,,,,,,,,,,,,,,,,,,,,,,,,,,,,,929/2023,929/2023,929/2023,929/2023,929/2023,986/2024,986/2024,986/2024,986/2024,986/2024,986/2024,986/2024,986/2024,986/2024,986/2024,986/2024,986/2024
396,1515,Curuzú Cuatiá,CORRIENTES,GANADERÍA,,,,,,,,,,,,,,,,,,,36/2022,36/2022,36/2022,36/2022,36/2022,36/2022,869/2022,869/2022,869/2022,869/2022,869/2022,869/2022,,,,,,,1620/2023,1620/2023,1620/2023,1620/2023,1620/2023,1620/2023,,,,,,,,,
123,1258,Daireaux,BUENOS AIRES,GANADERÍA,,,,,,,,,,,,,,,,,,,,,,,,,,,,,,,,,,,,,,,,,,,,,,,,,,,
343,1368,Diamante,ENTRE RÍOS,GANADERÍA,,,,,,,,,,,,,,,,,,,39/2022,39/2022,39/2022,39/2022,39/2022,39/2022,39/2022,,,,,98/2023,98/2023,98/2023,98/2023,98/2023,98/2023,98/2023,98/2023,98/2023,98/2023,98/2023,98/2023,,,,,,,,,,
121,1256,Dolores,BUENOS AIRES,GANADERÍA,,,,,,,,,,,,,,,,,,,,,,,,,56/2023,56/2023,56/2023,56/2023,56/2023,56/2023,317/2023,317/2023,317/2023,587/2023,587/2023,587/2023,587/2023,587/2023,587/2023,587/2023,946/2024,946/2024,946/2024,946/2024,946/2024,946/2024,,,,,
378,1494,Eldorado,MISIONES,GANADERÍA,,,,,285/2020,285/2020,285/2020,285/2020,285/2020,285/2020,285/2020,,,,,,,,21/2022,21/2022,21/2022,21/2022,21/2022,21/2022,,,,,,,,,,,,,,,,,,,,,,,,,,,
389,1508,Empedrado,CORRIENTES,GANADERÍA,,,225/2020,225/2020,225/2020,225/2020,225/2020,225/2020,225/2020,225/2020,225/2020,225/2020,225/2020,225/2020,,,,,36/2022,36/2022,36/2022,36/2022,36/2022,36/2022,869/2022,869/2022,869/2022,869/2022,869/2022,869/2022,,,,,,,,,,,,,,,,,,,,,
127,1262,Ensenada,BUENOS AIRES,GANADERÍA,,,,,,,,,,,,,,,,,,,,,,,,,,,,,,,,,,,,,,,,,,,,,,,,,,,
4,1067,Escobar,BUENOS AIRES,GANADERÍA,,,,,,,,,,,,,,,,,,,,,,,,,,,,,,,,,,,,,,,,,,,,,,,,,,,
394,1513,Esquina,CORRIENTES,GANADERÍA,,,,,,,,,,,,,,,,,,,36/2022,36/2022,36/2022,36/2022,36/2022,36/2022,869/2022,869/2022,869/2022,869/2022,869/2022,869/2022,,,,,,,1620/2023,1620/2023,1620/2023,1620/2023,1620/2023,1620/2023,,,,,,,,,
80,1214,Esteban Echeverría,BUENOS AIRES,GANADERÍA,,,,,,,,,,,,,,,,,,,,,,,,,,,,,,,,,,,,,,,,,,,,,,,,,,,
85,1219,Exaltación de la Cruz,BUENOS AIRES,GANADERÍA,,,,,,,,,,,,,,,,,,,,,,,,,208/2023,208/2023,208/2023,208/2023,208/2023,208/2023,317/2023,317/2023,317/2023,587/2023,587/2023,587/2023,587/2023,587/2023,587/2023,587/2023,,,,,,,,,,,
108,1243,Ezeiza,BUENOS AIRES,GANADERÍA,,,,,,,,,,,,,,,,,,,,,,,,,,,,,,,,,,,,,,,,,,,,,,,,,,,
380,1496,Federación,ENTRE RÍOS,GANADERÍA,,,,,,,,,,,,,,,,,,,39/2022,39/2022,39/2022,39/2022,39/2022,39/2022,39/2022,,,,,98/2023,98/2023,98/2023,98/2023,98/2023,98/2023,98/2023,98/2023,98/2023,98/2023,98/2023,98/2023,,,,,,,,,,
336,1361,Federal,ENTRE RÍOS,GANADERÍA,,,,,,,,,,,,,,,,,,,39/2022,39/2022,39/2022,39/2022,39/2022,39/2022,39/2022,,,,,98/2023,98/2023,98/2023,98/2023,98/2023,98/2023,98/2023,98/2023,98/2023,98/2023,98/2023,98/2023,,,,,,,,,,
341,1366,Feliciano,ENTRE RÍOS,GANADERÍA,,,,,,,,,,,,,,,,,,,39/2022,39/2022,39/2022,39/2022,39/2022,39/2022,39/2022,,,,,98/2023,98/2023,98/2023,98/2023,98/2023,98/2023,98/2023,98/2023,98/2023,98/2023,98/2023,98/2023,,,,,,,,,,
109,1244,Florencio Varela,BUENOS AIRES,GANADERÍA,,,,,,,,,,,,,,,,,,,,,,,,,,,,,,,,,,,,,,,,,,,,,,,,,,,
147,1313,Florentino Ameghino,BUENOS AIRES,GANADERÍA,,,,,,,,,,,,,,,,,,,,,,,,317/2023,317/2023,317/2023,317/2023,317/2023,317/2023,317/2023,,,,,,,,,,,,,,,,,,,,,
310,1292,Formosa,FORMOSA,GANADERÍA,201/2020,201/2020,201/2020,201/2020,201/2020,201/2020,201/2020,201/2020,201/2020,201/2020,201/2020,201/2020,,,,,,,,,,,,,,,,,,,,,,,,,,,,,,,,,,,,,,,
290,1163,Fray Justo Santa María de Oro,CHACO,GANADERÍA,,,,224/2020,224/2020,224/2020,224/2020,224/2020,224/2020,69/2021,69/2021,69/2021,69/2021,69/2021,69/2021,,,,,,,,,,,,,,,,194/23,194/23,194/23,194/23,194/23,194/23,194/23,,,,,,,,,,,,,,
361,1476,Garay,SANTA FE,GANADERÍA,,,,,,,,,,,,,,,,,,,31/2022,31/2022,31/2022,31/2022,31/2022,31/2022,,,,,16/2023,16/2023,16/2023,16/2023,16/2023,16/2023,16/2023,750/2023,750/2023,750/2023,750/2023,1484/2023,1484/2023,1484/2023,1484/2023,1484/2023,1484/2023,,,,,,
17,1081,General Alvarado,BUENOS AIRES,GANADERÍA,,,,,,,,,,,,,,,,,,,,,,,,,,,,,,,,,,,,,,,,,,,,,,,,,,,
114,1249,General Alvear,BUENOS AIRES,GANADERÍA,,,,,,,,,,,,,,,,,,,,,,,,,,,,,,,,,,,,,,,,,946/2024,946/2024,946/2024,946/2024,946/2024,946/2024,,,,,
400,1519,General Alvear,CORRIENTES,GANADERÍA,,,,,,,,,,,,,,,,,,,36/2022,36/2022,36/2022,36/2022,36/2022,36/2022,869/2022,869/2022,869/2022,869/2022,869/2022,869/2022,,,,,,,,,,,,,,,,,,,,,
141,1296,General Arenales,BUENOS AIRES,GANADERÍA,,,,,,,,,,,,,,,,,,,,,,,,,208/2023,208/2023,208/2023,208/2023,208/2023,208/2023,317/2023,317/2023,317/2023,587/2023,587/2023,587/2023,587/2023,587/2023,587/2023,587/2023,946/2024,946/2024,946/2024,946/2024,946/2024,946/2024,,,,,
75,1209,General Belgrano,BUENOS AIRES,GANADERÍA,,,,,,,,,,,,,,,,,,,,,,,,,,,317/2023,317/2023,317/2023,317/2023,317/2023,317/2023,317/2023,587/2023,587/2023,587/2023,587/2023,587/2023,587/2023,587/2023,946/2024,946/2024,946/2024,946/2024,946/2024,946/2024,,,,,
325,1326,General Belgrano,CHACO,GANADERÍA,,,,224/2020,224/2020,224/2020,224/2020,224/2020,224/2020,69/2021,69/2021,69/2021,69/2021,69/2021,69/2021,,,,,,,,,,,,,,,,194/23,194/23,194/23,194/23,194/23,194/23,194/23,,,,,,,,,,,,,,
326,1327,General Donovan,CHACO,GANADERÍA,,,,224/2020,224/2020,224/2020,224/2020,224/2020,224/2020,69/2021,69/2021,69/2021,69/2021,69/2021,69/2021,,,,,41/22,41/22,41/22,41/22,41/22,41/22,,,,,,194/23,194/23,194/23,194/23,194/23,194/23,194/23,,,,,,,,,,,,,,
280,1123,General Güemes,CHACO,GANADERÍA,,,,224/2020,224/2020,224/2020,224/2020,224/2020,224/2020,69/2021,69/2021,69/2021,69/2021,69/2021,69/2021,,,,,41/22,41/22,41/22,41/22,41/22,41/22,,,,,,194/23,194/23,194/23,194/23,194/23,194/23,194/23,,,,,,,,,,,,,,
11,1075,General Guido,BUENOS AIRES,GANADERÍA,,,,,,,,,,,,,,,,,,,,,,,,,208/2023,208/2023,208/2023,208/2023,208/2023,208/2023,317/2023,317/2023,317/2023,587/2023,587/2023,587/2023,587/2023,587/2023,587/2023,587/2023,,,,,,,,,,,
12,1076,General Juan Madariaga,BUENOS AIRES,GANADERÍA,,,,,,,,,,,,,,,,,,,,,,,,,,,,317/2023,317/2023,317/2023,317/2023,317/2023,317/2023,,,,,,,,946/2024,946/2024,946/2024,946/2024,946/2024,946/2024,,,,,
116,1251,General La Madrid,BUENOS AIRES,GANADERÍA,,,,,,,,,,,,,,,,,,,,,,,,,208/2023,208/2023,208/2023,208/2023,317/2023,317/2023,317/2023,317/2023,317/2023,,,,,,,,,,,,,,,,,,
105,1240,General Las Heras,BUENOS AIRES,GANADERÍA,,,,,,,,,,,,,,,,,,,,,,,,,,,,317/2023,317/2023,317/2023,317/2023,317/2023,317/2023,587/2023,587/2023,587/2023,587/2023,587/2023,587/2023,587/2023,946/2024,946/2024,946/2024,946/2024,946/2024,946/2024,,,,,
22,1086,General Lavalle,BUENOS AIRES,GANADERÍA,,,,,,,,,,,,,,,,,,,,,,,,,,,,,,,587/2023,587/2023,587/2023,587/2023,587/2023,587/2023,587/2023,587/2023,587/2023,587/2023,946/2024,946/2024,946/2024,946/2024,946/2024,946/2024,,,,,
183,1463,General López,SANTA FE,GANADERÍA,,,,,,,,,,,,,,,,,,,,,,,,,,,,,16/2023,16/2023,16/2023,16/2023,16/2023,16/2023,16/2023,750/2023,750/2023,750/2023,750/2023,1484/2023,1484/2023,1484/2023,1484/2023,1484/2023,1484/2023,,,,,,
377,1493,General Manuel Belgrano,MISIONES,GANADERÍA,,,,,285/2020,285/2020,285/2020,285/2020,285/2020,285/2020,285/2020,,,,,,,,21/2022,21/2022,21/2022,21/2022,21/2022,21/2022,,,,,,,,,,,,,,,,,,,,,,,,,,,
355,1462,General Obligado,SANTA FE,GANADERÍA,,,,,,,,,,,,,,,,,,,31/2022,31/2022,31/2022,31/2022,31/2022,31/2022,,,,,16/2023,16/2023,16/2023,16/2023,16/2023,16/2023,16/2023,750/2023,750/2023,750/2023,750/2023,1484/2023,1484/2023,1484/2023,1484/2023,1484/2023,1484/2023,,,,,,
10,1074,General Paz,BUENOS AIRES,GANADERÍA,,,,,,,,,,,,,,,,,,,,,,,,,208/2023,208/2023,208/2023,208/2023,208/2023,208/2023,317/2023,317/2023,317/2023,587/2023,587/2023,587/2023,587/2023,587/2023,587/2023,587/2023,,,,,,,,,,,
388,1507,General Paz,CORRIENTES,GANADERÍA,,,225/2020,225/2020,225/2020,225/2020,225/2020,225/2020,225/2020,225/2020,225/2020,225/2020,225/2020,225/2020,,,,,36/2022,36/2022,36/2022,36/2022,36/2022,36/2022,869/2022,869/2022,869/2022,869/2022,869/2022,869/2022,,,,,,,,,,,,,,,,,,,,,
31,1101,General Pinto,BUENOS AIRES,GANADERÍA,,,,,,,,,,,,,,,,,,,,,,,,,,,,,,,587/2023,587/2023,587/2023,587/2023,587/2023,587/2023,587/2023,587/2023,587/2023,587/2023,,,,,,,,,,,
18,1082,General Pueyrredón,BUENOS AIRES,GANADERÍA,,,,,,,,,,,,,,,,,,,,,,,,,587/2023,587/2023,587/2023,587/2023,587/2023,587/2023,587/2023,587/2023,587/2023,,,,,,,,,,,,,,,,,,
198,1539,General Roca,CÓRDOBA,GANADERÍA,,,,,,,,,,,,,,,,,,,,,,,,,,,,,,,,,600/23,600/23,600/23,600/23,600/23,600/23,600/23,600/23,600/23,600/23,600/23,600/23,,,,,,,
99,1233,General Rodríguez,BUENOS AIRES,GANADERÍA,,,,,,,,,,,,,,,,,,,,,,,,,208/2023,208/2023,208/2023,208/2023,208/2023,317/2023,317/2023,317/2023,317/2023,587/2023,587/2023,587/2023,587/2023,587/2023,587/2023,587/2023,,,,,,,,,,,
96,1230,General San Martín,BUENOS AIRES,GANADERÍA,,,,,,,,,,,,,,,,,,,,,,,,,,,,,,,,,,,,,,,,,,,,,,,,,,,
200,1547,General San Martín,CÓRDOBA,GANADERÍA,,,,,,,,,,,,,,,,,,,,,,,,,,,,,,,,,600/23,600/23,600/23,600/23,600/23,600/23,600/23,600/23,600/23,600/23,600/23,600/23,,,,,,,
107,1242,General Viamonte,BUENOS AIRES,GANADERÍA,,,,,,,,,,,,,,,,,,,,,,,,,,,,208/2023,208/2023,208/2023,317/2023,317/2023,317/2023,587/2023,587/2023,587/2023,587/2023,587/2023,587/2023,587/2023,946/2024,946/2024,946/2024,946/2024,946/2024,946/2024,,,,,
48,1134,General Villegas,BUENOS AIRES,GANADERÍA,,,,,,,,,,,,,,,,,,,,,,,,,208/2023,208/2023,208/2023,208/2023,208/2023,208/2023,,,,,,,,,,,946/2024,946/2024,946/2024,946/2024,946/2024,946/2024,,,,,
393,1512,Goya,CORRIENTES,GANADERÍA,,,225/2020,225/2020,225/2020,225/2020,225/2020,225/2020,225/2020,225/2020,225/2020,225/2020,225/2020,225/2020,,,,,36/2022,36/2022,36/2022,36/2022,36/2022,36/2022,869/2022,869/2022,869/2022,869/2022,869/2022,869/2022,,,,,,,1620/2023,1620/2023,1620/2023,1620/2023,1620/2023,1620/2023,,,,,,,,,
155,1370,Gualeguay,ENTRE RÍOS,GANADERÍA,,,,,,,,,,,,,,,,,,,39/2022,39/2022,39/2022,39/2022,39/2022,39/2022,39/2022,,,,,98/2023,98/2023,98/2023,98/2023,98/2023,98/2023,98/2023,98/2023,98/2023,98/2023,98/2023,98/2023,,,,,,,,,,
193,1500,Gualeguaychú,ENTRE RÍOS,GANADERÍA,,,,,,,,,,,,,,,,,,,39/2022,39/2022,39/2022,39/2022,39/2022,39/2022,39/2022,,,,,98/2023,98/2023,98/2023,98/2023,98/2023,98/2023,98/2023,98/2023,98/2023,98/2023,98/2023,98/2023,,,,,,,,,,
126,1261,Guaminí,BUENOS AIRES,GANADERÍA,,,,,,,,,,,,,,,,,,,,,,,,,,317/2023,317/2023,317/2023,317/2023,317/2023,317/2023,317/2023,317/2023,,,,,,,,946/2024,946/2024,946/2024,946/2024,946/2024,946/2024,,,,,
374,1490,Guaraní,MISIONES,GANADERÍA,,,,,285/2020,285/2020,285/2020,285/2020,285/2020,285/2020,285/2020,,,,,,,,21/2022,21/2022,21/2022,21/2022,21/2022,21/2022,,,,,,,,,,,,,,,,,,,,,,,,,,,
171,1438,Guatraché,LA PAMPA,GANADERÍA,,,,,,,,,,,,,,,,,,,,,,,,,,,,,,,,,,,,,,,,986/2024,986/2024,986/2024,986/2024,986/2024,986/2024,986/2024,986/2024,986/2024,986/2024,986/2024,986/2024
120,1255,Hipólito Yrigoyen,BUENOS AIRES,GANADERÍA,,,,,,,,,,,,,,,,,,,,,,,,,,,,,,,,,,,,,,,,,,,,,,,,,,,
169,1436,Hucal,LA PAMPA,GANADERÍA,,,,,,,,,,,,,,,,,,,,,,,,,,,,,,,,,,,,,,,,986/2024,986/2024,986/2024,986/2024,986/2024,986/2024,986/2024,986/2024,986/2024,986/2024,986/2024,986/2024
92,1226,Hurlingham,BUENOS AIRES,GANADERÍA,,,,,,,,,,,,,,,,,,,,,,,,,,,,,,,,,,,,,,,,,,,,,,,,,,,
376,1492,Iguazú,MISIONES,GANADERÍA,,,,,285/2020,285/2020,285/2020,285/2020,285/2020,285/2020,285/2020,,,,,,,,21/2022,21/2022,21/2022,21/2022,21/2022,21/2022,,,,,,,,,,,,,,,,,,,,,,,,,,,
288,1161,Independencia,CHACO,GANADERÍA,,,,224/2020,224/2020,224/2020,224/2020,224/2020,224/2020,69/2021,69/2021,69/2021,69/2021,69/2021,69/2021,,,,,41/22,41/22,41/22,41/22,41/22,41/22,,,,,,194/23,194/23,194/23,194/23,194/23,194/23,194/23,,,,,,,,,,,,,,
164,1427,Iriondo,SANTA FE,GANADERÍA,,,,,,,,,,,,,,,,,,,31/2022,31/2022,31/2022,31/2022,31/2022,31/2022,,,,,16/2023,16/2023,16/2023,16/2023,16/2023,16/2023,16/2023,750/2023,750/2023,750/2023,750/2023,1484/2023,1484/2023,1484/2023,1484/2023,1484/2023,1484/2023,,,,,,
420,1545,Ischilín,CÓRDOBA,GANADERÍA,,,,,,,,,,,,,,,,,,,,,,,,,,,,,,,,,600/23,600/23,600/23,600/23,600/23,600/23,600/23,600/23,600/23,600/23,600/23,600/23,,,,,,,
191,1497,Islas del Ibicuy,ENTRE RÍOS,GANADERÍA,,,,,,,,,,,,,,,,,,,39/2022,39/2022,39/2022,39/2022,39/2022,39/2022,39/2022,,,,,98/2023,98/2023,98/2023,98/2023,98/2023,98/2023,98/2023,98/2023,98/2023,98/2023,98/2023,98/2023,,,,,,,,,,
405,1524,Itatí,CORRIENTES,GANADERÍA,,,225/2020,225/2020,225/2020,225/2020,225/2020,225/2020,225/2020,225/2020,225/2020,225/2020,225/2020,225/2020,,,,,36/2022,36/2022,36/2022,36/2022,36/2022,36/2022,869/2022,869/2022,869/2022,869/2022,869/2022,869/2022,,,,,,,,,,,,,,,,,,,,,
98,1232,Ituzaingó,BUENOS AIRES,GANADERÍA,,,,,,,,,,,,,,,,,,,,,,,,,,,,,,,,,,,,,,,,,,,,,,,,,,,
403,1522,Ituzaingó,CORRIENTES,GANADERÍA,,,,,,,,,,,,,,,,,,,36/2022,36/2022,36/2022,36/2022,36/2022,36/2022,869/2022,869/2022,869/2022,869/2022,869/2022,869/2022,,,,,,,,,,,,,,,,,,,,,
5,1068,José C. Paz,BUENOS AIRES,GANADERÍA,,,,,,,,,,,,,,,,,,,,,,,,,,,,,,,,,,,,,,,,,,,,,,,,,,,
199,1543,Juárez Celman,CÓRDOBA,GANADERÍA,,,,,,,,,,,,,,,,,,,,,,,,,,,,,,,,,600/23,600/23,600/23,600/23,600/23,600/23,600/23,600/23,600/23,600/23,600/23,600/23,,,,,,,
88,1222,Junín,BUENOS AIRES,GANADERÍA,,,,,,,,,,,,,,,,,,,,,,,,,56/2023,56/2023,56/2023,56/2023,56/2023,56/2023,317/2023,317/2023,317/2023,587/2023,587/2023,587/2023,587/2023,587/2023,587/2023,587/2023,946/2024,946/2024,946/2024,946/2024,946/2024,946/2024,,,,,
359,1469,La Capital,SANTA FE,GANADERÍA,,,,,,,,,,,,,,,,,,,31/2022,31/2022,31/2022,31/2022,31/2022,31/2022,,,,,16/2023,16/2023,16/2023,16/2023,16/2023,16/2023,16/2023,750/2023,750/2023,750/2023,750/2023,1484/2023,1484/2023,1484/2023,1484/2023,1484/2023,1484/2023,,,,,,
23,1087,La Costa,BUENOS AIRES,GANADERÍA,,,,,,,,,,,,,,,,,,,,,,,,,,,,,,,,,,,,,,,,,,,,,,,,,,,
9,1073,La Matanza,BUENOS AIRES,GANADERÍA,,,,,,,,,,,,,,,,,,,,,,,,,,,,,,,,,,,,,,,,,,,,,,,,,,,
340,1365,La Paz,ENTRE RÍOS,GANADERÍA,,,,,,,,,,,,,,,,,,,39/2022,39/2022,39/2022,39/2022,39/2022,39/2022,39/2022,,,,,98/2023,98/2023,98/2023,98/2023,98/2023,98/2023,98/2023,98/2023,98/2023,98/2023,98/2023,98/2023,,,,,,,,,,
152,1329,La Plata,BUENOS AIRES,GANADERÍA,,,,,,,,,,,,,,,,,,,,,,,,,,,,317/2023,317/2023,317/2023,317/2023,317/2023,317/2023,587/2023,587/2023,587/2023,587/2023,587/2023,587/2023,587/2023,,,,,,,,,,,
278,1121,Laishi,FORMOSA,GANADERÍA,201/2020,201/2020,201/2020,201/2020,201/2020,201/2020,201/2020,201/2020,201/2020,201/2020,201/2020,201/2020,,,,,,,,,,,,,,,,,,,,,,,,,,,,,,,,,,,,,,,
148,1320,Lanús,BUENOS AIRES,GANADERÍA,,,,,,,,,,,,,,,,,,,,,,,,,,,,,,,,,,,,,,,,,,,,,,,,,,,
128,1263,Laprida,BUENOS AIRES,GANADERÍA,,,,,,,,,,,,,,,,,,,,,,,,,208/2023,208/2023,208/2023,208/2023,317/2023,317/2023,317/2023,317/2023,317/2023,587/2023,587/2023,587/2023,587/2023,587/2023,587/2023,587/2023,,,,,,,,,,,
349,1428,Las Colonias,SANTA FE,GANADERÍA,,,,,,,,,,,,,,,,,,,31/2022,31/2022,31/2022,31/2022,31/2022,31/2022,,,,,16/2023,16/2023,16/2023,16/2023,16/2023,16/2023,16/2023,750/2023,750/2023,750/2023,750/2023,1484/2023,1484/2023,1484/2023,1484/2023,1484/2023,1484/2023,,,,,,
2,1065,Las Flores,BUENOS AIRES,GANADERÍA,,,,,,,,,,,,,,,,,,,,,,,,,,,,,,317/2023,317/2023,317/2023,317/2023,587/2023,587/2023,587/2023,587/2023,587/2023,587/2023,587/2023,,,,,,,,,,,
392,1511,Lavalle,CORRIENTES,GANADERÍA,,,225/2020,225/2020,225/2020,225/2020,225/2020,225/2020,225/2020,225/2020,225/2020,225/2020,225/2020,225/2020,,,,,36/2022,36/2022,36/2022,36/2022,36/2022,36/2022,869/2022,869/2022,869/2022,869/2022,869/2022,869/2022,,,,,,,1620/2023,1620/2023,1620/2023,1620/2023,1620/2023,1620/2023,,,,,,,,,
140,1294,Leandro N. Alem,BUENOS AIRES,GANADERÍA,,,,,,,,,,,,,,,,,,,,,,,,,317/2023,317/2023,317/2023,317/2023,317/2023,317/2023,317/2023,317/2023,317/2023,587/2023,587/2023,587/2023,587/2023,587/2023,587/2023,587/2023,,,,,,,,,,,
370,1486,Leandro N. Alem,MISIONES,GANADERÍA,,,,,285/2020,285/2020,285/2020,285/2020,285/2020,285/2020,285/2020,,,,,,,,21/2022,21/2022,21/2022,21/2022,21/2022,21/2022,,,,,,,,,,,,,,,,,,,,,,,,,,,
36,1110,Lezama,BUENOS AIRES,GANADERÍA,,,,,,,,,,,,,,,,,,,,,,,,,,,,317/2023,317/2023,317/2023,317/2023,317/2023,317/2023,587/2023,587/2023,587/2023,587/2023,587/2023,587/2023,587/2023,,,,,,,,,,,
323,1324,Libertad,CHACO,GANADERÍA,,,,224/2020,224/2020,224/2020,224/2020,224/2020,224/2020,69/2021,69/2021,69/2021,69/2021,69/2021,69/2021,,,,,41/22,41/22,41/22,41/22,41/22,41/22,,,,,,194/23,194/23,194/23,194/23,194/23,194/23,194/23,,,,,,,,,,,,,,
312,1295,Libertador General San Martín,CHACO,GANADERÍA,,,,224/2020,224/2020,224/2020,224/2020,224/2020,224/2020,69/2021,69/2021,69/2021,69/2021,69/2021,69/2021,,,,,41/22,41/22,41/22,41/22,41/22,41/22,,,,,,194/23,194/23,194/23,194/23,194/23,194/23,194/23,,,,,,,,,,,,,,
379,1495,Libertador General San Martín,MISIONES,GANADERÍA,,,,,285/2020,285/2020,285/2020,285/2020,285/2020,285/2020,285/2020,,,,,,,,21/2022,21/2022,21/2022,21/2022,21/2022,21/2022,,,,,,,,,,,,,,,,,,,,,,,,,,,
168,1435,Lihuel Calel,LA PAMPA,GANADERÍA,,,,,,,,,,,,,,,,,,,,,,,,,,,,,,,,,,,929/2023,929/2023,929/2023,929/2023,929/2023,986/2024,986/2024,986/2024,986/2024,986/2024,986/2024,986/2024,986/2024,986/2024,986/2024,986/2024,986/2024
170,1437,Limay Mahuida,LA PAMPA,GANADERÍA,,,,,,,,,,,,,,,,,,,,,,,,,,,528/2023,528/2023,528/2023,528/2023,528/2023,528/2023,528/2023,,,,1485/2023,1485/2023,1485/2023,986/2024,986/2024,986/2024,986/2024,986/2024,986/2024,986/2024,986/2024,986/2024,986/2024,986/2024,986/2024
97,1231,Lincoln,BUENOS AIRES,GANADERÍA,,,,,,,,,,,,,,,,,,,,,,,,,208/2023,208/2023,208/2023,208/2023,208/2023,208/2023,317/2023,317/2023,317/2023,587/2023,587/2023,587/2023,587/2023,587/2023,587/2023,587/2023,946/2024,946/2024,946/2024,946/2024,946/2024,946/2024,,,,,
134,1270,Lobería,BUENOS AIRES,GANADERÍA,,,,,,,,,,,,,,,,,,,,,,,,,,,,,,,,,,,,,,,,,,,,,,,,,,,
113,1248,Lobos,BUENOS AIRES,GANADERÍA,,,,,,,,,,,,,,,,,,,,,,,,,,,,56/2023,56/2023,56/2023,317/2023,317/2023,317/2023,587/2023,587/2023,587/2023,587/2023,587/2023,587/2023,587/2023,946/2024,946/2024,946/2024,946/2024,946/2024,946/2024,,,,,
149,1321,Lomas de Zamora,BUENOS AIRES,GANADERÍA,,,,,,,,,,,,,,,,,,,,,,,,,,,,,,,,,,,,,,,,,,,,,,,,,,,
179,1448,Loventué,LA PAMPA,GANADERÍA,,,,,,,,,,,,,,,,,,,,,,,,,,,528/2023,528/2023,528/2023,528/2023,528/2023,528/2023,528/2023,,,,1485/2023,1485/2023,1485/2023,986/2024,986/2024,986/2024,986/2024,986/2024,986/2024,986/2024,986/2024,986/2024,986/2024,986/2024,986/2024
91,1225,Luján,BUENOS AIRES,GANADERÍA,,,,,,,,,,,,,,,,,,,,,,,,,208/2023,208/2023,208/2023,208/2023,208/2023,208/2023,317/2023,317/2023,317/2023,587/2023,587/2023,587/2023,587/2023,587/2023,587/2023,587/2023,946/2024,946/2024,946/2024,946/2024,946/2024,946/2024,,,,,
24,1088,Magdalena,BUENOS AIRES,GANADERÍA,,,,,,,,,,,,,,,,,,,,,,,,,,,,56/2023,56/2023,56/2023,317/2023,317/2023,317/2023,587/2023,587/2023,587/2023,587/2023,587/2023,587/2023,587/2023,946/2024,946/2024,946/2024,946/2024,946/2024,946/2024,,,,,
7,1070,Maipú,BUENOS AIRES,GANADERÍA,,,,,,,,,,,,,,,,,,,,,,,,,208/2023,208/2023,208/2023,208/2023,208/2023,208/2023,317/2023,317/2023,317/2023,587/2023,587/2023,587/2023,587/2023,587/2023,587/2023,587/2023,946/2024,946/2024,946/2024,946/2024,946/2024,946/2024,,,,,
297,1183,Maipú,CHACO,GANADERÍA,,,,224/2020,224/2020,224/2020,224/2020,224/2020,224/2020,69/2021,69/2021,69/2021,69/2021,69/2021,69/2021,,,,,41/22,41/22,41/22,41/22,41/22,41/22,,,,,,194/23,194/23,194/23,194/23,194/23,194/23,194/23,,,,,,,,,,,,,,
95,1229,Malvinas Argentinas,BUENOS AIRES,GANADERÍA,,,,,,,,,,,,,,,,,,,,,,,,,,,,,,,,,,,,,,,,,,,,,,,,,,,
19,1083,Mar Chiquita,BUENOS AIRES,GANADERÍA,,,,,,,,,,,,,,,,,,,,,,,,,,,,,,,,,,,,,,,,,,,,,,,,,,,
172,1439,Maracó,LA PAMPA,GANADERÍA,,,,,,,,,,,,,,,,,,,,,,,,,,,,,,,,,,,,,,,,986/2024,986/2024,986/2024,986/2024,986/2024,986/2024,986/2024,986/2024,986/2024,986/2024,986/2024,986/2024
201,1550,Marcos Juárez,CÓRDOBA,GANADERÍA,,,,,,,,,,,,,,,,,,,,,,,,,,,,,,,290/2023,290/2023,290/2023,290/2023,290/2023,290/2023,290/2023,290/2023,290/2023,290/2023,290/2023,290/2023,1523/23,1523/23,,,,,,,
106,1241,Marcos Paz,BUENOS AIRES,GANADERÍA,,,,,,,,,,,,,,,,,,,,,,,,,317/2023,317/2023,317/2023,317/2023,317/2023,317/2023,317/2023,317/2023,317/2023,587/2023,587/2023,587/2023,587/2023,587/2023,587/2023,587/2023,,,,,,,,,,,
456,1152,Matacos,FORMOSA,GANADERÍA,201/2020,201/2020,201/2020,201/2020,201/2020,201/2020,201/2020,201/2020,201/2020,201/2020,201/2020,201/2020,,,,,,,,,,,,,,,,,,,,,,,,,,,,,,,,,,,,,,,
289,1162,Mayor Luis J. Fontana,CHACO,GANADERÍA,,,,224/2020,224/2020,224/2020,224/2020,224/2020,224/2020,69/2021,69/2021,69/2021,69/2021,69/2021,69/2021,,,,,,,,,,,,,,,,194/23,194/23,194/23,194/23,194/23,194/23,194/23,,,,,,,,,,,,,,
384,1503,Mburucuyá,CORRIENTES,GANADERÍA,,,225/2020,225/2020,225/2020,225/2020,225/2020,225/2020,225/2020,225/2020,225/2020,225/2020,225/2020,225/2020,,,,,36/2022,36/2022,36/2022,36/2022,36/2022,36/2022,869/2022,869/2022,869/2022,869/2022,869/2022,869/2022,,,,,,,,,,,,,,,,,,,,,
89,1223,Mercedes,BUENOS AIRES,GANADERÍA,,,,,,,,,,,,,,,,,,,,,,,,,208/2023,208/2023,208/2023,208/2023,208/2023,208/2023,317/2023,317/2023,317/2023,587/2023,587/2023,587/2023,587/2023,587/2023,587/2023,587/2023,,,,,,,,,,,
386,1505,Mercedes,CORRIENTES,GANADERÍA,,,,,,,,,,,,,,,,,,,36/2022,36/2022,36/2022,36/2022,36/2022,36/2022,869/2022,869/2022,869/2022,869/2022,869/2022,869/2022,,,,,,,1620/2023,1620/2023,1620/2023,1620/2023,1620/2023,1620/2023,,,,,,,,,
79,1213,Merlo,BUENOS AIRES,GANADERÍA,,,,,,,,,,,,,,,,,,,,,,,,,,,,,,,,,,,,,,,,,,,,,,,,,,,
412,1531,Minas,CÓRDOBA,GANADERÍA,,,,,,,,,,,,,,,,,,,,,,,,,,,,,,,,,,,,,,,,,,,,,,,,,,,
76,1210,Monte,BUENOS AIRES,GANADERÍA,,,,,,,,,,,,,,,,,,,,,,,,,,,,208/2023,208/2023,208/2023,317/2023,317/2023,317/2023,587/2023,587/2023,587/2023,587/2023,587/2023,587/2023,587/2023,946/2024,946/2024,946/2024,946/2024,946/2024,946/2024,,,,,
397,1516,Monte Caseros,CORRIENTES,GANADERÍA,,,,,,,,,,,,,,,,,,,36/2022,36/2022,36/2022,36/2022,36/2022,36/2022,869/2022,869/2022,869/2022,869/2022,869/2022,869/2022,,,,,,,1620/2023,1620/2023,1620/2023,1620/2023,1620/2023,1620/2023,,,,,,,,,
133,1269,Monte Hermoso,BUENOS AIRES,GANADERÍA,,,,,,,,,,,,,,,,,,,,,,,,,,,,,,,,,,,,,,,,,,,,,,,,,,,
366,1482,Montecarlo,MISIONES,GANADERÍA,,,,,285/2020,285/2020,285/2020,285/2020,285/2020,285/2020,285/2020,,,,,,,,21/2022,21/2022,21/2022,21/2022,21/2022,21/2022,,,,,,,,,,,,,,,,,,,,,,,,,,,
8,1072,Moreno,BUENOS AIRES,GANADERÍA,,,,,,,,,,,,,,,,,,,,,,,,,,,,,,,,,,,,,,,,,,,,,,,,,,,
93,1227,Morón,BUENOS AIRES,GANADERÍA,,,,,,,,,,,,,,,,,,,,,,,,,,,,,,,,,,,,,,,,,,,,,,,,,,,
110,1245,Navarro,BUENOS AIRES,GANADERÍA,,,,,,,,,,,,,,,,,,,,,,,,,,,,208/2023,208/2023,208/2023,317/2023,317/2023,317/2023,587/2023,587/2023,587/2023,587/2023,587/2023,587/2023,587/2023,946/2024,946/2024,946/2024,946/2024,946/2024,946/2024,,,,,
35,1105,Necochea,BUENOS AIRES,GANADERÍA,,,,,,,,,,,,,,,,,,,,,,,,,587/2023,587/2023,587/2023,587/2023,587/2023,587/2023,587/2023,587/2023,587/2023,587/2023,587/2023,587/2023,587/2023,587/2023,587/2023,587/2023,,,,,,,,,,,
338,1363,Nogoyá,ENTRE RÍOS,GANADERÍA,,,,,,,,,,,,,,,,,,,39/2022,39/2022,39/2022,39/2022,39/2022,39/2022,39/2022,,,,,98/2023,98/2023,98/2023,98/2023,98/2023,98/2023,98/2023,98/2023,98/2023,98/2023,98/2023,98/2023,,,,,,,,,,
269,1071,O'Higgins,CHACO,GANADERÍA,,,,224/2020,224/2020,224/2020,224/2020,224/2020,224/2020,69/2021,69/2021,69/2021,69/2021,69/2021,69/2021,,,,,,,,,,,,,,,,194/23,194/23,194/23,194/23,194/23,194/23,194/23,,,,,,,,,,,,,,
368,1484,Oberá,MISIONES,GANADERÍA,,,,,285/2020,285/2020,285/2020,285/2020,285/2020,285/2020,285/2020,,,,,,,,21/2022,21/2022,21/2022,21/2022,21/2022,21/2022,,,,,,,,,,,,,,,,,,,,,,,,,,,
78,1212,Olavarría,BUENOS AIRES,GANADERÍA,,,,,,,,,,,,,,,,,,,,,,,,,,,,,,,,,,,,,,,,,,,,,,,,,,,
342,1367,Paraná,ENTRE RÍOS,GANADERÍA,,,,,,,,,,,,,,,,,,,39/2022,39/2022,39/2022,39/2022,39/2022,39/2022,39/2022,,,,,98/2023,98/2023,98/2023,98/2023,98/2023,98/2023,98/2023,98/2023,98/2023,98/2023,98/2023,98/2023,,,,,,,,,,
398,1517,Paso de los Libres,CORRIENTES,GANADERÍA,,,,,,,,,,,,,,,,,,,36/2022,36/2022,36/2022,36/2022,36/2022,36/2022,869/2022,869/2022,869/2022,869/2022,869/2022,869/2022,,,,,,,1620/2023,1620/2023,1620/2023,1620/2023,1620/2023,1620/2023,,,,,,,,,
142,1298,Patagones,BUENOS AIRES,GANADERÍA,,,,,,,48/2022,48/2022,48/2022,48/2022,48/2022,48/2022,48/2022,48/2022,48/2022,48/2022,48/2022,48/2022,,,,,,,,,,,,,1612/2023,1612/2023,1612/2023,1612/2023,1612/2023,1612/2023,1612/2023,1612/2023,1612/2023,1612/2023,946/2024,946/2024,946/2024,946/2024,946/2024,946/2024,,,,,
282,1149,Patiño,FORMOSA,GANADERÍA,201/2020,201/2020,201/2020,201/2020,201/2020,201/2020,201/2020,201/2020,201/2020,201/2020,201/2020,201/2020,,,,,,,,,,,,,,,,,,,,,,,,,,,,,,,,,,,,,,,
73,1207,Pehuajó,BUENOS AIRES,GANADERÍA,,,,,,,,,,,,,,,,,,,,,,,,,,,,,,,,,1612/2023,1612/2023,1612/2023,1612/2023,1612/2023,1612/2023,1612/2023,1612/2023,,,,,,,,,,,
45,1131,Pellegrini,BUENOS AIRES,GANADERÍA,,,,,,,,,,,,,,,,,,,,,,,,,,,,,,,,,,,,,,,,,,,,,,,,,,,
56,1159,Pergamino,BUENOS AIRES,GANADERÍA,,,,,,,,,,,,,,,,,,,,,,,,208/2023,208/2023,208/2023,208/2023,208/2023,317/2023,317/2023,317/2023,317/2023,317/2023,587/2023,587/2023,587/2023,587/2023,587/2023,587/2023,587/2023,946/2024,946/2024,946/2024,946/2024,946/2024,946/2024,,,,,
153,1346,Pila,BUENOS AIRES,GANADERÍA,,,,,,,,,,,,,,,,,,,,,,,,,,,,317/2023,317/2023,317/2023,317/2023,317/2023,317/2023,587/2023,587/2023,587/2023,587/2023,587/2023,587/2023,587/2023,946/2024,946/2024,946/2024,946/2024,946/2024,946/2024,,,,,
277,1120,Pilagás,FORMOSA,GANADERÍA,201/2020,201/2020,201/2020,201/2020,201/2020,201/2020,201/2020,201/2020,201/2020,201/2020,201/2020,201/2020,,,,,,,,,,,,,,,,,,,,,,,,,,,,,,,,,,,,,,,
90,1224,Pilar,BUENOS AIRES,GANADERÍA,,,,,,,,,,,,,,,,,,,,,,,,,,,,,,,,,,,,,,,,,,,,,,,,,,,
311,1293,Pilcomayo,FORMOSA,GANADERÍA,201/2020,201/2020,201/2020,201/2020,201/2020,201/2020,201/2020,201/2020,201/2020,201/2020,201/2020,201/2020,,,,,,,,,,,,,,,,,,,,,,,,,,,,,,,,,,,,,,,
21,1085,Pinamar,BUENOS AIRES,GANADERÍA,,,,,,,,,,,,,,,,,,,,,,,,,,,,,,,,,,,,,,,,,,,,,,,,,,,
279,1122,Pirané,FORMOSA,GANADERÍA,201/2020,201/2020,201/2020,201/2020,201/2020,201/2020,201/2020,201/2020,201/2020,201/2020,201/2020,201/2020,,,,,,,,,,,,,,,,,,,,,,,,,,,,,,,,,,,,,,,
425,1552,Pocho,CÓRDOBA,GANADERÍA,,,,,,,,,,,,,,,,,,,,,,,,,,,,,,,,,600/23,600/23,600/23,600/23,600/23,600/23,600/23,600/23,600/23,600/23,600/23,600/23,,,,,,,
286,1158,Presidencia de la Plaza,CHACO,GANADERÍA,,,,224/2020,224/2020,224/2020,224/2020,224/2020,224/2020,69/2021,69/2021,69/2021,69/2021,69/2021,69/2021,,,,,41/22,41/22,41/22,41/22,41/22,41/22,,,,,,194/23,194/23,194/23,194/23,194/23,194/23,194/23,,,,,,,,,,,,,,
67,1201,Presidente Perón,BUENOS AIRES,GANADERÍA,,,,,,,,,,,,,,,,,,,,,,,,,,,,,,,,,,,,,,,,,,,,,,,,,,,
197,1538,Presidente Roque Sáenz Peña,CÓRDOBA,GANADERÍA,,,,,,,,,,,,,,,,,,,,,,,,,,,,,,,,,600/23,600/23,600/23,600/23,600/23,600/23,600/23,600/23,600/23,600/23,600/23,600/23,,,,,,,
46,1132,Puán,BUENOS AIRES,GANADERÍA,,,,,,,,,,,,,,,,,,,,,,,,,,,,,,,,,,,,,,,,,946/2024,946/2024,946/2024,946/2024,946/2024,946/2024,,,,,
509,1446,Puelén,LA PAMPA,GANADERÍA,,,,,,,,,,,,,,,,,,,,,,,,,,,21/2023,21/2023,21/2023,21/2023,21/2023,21/2023,,,929/2023,929/2023,929/2023,929/2023,929/2023,986/2024,986/2024,986/2024,986/2024,986/2024,986/2024,986/2024,986/2024,986/2024,986/2024,986/2024,986/2024
410,1529,Punilla,CÓRDOBA,GANADERÍA,,,,,,,,,,,,,,,,,,,,,,,,,,,,,,,,,600/23,600/23,600/23,600/23,600/23,600/23,600/23,600/23,600/23,600/23,600/23,600/23,,,,,,,
38,1112,Punta Indio,BUENOS AIRES,GANADERÍA,,,,,,,,,,,,,,,,,,,,,,,,,,,,208/2023,208/2023,208/2023,317/2023,317/2023,317/2023,587/2023,587/2023,587/2023,587/2023,587/2023,587/2023,587/2023,,,,,,,,,,,
188,1473,Quemú Quemú,LA PAMPA,GANADERÍA,,,,,,,,,,,,,,,,,,,,,,,,,,,,,,,,,,,,,,,,,,,,,,,,,,,
115,1250,Quilmes,BUENOS AIRES,GANADERÍA,,,,,,,,,,,,,,,,,,,,,,,,,,,,,,,,,,,,,,,,,,,,,,,,,,,
285,1157,Quitilipi,CHACO,GANADERÍA,,,,224/2020,224/2020,224/2020,224/2020,224/2020,224/2020,69/2021,69/2021,69/2021,69/2021,69/2021,69/2021,,,,,41/22,41/22,41/22,41/22,41/22,41/22,,,,,,194/23,194/23,194/23,194/23,194/23,194/23,194/23,,,,,,,,,,,,,,
138,1274,Ramallo,BUENOS AIRES,GANADERÍA,,,,,,,,,,,,,,,,,,,,,,,,,,,,56/2023,56/2023,56/2023,317/2023,317/2023,317/2023,587/2023,587/2023,587/2023,587/2023,587/2023,587/2023,587/2023,946/2024,946/2024,946/2024,946/2024,946/2024,946/2024,,,,,
479,1312,Ramón Lista,FORMOSA,GANADERÍA,201/2020,201/2020,201/2020,201/2020,201/2020,201/2020,201/2020,201/2020,201/2020,201/2020,201/2020,201/2020,,,,,,,,,,,,,,,,,,,,,,,,,,,,,,,,,,,,,,,
167,1434,Rancul,LA PAMPA,GANADERÍA,,,,,,,,,,,,,,,,,,,,,,,,,,,528/2023,528/2023,528/2023,528/2023,528/2023,528/2023,528/2023,,,,1485/2023,1485/2023,1485/2023,986/2024,986/2024,986/2024,986/2024,986/2024,986/2024,986/2024,986/2024,986/2024,986/2024,986/2024,986/2024
26,1096,Rauch,BUENOS AIRES,GANADERÍA,,,,,,,,,,,,,,,,,,,,,,,,,208/2023,208/2023,208/2023,208/2023,208/2023,208/2023,317/2023,317/2023,317/2023,587/2023,587/2023,587/2023,587/2023,587/2023,587/2023,587/2023,946/2024,946/2024,946/2024,946/2024,946/2024,946/2024,,,,,
173,1440,Realicó,LA PAMPA,GANADERÍA,,,,,,,,,,,,,,,,,,,,,,,,,,,528/2023,528/2023,528/2023,528/2023,528/2023,528/2023,528/2023,,,,1485/2023,1485/2023,1485/2023,986/2024,986/2024,986/2024,986/2024,986/2024,986/2024,986/2024,986/2024,986/2024,986/2024,986/2024,986/2024
196,1537,Río Cuarto,CÓRDOBA,GANADERÍA,,,,,,,,,,,,,,,,,,,,,,,,,,,,,,,,,600/23,600/23,600/23,600/23,600/23,600/23,600/23,600/23,600/23,600/23,600/23,600/23,,,,,,,
423,1549,Río Primero,CÓRDOBA,GANADERÍA,,,,,,,,,,,,,,,,,,,,,,,,,,,,,,,,,600/23,600/23,600/23,600/23,600/23,600/23,600/23,600/23,600/23,600/23,600/23,600/23,,,,,,,
416,1540,Río Seco,CÓRDOBA,GANADERÍA,,,,,,,,,,,,,,,,,,,,,,,,,,,,,,,,,600/23,600/23,600/23,600/23,600/23,600/23,600/23,600/23,600/23,600/23,600/23,600/23,,,,,,,
414,1533,Río Segundo,CÓRDOBA,GANADERÍA,,,,,,,,,,,,,,,,,,,,,,,,,,,,,,,,,600/23,600/23,600/23,600/23,600/23,600/23,600/23,600/23,600/23,600/23,600/23,600/23,,,,,,,
182,1456,Rivadavia,BUENOS AIRES,GANADERÍA,,,,,,,,,,,,,,,,,,,,,,,,,,,,,,,,1612/2023,1612/2023,1612/2023,1612/2023,1612/2023,1612/2023,1612/2023,1612/2023,1612/2023,946/2024,946/2024,946/2024,946/2024,946/2024,946/2024,,,,,
3,1066,Rojas,BUENOS AIRES,GANADERÍA,,,,,,,,,,,,,,,,,,,,,,,,,,,,56/2023,56/2023,56/2023,317/2023,317/2023,317/2023,587/2023,587/2023,587/2023,587/2023,587/2023,587/2023,587/2023,946/2024,946/2024,946/2024,946/2024,946/2024,946/2024,,,,,
77,1211,Roque Pérez,BUENOS AIRES,GANADERÍA,,,,,,,,,,,,,,,,,,,,,,,,,208/2023,208/2023,208/2023,208/2023,208/2023,208/2023,317/2023,317/2023,317/2023,587/2023,587/2023,587/2023,587/2023,587/2023,587/2023,587/2023,,,,,,,,,,,
163,1426,Rosario,SANTA FE,GANADERÍA,,,,,,,,,,,,,,,,,,,31/2022,31/2022,31/2022,31/2022,31/2022,31/2022,,,,,16/2023,16/2023,16/2023,16/2023,16/2023,16/2023,16/2023,750/2023,750/2023,750/2023,750/2023,1484/2023,1484/2023,1484/2023,1484/2023,1484/2023,1484/2023,,,,,,
132,1268,Saavedra,BUENOS AIRES,GANADERÍA,,,,,,,,,,,,,,,,,,,,,,,,,317/2023,317/2023,317/2023,317/2023,317/2023,317/2023,317/2023,317/2023,317/2023,,,,,,,,946/2024,946/2024,946/2024,946/2024,946/2024,946/2024,,,,,
390,1509,Saladas,CORRIENTES,GANADERÍA,,,225/2020,225/2020,225/2020,225/2020,225/2020,225/2020,225/2020,225/2020,225/2020,225/2020,225/2020,225/2020,,,,,36/2022,36/2022,36/2022,36/2022,36/2022,36/2022,869/2022,869/2022,869/2022,869/2022,869/2022,869/2022,,,,,,,,,,,,,,,,,,,,,
1,1064,Saladillo,BUENOS AIRES,GANADERÍA,,,,,,,,,,,,,,,,,,,,,,,,,,,,587/2023,587/2023,587/2023,587/2023,587/2023,587/2023,587/2023,587/2023,587/2023,587/2023,587/2023,587/2023,587/2023,946/2024,946/2024,946/2024,946/2024,946/2024,946/2024,,,,,
27,1097,Salliqueló,BUENOS AIRES,GANADERÍA,,,,,,,,,,,,,,,,,,,,,,,,,,,,,,,,,,,,,,,,,,,,,,,,,,,
84,1218,Salto,BUENOS AIRES,GANADERÍA,,,,,,,,,,,,,,,,,,,,,,,,,,,56/2023,56/2023,56/2023,56/2023,317/2023,317/2023,317/2023,587/2023,587/2023,587/2023,587/2023,587/2023,587/2023,587/2023,,,,,,,,,,,
413,1532,San Alberto,CÓRDOBA,GANADERÍA,,,,,,,,,,,,,,,,,,,,,,,,,,,,,,,,,600/23,600/23,600/23,600/23,600/23,600/23,600/23,600/23,600/23,600/23,600/23,600/23,,,,,,,
87,1221,San Andrés de Giles,BUENOS AIRES,GANADERÍA,,,,,,,,,,,,,,,,,,,,,,,,,208/2023,208/2023,208/2023,208/2023,208/2023,208/2023,317/2023,317/2023,317/2023,587/2023,587/2023,587/2023,587/2023,587/2023,587/2023,587/2023,946/2024,946/2024,946/2024,946/2024,946/2024,946/2024,,,,,
6,1069,San Antonio de Areco,BUENOS AIRES,GANADERÍA,,,,,,,,,,,,,,,,,,,,,,,,,,,,317/2023,317/2023,317/2023,317/2023,317/2023,317/2023,587/2023,587/2023,587/2023,587/2023,587/2023,587/2023,587/2023,946/2024,946/2024,946/2024,946/2024,946/2024,946/2024,,,,,
32,1102,San Cayetano,BUENOS AIRES,GANADERÍA,,,,,,,,,,,,,,,,,,,,,,,,,587/2023,587/2023,587/2023,587/2023,587/2023,587/2023,,,,,,,,,,,,,,,,,,,,,
406,1525,San Cosme,CORRIENTES,GANADERÍA,,,225/2020,225/2020,225/2020,225/2020,225/2020,225/2020,225/2020,225/2020,225/2020,225/2020,225/2020,225/2020,,,,,36/2022,36/2022,36/2022,36/2022,36/2022,36/2022,869/2022,869/2022,869/2022,869/2022,869/2022,869/2022,,,,,,,,,,,,,,,,,,,,,
358,1468,San Cristóbal,SANTA FE,GANADERÍA,,,,,,,,,,,,,,,,,,,31/2022,31/2022,31/2022,31/2022,31/2022,31/2022,,,,,16/2023,16/2023,16/2023,16/2023,16/2023,16/2023,16/2023,750/2023,750/2023,750/2023,750/2023,1484/2023,1484/2023,1484/2023,1484/2023,1484/2023,1484/2023,,,,,,
180,1450,San Fernando,BUENOS AIRES,GANADERÍA,,,,,,,,,,,,,,,,,,,,,,,,,,,,,,,,,,,,,,,,,,,,,,,,,,,
319,1317,San Fernando,CHACO,GANADERÍA,,,,224/2020,224/2020,224/2020,224/2020,224/2020,224/2020,69/2021,69/2021,69/2021,69/2021,69/2021,69/2021,,,,,41/22,41/22,41/22,41/22,41/22,41/22,,,,,,194/23,194/23,194/23,194/23,194/23,194/23,194/23,,,,,,,,,,,,,,
364,1480,San Ignacio,MISIONES,GANADERÍA,,,,,285/2020,285/2020,285/2020,285/2020,285/2020,285/2020,285/2020,,,,,,,,21/2022,21/2022,21/2022,21/2022,21/2022,21/2022,,,,,,,,,,,,,,,,,,,,,,,,,,,
129,1264,San Isidro,BUENOS AIRES,GANADERÍA,,,,,,,,,,,,,,,,,,,,,,,,,,,,,,,,,,,,,,,,,,,,,,,,,,,
360,1470,San Javier,SANTA FE,GANADERÍA,,,,,,,,,,,,,,,,,,,31/2022,31/2022,31/2022,31/2022,31/2022,31/2022,,,,,16/2023,16/2023,16/2023,16/2023,16/2023,16/2023,16/2023,750/2023,750/2023,750/2023,750/2023,1484/2023,1484/2023,1484/2023,1484/2023,1484/2023,1484/2023,,,,,,
371,1487,San Javier,MISIONES,GANADERÍA,,,,,285/2020,285/2020,285/2020,285/2020,285/2020,285/2020,285/2020,,,,,,,,21/2022,21/2022,21/2022,21/2022,21/2022,21/2022,,,,,,,,,,,,,,,,,,,,,,,,,,,
422,1548,San Javier,CÓRDOBA,GANADERÍA,,,,,,,,,,,,,,,,,,,,,,,,,,,,,,,,,,,,,,,,,,,,,,,,,,,
362,1478,San Jerónimo,SANTA FE,GANADERÍA,,,,,,,,,,,,,,,,,,,31/2022,31/2022,31/2022,31/2022,31/2022,31/2022,,,,,16/2023,16/2023,16/2023,16/2023,16/2023,16/2023,16/2023,750/2023,750/2023,750/2023,750/2023,1484/2023,1484/2023,1484/2023,1484/2023,1484/2023,1484/2023,,,,,,
350,1429,San Justo,SANTA FE,GANADERÍA,,,,,,,,,,,,,,,,,,,31/2022,31/2022,31/2022,31/2022,31/2022,31/2022,,,,,16/2023,16/2023,16/2023,16/2023,16/2023,16/2023,16/2023,750/2023,750/2023,750/2023,750/2023,1484/2023,1484/2023,1484/2023,1484/2023,1484/2023,1484/2023,,,,,,
415,1534,San Justo,CÓRDOBA,GANADERÍA,,,,,,,,,,,,,,,,,,,,,,,,,,,,,,,290/2023,290/2023,290/2023,290/2023,290/2023,290/2023,290/2023,290/2023,290/2023,290/2023,290/2023,290/2023,1523/23,1523/23,,,,,,,
185,1465,San Lorenzo,SANTA FE,GANADERÍA,,,,,,,,,,,,,,,,,,,31/2022,31/2022,31/2022,31/2022,31/2022,31/2022,,,,,16/2023,16/2023,16/2023,16/2023,16/2023,16/2023,16/2023,750/2023,750/2023,750/2023,750/2023,1484/2023,1484/2023,1484/2023,1484/2023,1484/2023,1484/2023,,,,,,
320,1318,San Lorenzo,CHACO,GANADERÍA,,,,224/2020,224/2020,224/2020,224/2020,224/2020,224/2020,69/2021,69/2021,69/2021,69/2021,69/2021,69/2021,,,,,,,,,,,,,,,,194/23,194/23,194/23,194/23,194/23,194/23,194/23,,,,,,,,,,,,,,
383,1502,San Luis del Palmar,CORRIENTES,GANADERÍA,,,225/2020,225/2020,225/2020,225/2020,225/2020,225/2020,225/2020,225/2020,225/2020,225/2020,225/2020,225/2020,,,,,36/2022,36/2022,36/2022,36/2022,36/2022,36/2022,869/2022,869/2022,869/2022,869/2022,869/2022,869/2022,,,,,,,,,,,,,,,,,,,,,
352,1454,San Martín,SANTA FE,GANADERÍA,,,,,,,,,,,,,,,,,,,31/2022,31/2022,31/2022,31/2022,31/2022,31/2022,,,,,16/2023,16/2023,16/2023,16/2023,16/2023,16/2023,16/2023,750/2023,750/2023,750/2023,750/2023,1484/2023,1484/2023,1484/2023,1484/2023,1484/2023,1484/2023,,,,,,
399,1518,San Martín,CORRIENTES,GANADERÍA,,,,,,,,,,,,,,,,,,,36/2022,36/2022,36/2022,36/2022,36/2022,36/2022,869/2022,869/2022,869/2022,869/2022,869/2022,869/2022,,,,,,,,,,,,,,,,,,,,,
86,1220,San Miguel,BUENOS AIRES,GANADERÍA,,,,,,,,,,,,,,,,,,,,,,,,,,,,,,,,,,,,,,,,,,,,,,,,,,,
402,1521,San Miguel,CORRIENTES,GANADERÍA,,,,,,,,,,,,,,,,,,,36/2022,36/2022,36/2022,36/2022,36/2022,36/2022,869/2022,869/2022,869/2022,869/2022,869/2022,869/2022,,,,,,,,,,,,,,,,,,,,,
139,1275,San Nicolás,BUENOS AIRES,GANADERÍA,,,,,,,,,,,,,,,,,,,,,,,,,208/2023,208/2023,208/2023,208/2023,208/2023,208/2023,317/2023,317/2023,317/2023,587/2023,587/2023,587/2023,587/2023,587/2023,587/2023,587/2023,,,,,,,,,,,
146,1305,San Pedro,BUENOS AIRES,GANADERÍA,,,,,,,,,,,,,,,,,,,,,,,,56/2023,56/2023,56/2023,56/2023,56/2023,56/2023,56/2023,317/2023,317/2023,317/2023,587/2023,587/2023,587/2023,587/2023,587/2023,587/2023,587/2023,,,,,,,,,,,
375,1491,San Pedro,MISIONES,GANADERÍA,,,,,285/2020,285/2020,285/2020,285/2020,285/2020,285/2020,285/2020,,,,,,,,21/2022,21/2022,21/2022,21/2022,21/2022,21/2022,,,,,,,,,,,,,,,,,,,,,,,,,,,
387,1506,San Roque,CORRIENTES,GANADERÍA,,,225/2020,225/2020,225/2020,225/2020,225/2020,225/2020,225/2020,225/2020,225/2020,225/2020,225/2020,225/2020,,,,,36/2022,36/2022,36/2022,36/2022,36/2022,36/2022,869/2022,869/2022,869/2022,869/2022,869/2022,869/2022,,,,,,,1620/2023,1620/2023,1620/2023,1620/2023,1620/2023,1620/2023,,,,,,,,,
337,1362,San Salvador,ENTRE RÍOS,GANADERÍA,,,,,,,,,,,,,,,,,,,39/2022,39/2022,39/2022,39/2022,39/2022,39/2022,39/2022,,,,,98/2023,98/2023,98/2023,98/2023,98/2023,98/2023,98/2023,98/2023,98/2023,98/2023,98/2023,98/2023,,,,,,,,,,
112,1247,San Vicente,BUENOS AIRES,GANADERÍA,,,,,,,,,,,,,,,,,,,,,,,,,,,,56/2023,56/2023,56/2023,317/2023,317/2023,317/2023,587/2023,587/2023,587/2023,587/2023,587/2023,587/2023,587/2023,,,,,,,,,,,
411,1530,Santa María,CÓRDOBA,GANADERÍA,,,,,,,,,,,,,,,,,,,,,,,,,,,,,,,,,600/23,600/23,600/23,600/23,600/23,600/23,600/23,600/23,600/23,600/23,600/23,600/23,,,,,,,
401,1520,Santo Tomé,CORRIENTES,GANADERÍA,,,,,,,,,,,,,,,,,,,36/2022,36/2022,36/2022,36/2022,36/2022,36/2022,869/2022,869/2022,869/2022,869/2022,869/2022,869/2022,,,,,,,,,,,,,,,,,,,,,
287,1160,Sargento Cabral,CHACO,GANADERÍA,,,,224/2020,224/2020,224/2020,224/2020,224/2020,224/2020,69/2021,69/2021,69/2021,69/2021,69/2021,69/2021,,,,,41/22,41/22,41/22,41/22,41/22,41/22,,,,,,194/23,194/23,194/23,194/23,194/23,194/23,194/23,,,,,,,,,,,,,,
395,1514,Sauce,CORRIENTES,GANADERÍA,,,,,,,,,,,,,,,,,,,36/2022,36/2022,36/2022,36/2022,36/2022,36/2022,869/2022,869/2022,869/2022,869/2022,869/2022,869/2022,,,,,,,1620/2023,1620/2023,1620/2023,1620/2023,1620/2023,1620/2023,,,,,,,,,
417,1541,Sobremonte,CÓRDOBA,GANADERÍA,,,,,,,,,,,,,,,,,,,,,,,,,,,,,,,,,600/23,600/23,600/23,600/23,600/23,600/23,600/23,600/23,600/23,600/23,600/23,600/23,,,,,,,
100,1234,Suipacha,BUENOS AIRES,GANADERÍA,,,,,,,,,,,,,,,,,,,,,,,,56/2023,56/2023,56/2023,56/2023,56/2023,56/2023,56/2023,317/2023,317/2023,317/2023,587/2023,587/2023,587/2023,587/2023,587/2023,587/2023,587/2023,946/2024,946/2024,946/2024,946/2024,946/2024,946/2024,,,,,
339,1364,Tala,ENTRE RÍOS,GANADERÍA,,,,,,,,,,,,,,,,,,,39/2022,39/2022,39/2022,39/2022,39/2022,39/2022,39/2022,,,,,98/2023,98/2023,98/2023,98/2023,98/2023,98/2023,98/2023,98/2023,98/2023,98/2023,98/2023,98/2023,,,,,,,,,,
13,1077,Tandil,BUENOS AIRES,GANADERÍA,,,,,,,,,,,,,,,,,,,,,,,,,,,,208/2023,208/2023,208/2023,317/2023,317/2023,317/2023,,,,,,,,,,,,,,,,,,
119,1254,Tapalqué,BUENOS AIRES,GANADERÍA,,,,,,,,,,,,,,,,,,,,,,,,,,,,,,,,,,,,,,,,,,,,,,,,,,,
284,1156,Tapenagá,CHACO,GANADERÍA,,,,224/2020,224/2020,224/2020,224/2020,224/2020,224/2020,69/2021,69/2021,69/2021,69/2021,69/2021,69/2021,,,,,41/22,41/22,41/22,41/22,41/22,41/22,,,,,,194/23,194/23,194/23,194/23,194/23,194/23,194/23,,,,,,,,,,,,,,
195,1536,Tercero Arriba,CÓRDOBA,GANADERÍA,,,,,,,,,,,,,,,,,,,,,,,,,,,,,,,,,600/23,600/23,600/23,600/23,600/23,600/23,600/23,600/23,600/23,600/23,600/23,600/23,,,,,,,
181,1451,Tigre,BUENOS AIRES,GANADERÍA,,,,,,,,,,,,,,,,,,,,,,,,,,,,,,,,,,,,,,,,,,,,,,,,,,,
175,1442,Toay,LA PAMPA,GANADERÍA,,,,,,,,,,,,,,,,,,,,,,,,,,,528/2023,528/2023,528/2023,528/2023,528/2023,528/2023,528/2023,,,,1485/2023,1485/2023,1485/2023,986/2024,986/2024,986/2024,986/2024,986/2024,986/2024,986/2024,986/2024,986/2024,986/2024,986/2024,986/2024
136,1272,Tordillo,BUENOS AIRES,GANADERÍA,,,,,,,,,,,,,,,,,,,56/2023,56/2023,56/2023,56/2023,56/2023,56/2023,208/2023,208/2023,208/2023,208/2023,208/2023,208/2023,317/2023,317/2023,317/2023,587/2023,587/2023,587/2023,587/2023,587/2023,587/2023,587/2023,946/2024,946/2024,946/2024,946/2024,946/2024,946/2024,,,,,
29,1099,Tornquist,BUENOS AIRES,GANADERÍA,,,,,,,,,,,,,,,,,,,,,,,,,,,,,,,,,,,,,,,,,946/2024,946/2024,946/2024,946/2024,946/2024,946/2024,,,,,
421,1546,Totoral,CÓRDOBA,GANADERÍA,,,,,,,,,,,,,,,,,,,,,,,,,,,,,,,,,600/23,600/23,600/23,600/23,600/23,600/23,600/23,600/23,600/23,600/23,600/23,600/23,,,,,,,
177,1444,Trenel,LA PAMPA,GANADERÍA,,,,,,,,,,,,,,,,,,,,,,,,,,,528/2023,528/2023,528/2023,528/2023,528/2023,528/2023,528/2023,,,,1485/2023,1485/2023,1485/2023,986/2024,986/2024,986/2024,986/2024,986/2024,986/2024,986/2024,986/2024,986/2024,986/2024,986/2024,986/2024
74,1208,Trenque Lauquen,BUENOS AIRES,GANADERÍA,,,,,,,,,,,,,,,,,,,,,,,,,,,,,,,,,,,,,,,,,946/2024,946/2024,946/2024,946/2024,946/2024,946/2024,,,,,
33,1103,Tres Arroyos,BUENOS AIRES,GANADERÍA,,,,,,,,,,,,,,,,,,,,,,,,,587/2023,587/2023,587/2023,587/2023,587/2023,587/2023,587/2023,587/2023,587/2023,,,,,,,,946/2024,946/2024,946/2024,946/2024,946/2024,946/2024,,,,,
101,1235,Tres de Febrero,BUENOS AIRES,GANADERÍA,,,,,,,,,,,,,,,,,,,,,,,,,,,,,,,,,,,,,,,,,,,,,,,,,,,
124,1259,Tres Lomas,BUENOS AIRES,GANADERÍA,,,,,,,,,,,,,,,,,,,,,,,,,,,,,,,,,,,,,,,,,,,,,,,,,,,
408,1527,Tulumba,CÓRDOBA,GANADERÍA,,,,,,,,,,,,,,,,,,,,,,,,,,,,,,,,,600/23,600/23,600/23,600/23,600/23,600/23,600/23,600/23,600/23,600/23,600/23,600/23,,,,,,,
194,1535,Unión,CÓRDOBA,GANADERÍA,,,,,,,,,,,,,,,,,,,,,,,,,,,,,,,290/2023,290/2023,290/2023,290/2023,290/2023,290/2023,290/2023,290/2023,290/2023,290/2023,290/2023,290/2023,1523/23,1523/23,,,,,,,
192,1498,Uruguay,ENTRE RÍOS,GANADERÍA,,,,,,,,,,,,,,,,,,,39/2022,39/2022,39/2022,39/2022,39/2022,39/2022,39/2022,,,,,98/2023,98/2023,98/2023,98/2023,98/2023,98/2023,98/2023,98/2023,98/2023,98/2023,98/2023,98/2023,,,,,,,,,,
174,1441,Utracán,LA PAMPA,GANADERÍA,,,,,,,,,,,,,,,,,,,,,,,,,,,,,,,,,,,,,,,,986/2024,986/2024,986/2024,986/2024,986/2024,986/2024,986/2024,986/2024,986/2024,986/2024,986/2024,986/2024
356,1466,Vera,SANTA FE,GANADERÍA,,,,,,,,,,,,,,,,,,,31/2022,31/2022,31/2022,31/2022,31/2022,31/2022,,,,,16/2023,16/2023,16/2023,16/2023,16/2023,16/2023,16/2023,750/2023,750/2023,750/2023,750/2023,1484/2023,1484/2023,1484/2023,1484/2023,1484/2023,1484/2023,,,,,,
25,1089,Vicente López,BUENOS AIRES,GANADERÍA,,,,,,,,,,,,,,,,,,,,,,,,,,,,,,,,,,,,,,,,,,,,,,,,,,,
154,1369,Victoria,ENTRE RÍOS,GANADERÍA,,,,,,,,,,,,,,,,,,,39/2022,39/2022,39/2022,39/2022,39/2022,39/2022,39/2022,,,,,98/2023,98/2023,98/2023,98/2023,98/2023,98/2023,98/2023,98/2023,98/2023,98/2023,98/2023,98/2023,,,,,,,,,,
20,1084,Villa Gesell,BUENOS AIRES,GANADERÍA,,,,,,,,,,,,,,,,,,,,,,,,,,,,,,,,,,,,,,,,,,,,,,,,,,,
335,1360,Villaguay,ENTRE RÍOS,GANADERÍA,,,,,,,,,,,,,,,,,,,39/2022,39/2022,39/2022,39/2022,39/2022,39/2022,39/2022,,,,,98/2023,98/2023,98/2023,98/2023,98/2023,98/2023,98/2023,98/2023,98/2023,98/2023,98/2023,98/2023,,,,,,,,,,
47,1133,Villarino,BUENOS AIRES,GANADERÍA,,,,,,,,,,,,,,,,,,,,,,,,,,,,,,,1612/2023,1612/2023,1612/2023,1612/2023,1612/2023,1612/2023,1612/2023,1612/2023,1612/2023,1612/2023,946/2024,946/2024,946/2024,946/2024,946/2024,946/2024,,,,,
137,1273,Zárate,BUENOS AIRES,GANADERÍA,,,,,,,,,,,,,,,,,,,,,,,,,,,,,,,587/2023,587/2023,587/2023,587/2023,587/2023,587/2023,587/2023,587/2023,587/2023,587/2023,,,,,,,,,,,
317,1315,1° de Mayo,CHACO,APICULTURA,,,,224/2020,224/2020,224/2020,224/2020,224/2020,224/2020,69/2021,69/2021,69/2021,69/2021,69/2021,69/2021,,,,,41/22,41/22,41/22,41/22,41/22,41/22,,,,,,,,,,,,,,,,,,,,,,,,,,
276,1119,12 de Octubre,CHACO,APICULTURA,,,,224/2020,224/2020,224/2020,224/2020,224/2020,224/2020,69/2021,69/2021,69/2021,69/2021,69/2021,69/2021,,,,,,,,,,,,,,,,,,,,,,,,,,,,,,,,,,,,
321,1319,2 de Abril,CHACO,APICULTURA,,,,224/2020,224/2020,224/2020,224/2020,224/2020,224/2020,69/2021,69/2021,69/2021,69/2021,69/2021,69/2021,,,,,,,,,,,,,,,,,,,,,,,,,,,,,,,,,,,,
71,1205,25 de Mayo,BUENOS AIRES,APICULTURA,,,,,,,,,,,,,,,,,,,,,,,,,,,,,,,,,,,,,,,,,946/2024,946/2024,946/2024,946/2024,946/2024,946/2024,,,,,
322,1323,25 de Mayo,CHACO,APICULTURA,,,,224/2020,224/2020,224/2020,224/2020,224/2020,224/2020,69/2021,69/2021,69/2021,69/2021,69/2021,69/2021,,,,,41/22,41/22,41/22,41/22,41/22,41/22,,,,,,,,,,,,,,,,,,,,,,,,,,
369,1485,25 de Mayo,MISIONES,APICULTURA,,,,,,,,,,,,,,,,,,,,,,,,,,,,,,,,,,,,,,,,,,,,,,,,,,,
72,1206,9 de Julio,BUENOS AIRES,APICULTURA,,,,,,,,,,,,,,,,,,,,,,,,,,,,,,,,,,,,,,,,,946/2024,946/2024,946/2024,946/2024,946/2024,946/2024,,,,,
318,1316,9 de Julio,CHACO,APICULTURA,,,,224/2020,224/2020,224/2020,224/2020,224/2020,224/2020,69/2021,69/2021,69/2021,69/2021,69/2021,69/2021,,,,,,,,,,,,,,,,,,,,,,,,,,,,,,,,,,,,
357,1467,9 de Julio,SANTA FE,APICULTURA,,,,,,,,,,,,,,,,,,,,,,,,,,,,,,,,,,,,,,,,,,,,,,,,,,,
44,1130,Adolfo Alsina,BUENOS AIRES,APICULTURA,,,,,,,,,,,,,,,,,,,,,,,,,,,,,,,,,,,,,,,,,946/2024,946/2024,946/2024,946/2024,946/2024,946/2024,,,,,
15,1079,Adolfo Gonzales Chaves,BUENOS AIRES,APICULTURA,,,,,,,,,,,,,,,,,,,,,,,,,,,,,,,,,,,,,,,,,946/2024,946/2024,946/2024,946/2024,946/2024,946/2024,,,,,
103,1238,Alberti,BUENOS AIRES,APICULTURA,,,,,,,,,,,,,,,,,,,,,,,,,,,,,,,,,,,,,,,,,946/2024,946/2024,946/2024,946/2024,946/2024,946/2024,,,,,
66,1200,Almirante Brown,BUENOS AIRES,APICULTURA,,,,,,,,,,,,,,,,,,,,,,,,,,,,,,,,,,,,,,,,,,,,,,,,,,,
299,1192,Almirante Brown,CHACO,APICULTURA,,,,224/2020,224/2020,224/2020,224/2020,224/2020,224/2020,69/2021,69/2021,69/2021,69/2021,69/2021,69/2021,,,,,41/22,41/22,41/22,41/22,41/22,41/22,,,,,,,,,,,,,,,,,,,,,,,,,,
373,1489,Apóstoles,MISIONES,APICULTURA,,,,,,,,,,,,,,,,,,,,,,,,,,,,,,,,,,,,,,,,,,,,,,,,,,,
81,1215,Arrecifes,BUENOS AIRES,APICULTURA,,,,,,,,,,,,,,,,,,,,,,,,,,,,,,,,,,,,,,,,,,,,,,,,,,,
186,1471,Atreucó,LA PAMPA,APICULTURA,,,,,,,,,,,,,,,,,,,,,,,,,,,,,,,,,,,,,,,,986/2024,986/2024,986/2024,986/2024,986/2024,986/2024,986/2024,986/2024,986/2024,986/2024,986/2024,986/2024
150,1322,Avellaneda,BUENOS AIRES,APICULTURA,,,,,,,,,,,,,,,,,,,,,,,,,,,,,,,,,,,,,,,,,,,,,,,,,,,
125,1260,Ayacucho,BUENOS AIRES,APICULTURA,,,,,,,,,,,,,,,,,,,,,,,,,,,,,,,,,,,,,,,,,,,,,,,,,,,
122,1257,Azul,BUENOS AIRES,APICULTURA,,,,,,,,,,,,,,,,,,,,,,,,,,,,,,,,,,,,,,,,,946/2024,946/2024,946/2024,946/2024,946/2024,946/2024,,,,,
16,1080,Bahía Blanca,BUENOS AIRES,APICULTURA,,,,,,,,,,,,,,,,,,,,,,,,,,,,,,,,,,,,,,,,,946/2024,946/2024,946/2024,946/2024,946/2024,946/2024,,,,,
118,1253,Balcarce,BUENOS AIRES,APICULTURA,,,,,,,,,,,,,,,,,,,,,,,,,,,,,,,,,,,,,,,,,,,,,,,,,,,
145,1304,Baradero,BUENOS AIRES,APICULTURA,,,,,,,,,,,,,,,,,,,,,,,,,,,,,,,,,,,,,,,,,,,,,,,,,,,
190,1477,Belgrano,SANTA FE,APICULTURA,,,,,,,,,,,,,,,,,,,,,,,,,,,,,,,,,,,,,,,,,,,,,,,,,,,
391,1510,Bella Vista,CORRIENTES,APICULTURA,,,,,,,,,,,,,,,,,,,,,,,,,,,,,,,,,,,,,,,,,,,,,,,,,,,
130,1265,Benito Juárez,BUENOS AIRES,APICULTURA,,,,,,,,,,,,,,,,,,,,,,,,,,,,,,,,,,,,,,,,,,,,,,,,,,,
28,1098,Berazategui,BUENOS AIRES,APICULTURA,,,,,,,,,,,,,,,,,,,,,,,,,,,,,,,,,,,,,,,,,,,,,,,,,,,
135,1271,Berisso,BUENOS AIRES,APICULTURA,,,,,,,,,,,,,,,,,,,,,,,,,,,,,,,,,,,,,,,,,,,,,,,,,,,
313,1297,Bermejo,CHACO,APICULTURA,,,,224/2020,224/2020,224/2020,224/2020,224/2020,224/2020,69/2021,69/2021,69/2021,69/2021,69/2021,69/2021,,,,,41/22,41/22,41/22,41/22,41/22,41/22,,,,,,,,,,,,,,,,,,,,,,,,,,
454,1150,Bermejo,FORMOSA,APICULTURA,201/2020,201/2020,201/2020,201/2020,201/2020,201/2020,201/2020,201/2020,201/2020,201/2020,201/2020,201/2020,,,,,,,,,,,,,,,,,,,,,,,,,,,,,,,,,,,,,,,
404,1523,Berón de Astrada,CORRIENTES,APICULTURA,,,,,,,,,,,,,,,,,,,,,,,,,,,,,,,,,,,,,,,,,,,,,,,,,,,
117,1252,Bolívar,BUENOS AIRES,APICULTURA,,,,,,,,,,,,,,,,,,,,,,,,,,,,,,,,,,,,,,,,,946/2024,946/2024,946/2024,946/2024,946/2024,946/2024,,,,,
104,1239,Bragado,BUENOS AIRES,APICULTURA,,,,,,,,,,,,,,,,,,,,,,,,,,,,,,,,,,,,,,,,,946/2024,946/2024,946/2024,946/2024,946/2024,946/2024,,,,,
68,1202,Brandsen,BUENOS AIRES,APICULTURA,,,,,,,,,,,,,,,,,,,,,,,,,,,,,,,,,,,,,,,,,,,,,,,,,,,
367,1483,Cainguás,MISIONES,APICULTURA,,,,,,,,,,,,,,,,,,,,,,,,,,,,,,,,,,,,,,,,,,,,,,,,,,,
424,1551,Calamuchita,CÓRDOBA,APICULTURA,,,,,,,,,,,,,,,,,,,,,,,,,,,,,,,,,,,,,,,,,,,,,,,,,,,
165,1431,Caleu Caleu,LA PAMPA,APICULTURA,,,,,,,,,,,,,,,,,,,,,,,,,,,,,,,,,,,,,,,,986/2024,986/2024,986/2024,986/2024,986/2024,986/2024,986/2024,986/2024,986/2024,986/2024,986/2024,986/2024
39,1114,Campana,BUENOS AIRES,APICULTURA,,,,,,,,,,,,,,,,,,,,,,,,,,,,,,,,,,,,,,,,,,,,,,,,,,,
365,1481,Candelaria,MISIONES,APICULTURA,,,,,,,,,,,,,,,,,,,,,,,,,,,,,,,,,,,,,,,,,,,,,,,,,,,
111,1246,Cañuelas,BUENOS AIRES,APICULTURA,,,,,,,,,,,,,,,,,,,,,,,,,,,,,,,,,,,,,,,,,,,,,,,,,,,
176,1443,Capital,LA PAMPA,APICULTURA,,,,,,,,,,,,,,,,,,,,,,,,,,,,,,,,,,,,,,,,986/2024,986/2024,986/2024,986/2024,986/2024,986/2024,986/2024,986/2024,986/2024,986/2024,986/2024,986/2024
363,1479,Capital,MISIONES,APICULTURA,,,,,,,,,,,,,,,,,,,,,,,,,,,,,,,,,,,,,,,,,,,,,,,,,,,
407,1526,Capital,CORRIENTES,APICULTURA,,,,,,,,,,,,,,,,,,,,,,,,,,,,,,,,,,,,,,,,,,,,,,,,,,,
418,1542,Capital,CÓRDOBA,APICULTURA,,,,,,,,,,,,,,,,,,,,,,,,,,,,,,,,,,,,,,,,,,,,,,,,,,,
82,1216,Capitán Sarmiento,BUENOS AIRES,APICULTURA,,,,,,,,,,,,,,,,,,,,,,,,,,,,,,,,,,,,,,,,,,,,,,,,,,,
69,1203,Carlos Casares,BUENOS AIRES,APICULTURA,,,,,,,,,,,,,,,,,,,,,,,,,,,,,,,,,,,,,,,,,946/2024,946/2024,946/2024,946/2024,946/2024,946/2024,,,,,
70,1204,Carlos Tejedor,BUENOS AIRES,APICULTURA,,,,,,,,,,,,,,,,,,,,,,,,,,,,,,,,,,,,,,,,,946/2024,946/2024,946/2024,946/2024,946/2024,946/2024,,,,,
83,1217,Carmen de Areco,BUENOS AIRES,APICULTURA,,,,,,,,,,,,,,,,,,,,,,,,,,,,,,,,,,,,,,,,,,,,,,,,,,,
184,1464,Caseros,SANTA FE,APICULTURA,,,,,,,,,,,,,,,,,,,,,,,,,,,,,,,,,,,,,,,,,,,,,,,,,,,
351,1453,Castellanos,SANTA FE,APICULTURA,,,,,,,,,,,,,,,,,,,,,,,,,,,,,,,,,,,,,,,,,,,,,,,,,,,
65,1199,Castelli,BUENOS AIRES,APICULTURA,,,,,,,,,,,,,,,,,,,,,,,,,,,,,,,,,,,,,,,,,,,,,,,,,,,
187,1472,Catriló,LA PAMPA,APICULTURA,,,,,,,,,,,,,,,,,,,,,,,,,,,,,,,,,,,,,,,,,,,,,,,,,,,
94,1228,Chacabuco,BUENOS AIRES,APICULTURA,,,,,,,,,,,,,,,,,,,,,,,,,,,,,,,,,,,,,,,,,946/2024,946/2024,946/2024,946/2024,946/2024,946/2024,,,,,
308,1280,Chacabuco,CHACO,APICULTURA,,,,224/2020,224/2020,224/2020,224/2020,224/2020,224/2020,69/2021,69/2021,69/2021,69/2021,69/2021,69/2021,,,,,,,,,,,,,,,,,,,,,,,,,,,,,,,,,,,,
508,1445,Chalileo,LA PAMPA,APICULTURA,,,,,,,,,,,,,,,,,,,,,,,,,,,,,,,,,,,,,,,,986/2024,986/2024,986/2024,986/2024,986/2024,986/2024,986/2024,986/2024,986/2024,986/2024,986/2024,986/2024
166,1433,Chapaleufú,LA PAMPA,APICULTURA,,,,,,,,,,,,,,,,,,,,,,,,,,,,,,,,,,,,,,,,,,,,,,,,,,,
37,1111,Chascomús,BUENOS AIRES,APICULTURA,,,,,,,,,,,,,,,,,,,,,,,,,,,,,,,,,,,,,,,,,946/2024,946/2024,946/2024,946/2024,946/2024,946/2024,,,,,
507,1432,Chical Co,LA PAMPA,APICULTURA,,,,,,,,,,,,,,,,,,,,,,,,,,,,,,,,,,,,,,,,986/2024,986/2024,986/2024,986/2024,986/2024,986/2024,986/2024,986/2024,986/2024,986/2024,986/2024,986/2024
102,1237,Chivilcoy,BUENOS AIRES,APICULTURA,,,,,,,,,,,,,,,,,,,,,,,,,,,,,,,,,,,,,,,,,946/2024,946/2024,946/2024,946/2024,946/2024,946/2024,,,,,
131,1266,Colón,BUENOS AIRES,APICULTURA,,,,,,,,,,,,,,,,,,,,,,,,,,,,,,,,,,,,,,,,,,,,,,,,,,,
381,1499,Colón,ENTRE RÍOS,APICULTURA,,,,,,,,,,,,,,,,,,,,,,,,,,,,,,98/2023,98/2023,98/2023,98/2023,98/2023,98/2023,98/2023,,,,,,,,,,,,,,,
419,1544,Colón,CÓRDOBA,APICULTURA,,,,,,,,,,,,,,,,,,,,,,,,,,,,,,,,,,,,,,,,,,,,,,,,,,,
324,1325,Comandante Fernández,CHACO,APICULTURA,,,,224/2020,224/2020,224/2020,224/2020,224/2020,224/2020,69/2021,69/2021,69/2021,69/2021,69/2021,69/2021,,,,,41/22,41/22,41/22,41/22,41/22,41/22,,,,,,,,,,,,,,,,,,,,,,,,,,
372,1488,Concepción,MISIONES,APICULTURA,,,,,,,,,,,,,,,,,,,,,,,,,,,,,,,,,,,,,,,,,,,,,,,,,,,
385,1504,Concepción,CORRIENTES,APICULTURA,,,,,,,,,,,,,,,,,,,,,,,,,,,,,,,,,,,,,,,,,,,,,,,,,,,
382,1501,Concordia,ENTRE RÍOS,APICULTURA,,,,,,,,,,,,,,,,,,,,,,,,,,,,,,98/2023,98/2023,98/2023,98/2023,98/2023,98/2023,98/2023,,,,,,,,,,,,,,,
178,1447,Conhelo,LA PAMPA,APICULTURA,,,,,,,,,,,,,,,,,,,,,,,,,,,,,,,,,,,,,,,,986/2024,986/2024,986/2024,986/2024,986/2024,986/2024,986/2024,986/2024,986/2024,986/2024,986/2024,986/2024
162,1425,Constitución,SANTA FE,APICULTURA,,,,,,,,,,,,,,,,,,,,,,,,,,,,,,,,,,,,,,,,,,,,,,,,,,,
144,1303,Coronel de Marina Leonardo Rosales,BUENOS AIRES,APICULTURA,,,,,,,,,,,,,,,,,,,,,,,,,,,,,,,,,,,,,,,,,946/2024,946/2024,946/2024,946/2024,946/2024,946/2024,,,,,
34,1104,Coronel Dorrego,BUENOS AIRES,APICULTURA,,,,,,,,,,,,,,,,,,,,,,,,,,,,,,,,,,,,,,,,,,,,,,,,,,,
30,1100,Coronel Pringles,BUENOS AIRES,APICULTURA,,,,,,,,,,,,,,,,,,,,,,,,,,,,,,,,,,,,,,,,,,,,,,,,,,,
14,1078,Coronel Suárez,BUENOS AIRES,APICULTURA,,,,,,,,,,,,,,,,,,,,,,,,,,,,,,,,,,,,,,,,,,,,,,,,,,,
409,1528,Cruz del Eje,CÓRDOBA,APICULTURA,,,,,,,,,,,,,,,,,,,,,,,,,,,,,,,,,,,,,,,,,,,,,,,,,,,
189,1474,Curacó,LA PAMPA,APICULTURA,,,,,,,,,,,,,,,,,,,,,,,,,,,,,,,,,,,,,,,,986/2024,986/2024,986/2024,986/2024,986/2024,986/2024,986/2024,986/2024,986/2024,986/2024,986/2024,986/2024
396,1515,Curuzú Cuatiá,CORRIENTES,APICULTURA,,,,,,,,,,,,,,,,,,,,,,,,,,,,,,,,,,,,,,,,,,,,,,,,,,,
123,1258,Daireaux,BUENOS AIRES,APICULTURA,,,,,,,,,,,,,,,,,,,,,,,,,,,,,,,,,,,,,,,,,,,,,,,,,,,
343,1368,Diamante,ENTRE RÍOS,APICULTURA,,,,,,,,,,,,,,,,,,,,,,,,,,,,,,98/2023,98/2023,98/2023,98/2023,98/2023,98/2023,98/2023,,,,,,,,,,,,,,,
121,1256,Dolores,BUENOS AIRES,APICULTURA,,,,,,,,,,,,,,,,,,,,,,,,,,,,,,,,,,,,,,,,,946/2024,946/2024,946/2024,946/2024,946/2024,946/2024,,,,,
378,1494,Eldorado,MISIONES,APICULTURA,,,,,,,,,,,,,,,,,,,,,,,,,,,,,,,,,,,,,,,,,,,,,,,,,,,
389,1508,Empedrado,CORRIENTES,APICULTURA,,,,,,,,,,,,,,,,,,,,,,,,,,,,,,,,,,,,,,,,,,,,,,,,,,,
127,1262,Ensenada,BUENOS AIRES,APICULTURA,,,,,,,,,,,,,,,,,,,,,,,,,,,,,,,,,,,,,,,,,,,,,,,,,,,
4,1067,Escobar,BUENOS AIRES,APICULTURA,,,,,,,,,,,,,,,,,,,,,,,,,,,,,,,,,,,,,,,,,,,,,,,,,,,
394,1513,Esquina,CORRIENTES,APICULTURA,,,,,,,,,,,,,,,,,,,,,,,,,,,,,,,,,,,,,,,,,,,,,,,,,,,
80,1214,Esteban Echeverría,BUENOS AIRES,APICULTURA,,,,,,,,,,,,,,,,,,,,,,,,,,,,,,,,,,,,,,,,,,,,,,,,,,,
85,1219,Exaltación de la Cruz,BUENOS AIRES,APICULTURA,,,,,,,,,,,,,,,,,,,,,,,,,,,,,,,,,,,,,,,,,,,,,,,,,,,
108,1243,Ezeiza,BUENOS AIRES,APICULTURA,,,,,,,,,,,,,,,,,,,,,,,,,,,,,,,,,,,,,,,,,,,,,,,,,,,
380,1496,Federación,ENTRE RÍOS,APICULTURA,,,,,,,,,,,,,,,,,,,,,,,,,,,,,,98/2023,98/2023,98/2023,98/2023,98/2023,98/2023,98/2023,,,,,,,,,,,,,,,
336,1361,Federal,ENTRE RÍOS,APICULTURA,,,,,,,,,,,,,,,,,,,,,,,,,,,,,,98/2023,98/2023,98/2023,98/2023,98/2023,98/2023,98/2023,,,,,,,,,,,,,,,
341,1366,Feliciano,ENTRE RÍOS,APICULTURA,,,,,,,,,,,,,,,,,,,,,,,,,,,,,,98/2023,98/2023,98/2023,98/2023,98/2023,98/2023,98/2023,,,,,,,,,,,,,,,
109,1244,Florencio Varela,BUENOS AIRES,APICULTURA,,,,,,,,,,,,,,,,,,,,,,,,,,,,,,,,,,,,,,,,,,,,,,,,,,,
147,1313,Florentino Ameghino,BUENOS AIRES,APICULTURA,,,,,,,,,,,,,,,,,,,,,,,,,,,,,,,,,,,,,,,,,,,,,,,,,,,
310,1292,Formosa,FORMOSA,APICULTURA,201/2020,201/2020,201/2020,201/2020,201/2020,201/2020,201/2020,201/2020,201/2020,201/2020,201/2020,201/2020,,,,,,,,,,,,,,,,,,,,,,,,,,,,,,,,,,,,,,,
290,1163,Fray Justo Santa María de Oro,CHACO,APICULTURA,,,,224/2020,224/2020,224/2020,224/2020,224/2020,224/2020,69/2021,69/2021,69/2021,69/2021,69/2021,69/2021,,,,,,,,,,,,,,,,,,,,,,,,,,,,,,,,,,,,
361,1476,Garay,SANTA FE,APICULTURA,,,,,,,,,,,,,,,,,,,,,,,,,,,,,,,,,,,,,,,,,,,,,,,,,,,
17,1081,General Alvarado,BUENOS AIRES,APICULTURA,,,,,,,,,,,,,,,,,,,,,,,,,,,,,,,,,,,,,,,,,,,,,,,,,,,
114,1249,General Alvear,BUENOS AIRES,APICULTURA,,,,,,,,,,,,,,,,,,,,,,,,,,,,,,,,,,,,,,,,,946/2024,946/2024,946/2024,946/2024,946/2024,946/2024,,,,,
400,1519,General Alvear,CORRIENTES,APICULTURA,,,,,,,,,,,,,,,,,,,,,,,,,,,,,,,,,,,,,,,,,,,,,,,,,,,
141,1296,General Arenales,BUENOS AIRES,APICULTURA,,,,,,,,,,,,,,,,,,,,,,,,,,,,,,,,,,,,,,,,,946/2024,946/2024,946/2024,946/2024,946/2024,946/2024,,,,,
75,1209,General Belgrano,BUENOS AIRES,APICULTURA,,,,,,,,,,,,,,,,,,,,,,,,,,,,,,,,,,,,,,,,,946/2024,946/2024,946/2024,946/2024,946/2024,946/2024,,,,,
325,1326,General Belgrano,CHACO,APICULTURA,,,,224/2020,224/2020,224/2020,224/2020,224/2020,224/2020,69/2021,69/2021,69/2021,69/2021,69/2021,69/2021,,,,,,,,,,,,,,,,,,,,,,,,,,,,,,,,,,,,
326,1327,General Donovan,CHACO,APICULTURA,,,,224/2020,224/2020,224/2020,224/2020,224/2020,224/2020,69/2021,69/2021,69/2021,69/2021,69/2021,69/2021,,,,,41/22,41/22,41/22,41/22,41/22,41/22,,,,,,,,,,,,,,,,,,,,,,,,,,
280,1123,General Güemes,CHACO,APICULTURA,,,,224/2020,224/2020,224/2020,224/2020,224/2020,224/2020,69/2021,69/2021,69/2021,69/2021,69/2021,69/2021,,,,,41/22,41/22,41/22,41/22,41/22,41/22,,,,,,,,,,,,,,,,,,,,,,,,,,
11,1075,General Guido,BUENOS AIRES,APICULTURA,,,,,,,,,,,,,,,,,,,,,,,,,,,,,,,,,,,,,,,,,,,,,,,,,,,
12,1076,General Juan Madariaga,BUENOS AIRES,APICULTURA,,,,,,,,,,,,,,,,,,,,,,,,,,,,,,,,,,,,,,,,,946/2024,946/2024,946/2024,946/2024,946/2024,946/2024,,,,,
116,1251,General La Madrid,BUENOS AIRES,APICULTURA,,,,,,,,,,,,,,,,,,,,,,,,,,,,,,,,,,,,,,,,,,,,,,,,,,,
105,1240,General Las Heras,BUENOS AIRES,APICULTURA,,,,,,,,,,,,,,,,,,,,,,,,,,,,,,,,,,,,,,,,,946/2024,946/2024,946/2024,946/2024,946/2024,946/2024,,,,,
22,1086,General Lavalle,BUENOS AIRES,APICULTURA,,,,,,,,,,,,,,,,,,,,,,,,,,,,,,,,,,,,,,,,,946/2024,946/2024,946/2024,946/2024,946/2024,946/2024,,,,,
183,1463,General López,SANTA FE,APICULTURA,,,,,,,,,,,,,,,,,,,,,,,,,,,,,,,,,,,,,,,,,,,,,,,,,,,
377,1493,General Manuel Belgrano,MISIONES,APICULTURA,,,,,,,,,,,,,,,,,,,,,,,,,,,,,,,,,,,,,,,,,,,,,,,,,,,
355,1462,General Obligado,SANTA FE,APICULTURA,,,,,,,,,,,,,,,,,,,,,,,,,,,,,,,,,,,,,,,,,,,,,,,,,,,
10,1074,General Paz,BUENOS AIRES,APICULTURA,,,,,,,,,,,,,,,,,,,,,,,,,,,,,,,,,,,,,,,,,,,,,,,,,,,
388,1507,General Paz,CORRIENTES,APICULTURA,,,,,,,,,,,,,,,,,,,,,,,,,,,,,,,,,,,,,,,,,,,,,,,,,,,
31,1101,General Pinto,BUENOS AIRES,APICULTURA,,,,,,,,,,,,,,,,,,,,,,,,,,,,,,,,,,,,,,,,,,,,,,,,,,,
18,1082,General Pueyrredón,BUENOS AIRES,APICULTURA,,,,,,,,,,,,,,,,,,,,,,,,,,,,,,,,,,,,,,,,,,,,,,,,,,,
198,1539,General Roca,CÓRDOBA,APICULTURA,,,,,,,,,,,,,,,,,,,,,,,,,,,,,,,,,,,,,,,,,,,,,,,,,,,
99,1233,General Rodríguez,BUENOS AIRES,APICULTURA,,,,,,,,,,,,,,,,,,,,,,,,,,,,,,,,,,,,,,,,,,,,,,,,,,,
96,1230,General San Martín,BUENOS AIRES,APICULTURA,,,,,,,,,,,,,,,,,,,,,,,,,,,,,,,,,,,,,,,,,,,,,,,,,,,
200,1547,General San Martín,CÓRDOBA,APICULTURA,,,,,,,,,,,,,,,,,,,,,,,,,,,,,,,,,,,,,,,,,,,,,,,,,,,
107,1242,General Viamonte,BUENOS AIRES,APICULTURA,,,,,,,,,,,,,,,,,,,,,,,,,,,,,,,,,,,,,,,,,946/2024,946/2024,946/2024,946/2024,946/2024,946/2024,,,,,
48,1134,General Villegas,BUENOS AIRES,APICULTURA,,,,,,,,,,,,,,,,,,,,,,,,,,,,,,,,,,,,,,,,,946/2024,946/2024,946/2024,946/2024,946/2024,946/2024,,,,,
393,1512,Goya,CORRIENTES,APICULTURA,,,,,,,,,,,,,,,,,,,,,,,,,,,,,,,,,,,,,,,,,,,,,,,,,,,
155,1370,Gualeguay,ENTRE RÍOS,APICULTURA,,,,,,,,,,,,,,,,,,,,,,,,,,,,,,98/2023,98/2023,98/2023,98/2023,98/2023,98/2023,98/2023,,,,,,,,,,,,,,,
193,1500,Gualeguaychú,ENTRE RÍOS,APICULTURA,,,,,,,,,,,,,,,,,,,,,,,,,,,,,,98/2023,98/2023,98/2023,98/2023,98/2023,98/2023,98/2023,,,,,,,,,,,,,,,
126,1261,Guaminí,BUENOS AIRES,APICULTURA,,,,,,,,,,,,,,,,,,,,,,,,,,,,,,,,,,,,,,,,,946/2024,946/2024,946/2024,946/2024,946/2024,946/2024,,,,,
374,1490,Guaraní,MISIONES,APICULTURA,,,,,,,,,,,,,,,,,,,,,,,,,,,,,,,,,,,,,,,,,,,,,,,,,,,
171,1438,Guatraché,LA PAMPA,APICULTURA,,,,,,,,,,,,,,,,,,,,,,,,,,,,,,,,,,,,,,,,986/2024,986/2024,986/2024,986/2024,986/2024,986/2024,986/2024,986/2024,986/2024,986/2024,986/2024,986/2024
120,1255,Hipólito Yrigoyen,BUENOS AIRES,APICULTURA,,,,,,,,,,,,,,,,,,,,,,,,,,,,,,,,,,,,,,,,,,,,,,,,,,,
169,1436,Hucal,LA PAMPA,APICULTURA,,,,,,,,,,,,,,,,,,,,,,,,,,,,,,,,,,,,,,,,986/2024,986/2024,986/2024,986/2024,986/2024,986/2024,986/2024,986/2024,986/2024,986/2024,986/2024,986/2024
92,1226,Hurlingham,BUENOS AIRES,APICULTURA,,,,,,,,,,,,,,,,,,,,,,,,,,,,,,,,,,,,,,,,,,,,,,,,,,,
376,1492,Iguazú,MISIONES,APICULTURA,,,,,,,,,,,,,,,,,,,,,,,,,,,,,,,,,,,,,,,,,,,,,,,,,,,
288,1161,Independencia,CHACO,APICULTURA,,,,224/2020,224/2020,224/2020,224/2020,224/2020,224/2020,69/2021,69/2021,69/2021,69/2021,69/2021,69/2021,,,,,41/22,41/22,41/22,41/22,41/22,41/22,,,,,,,,,,,,,,,,,,,,,,,,,,
164,1427,Iriondo,SANTA FE,APICULTURA,,,,,,,,,,,,,,,,,,,,,,,,,,,,,,,,,,,,,,,,,,,,,,,,,,,
420,1545,Ischilín,CÓRDOBA,APICULTURA,,,,,,,,,,,,,,,,,,,,,,,,,,,,,,,,,,,,,,,,,,,,,,,,,,,
191,1497,Islas del Ibicuy,ENTRE RÍOS,APICULTURA,,,,,,,,,,,,,,,,,,,,,,,,,,,,,,98/2023,98/2023,98/2023,98/2023,98/2023,98/2023,98/2023,,,,,,,,,,,,,,,
405,1524,Itatí,CORRIENTES,APICULTURA,,,,,,,,,,,,,,,,,,,,,,,,,,,,,,,,,,,,,,,,,,,,,,,,,,,
98,1232,Ituzaingó,BUENOS AIRES,APICULTURA,,,,,,,,,,,,,,,,,,,,,,,,,,,,,,,,,,,,,,,,,,,,,,,,,,,
403,1522,Ituzaingó,CORRIENTES,APICULTURA,,,,,,,,,,,,,,,,,,,,,,,,,,,,,,,,,,,,,,,,,,,,,,,,,,,
5,1068,José C. Paz,BUENOS AIRES,APICULTURA,,,,,,,,,,,,,,,,,,,,,,,,,,,,,,,,,,,,,,,,,,,,,,,,,,,
199,1543,Juárez Celman,CÓRDOBA,APICULTURA,,,,,,,,,,,,,,,,,,,,,,,,,,,,,,,,,,,,,,,,,,,,,,,,,,,
88,1222,Junín,BUENOS AIRES,APICULTURA,,,,,,,,,,,,,,,,,,,,,,,,,,,,,,,,,,,,,,,,,946/2024,946/2024,946/2024,946/2024,946/2024,946/2024,,,,,
359,1469,La Capital,SANTA FE,APICULTURA,,,,,,,,,,,,,,,,,,,,,,,,,,,,,,,,,,,,,,,,,,,,,,,,,,,
23,1087,La Costa,BUENOS AIRES,APICULTURA,,,,,,,,,,,,,,,,,,,,,,,,,,,,,,,,,,,,,,,,,,,,,,,,,,,
9,1073,La Matanza,BUENOS AIRES,APICULTURA,,,,,,,,,,,,,,,,,,,,,,,,,,,,,,,,,,,,,,,,,,,,,,,,,,,
340,1365,La Paz,ENTRE RÍOS,APICULTURA,,,,,,,,,,,,,,,,,,,,,,,,,,,,,,98/2023,98/2023,98/2023,98/2023,98/2023,98/2023,98/2023,,,,,,,,,,,,,,,
152,1329,La Plata,BUENOS AIRES,APICULTURA,,,,,,,,,,,,,,,,,,,,,,,,,,,,,,,,,,,,,,,,,,,,,,,,,,,
278,1121,Laishi,FORMOSA,APICULTURA,201/2020,201/2020,201/2020,201/2020,201/2020,201/2020,201/2020,201/2020,201/2020,201/2020,201/2020,201/2020,,,,,,,,,,,,,,,,,,,,,,,,,,,,,,,,,,,,,,,
148,1320,Lanús,BUENOS AIRES,APICULTURA,,,,,,,,,,,,,,,,,,,,,,,,,,,,,,,,,,,,,,,,,,,,,,,,,,,
128,1263,Laprida,BUENOS AIRES,APICULTURA,,,,,,,,,,,,,,,,,,,,,,,,,,,,,,,,,,,,,,,,,,,,,,,,,,,
349,1428,Las Colonias,SANTA FE,APICULTURA,,,,,,,,,,,,,,,,,,,,,,,,,,,,,,,,,,,,,,,,,,,,,,,,,,,
2,1065,Las Flores,BUENOS AIRES,APICULTURA,,,,,,,,,,,,,,,,,,,,,,,,,,,,,,,,,,,,,,,,,,,,,,,,,,,
392,1511,Lavalle,CORRIENTES,APICULTURA,,,,,,,,,,,,,,,,,,,,,,,,,,,,,,,,,,,,,,,,,,,,,,,,,,,
140,1294,Leandro N. Alem,BUENOS AIRES,APICULTURA,,,,,,,,,,,,,,,,,,,,,,,,,,,,,,,,,,,,,,,,,,,,,,,,,,,
370,1486,Leandro N. Alem,MISIONES,APICULTURA,,,,,,,,,,,,,,,,,,,,,,,,,,,,,,,,,,,,,,,,,,,,,,,,,,,
36,1110,Lezama,BUENOS AIRES,APICULTURA,,,,,,,,,,,,,,,,,,,,,,,,,,,,,,,,,,,,,,,,,,,,,,,,,,,
323,1324,Libertad,CHACO,APICULTURA,,,,224/2020,224/2020,224/2020,224/2020,224/2020,224/2020,69/2021,69/2021,69/2021,69/2021,69/2021,69/2021,,,,,41/22,41/22,41/22,41/22,41/22,41/22,,,,,,,,,,,,,,,,,,,,,,,,,,
312,1295,Libertador General San Martín,CHACO,APICULTURA,,,,224/2020,224/2020,224/2020,224/2020,224/2020,224/2020,69/2021,69/2021,69/2021,69/2021,69/2021,69/2021,,,,,41/22,41/22,41/22,41/22,41/22,41/22,,,,,,,,,,,,,,,,,,,,,,,,,,
379,1495,Libertador General San Martín,MISIONES,APICULTURA,,,,,,,,,,,,,,,,,,,,,,,,,,,,,,,,,,,,,,,,,,,,,,,,,,,
168,1435,Lihuel Calel,LA PAMPA,APICULTURA,,,,,,,,,,,,,,,,,,,,,,,,,,,,,,,,,,,,,,,,986/2024,986/2024,986/2024,986/2024,986/2024,986/2024,986/2024,986/2024,986/2024,986/2024,986/2024,986/2024
170,1437,Limay Mahuida,LA PAMPA,APICULTURA,,,,,,,,,,,,,,,,,,,,,,,,,,,,,,,,,,,,,,,,986/2024,986/2024,986/2024,986/2024,986/2024,986/2024,986/2024,986/2024,986/2024,986/2024,986/2024,986/2024
97,1231,Lincoln,BUENOS AIRES,APICULTURA,,,,,,,,,,,,,,,,,,,,,,,,,,,,,,,,,,,,,,,,,946/2024,946/2024,946/2024,946/2024,946/2024,946/2024,,,,,
134,1270,Lobería,BUENOS AIRES,APICULTURA,,,,,,,,,,,,,,,,,,,,,,,,,,,,,,,,,,,,,,,,,,,,,,,,,,,
113,1248,Lobos,BUENOS AIRES,APICULTURA,,,,,,,,,,,,,,,,,,,,,,,,,,,,,,,,,,,,,,,,,946/2024,946/2024,946/2024,946/2024,946/2024,946/2024,,,,,
149,1321,Lomas de Zamora,BUENOS AIRES,APICULTURA,,,,,,,,,,,,,,,,,,,,,,,,,,,,,,,,,,,,,,,,,,,,,,,,,,,
179,1448,Loventué,LA PAMPA,APICULTURA,,,,,,,,,,,,,,,,,,,,,,,,,,,,,,,,,,,,,,,,986/2024,986/2024,986/2024,986/2024,986/2024,986/2024,986/2024,986/2024,986/2024,986/2024,986/2024,986/2024
91,1225,Luján,BUENOS AIRES,APICULTURA,,,,,,,,,,,,,,,,,,,,,,,,,,,,,,,,,,,,,,,,,946/2024,946/2024,946/2024,946/2024,946/2024,946/2024,,,,,
24,1088,Magdalena,BUENOS AIRES,APICULTURA,,,,,,,,,,,,,,,,,,,,,,,,,,,,,,,,,,,,,,,,,946/2024,946/2024,946/2024,946/2024,946/2024,946/2024,,,,,
7,1070,Maipú,BUENOS AIRES,APICULTURA,,,,,,,,,,,,,,,,,,,,,,,,,,,,,,,,,,,,,,,,,946/2024,946/2024,946/2024,946/2024,946/2024,946/2024,,,,,
297,1183,Maipú,CHACO,APICULTURA,,,,224/2020,224/2020,224/2020,224/2020,224/2020,224/2020,69/2021,69/2021,69/2021,69/2021,69/2021,69/2021,,,,,41/22,41/22,41/22,41/22,41/22,41/22,,,,,,,,,,,,,,,,,,,,,,,,,,
95,1229,Malvinas Argentinas,BUENOS AIRES,APICULTURA,,,,,,,,,,,,,,,,,,,,,,,,,,,,,,,,,,,,,,,,,,,,,,,,,,,
19,1083,Mar Chiquita,BUENOS AIRES,APICULTURA,,,,,,,,,,,,,,,,,,,,,,,,,,,,,,,,,,,,,,,,,,,,,,,,,,,
172,1439,Maracó,LA PAMPA,APICULTURA,,,,,,,,,,,,,,,,,,,,,,,,,,,,,,,,,,,,,,,,986/2024,986/2024,986/2024,986/2024,986/2024,986/2024,986/2024,986/2024,986/2024,986/2024,986/2024,986/2024
201,1550,Marcos Juárez,CÓRDOBA,APICULTURA,,,,,,,,,,,,,,,,,,,,,,,,,,,,,,,290/2023,290/2023,290/2023,290/2023,290/2023,290/2023,290/2023,290/2023,290/2023,290/2023,290/2023,290/2023,1523/23,1523/23,,,,,,,
106,1241,Marcos Paz,BUENOS AIRES,APICULTURA,,,,,,,,,,,,,,,,,,,,,,,,,,,,,,,,,,,,,,,,,,,,,,,,,,,
456,1152,Matacos,FORMOSA,APICULTURA,201/2020,201/2020,201/2020,201/2020,201/2020,201/2020,201/2020,201/2020,201/2020,201/2020,201/2020,201/2020,,,,,,,,,,,,,,,,,,,,,,,,,,,,,,,,,,,,,,,
289,1162,Mayor Luis J. Fontana,CHACO,APICULTURA,,,,224/2020,224/2020,224/2020,224/2020,224/2020,224/2020,69/2021,69/2021,69/2021,69/2021,69/2021,69/2021,,,,,,,,,,,,,,,,,,,,,,,,,,,,,,,,,,,,
384,1503,Mburucuyá,CORRIENTES,APICULTURA,,,,,,,,,,,,,,,,,,,,,,,,,,,,,,,,,,,,,,,,,,,,,,,,,,,
89,1223,Mercedes,BUENOS AIRES,APICULTURA,,,,,,,,,,,,,,,,,,,,,,,,,,,,,,,,,,,,,,,,,,,,,,,,,,,
386,1505,Mercedes,CORRIENTES,APICULTURA,,,,,,,,,,,,,,,,,,,,,,,,,,,,,,,,,,,,,,,,,,,,,,,,,,,
79,1213,Merlo,BUENOS AIRES,APICULTURA,,,,,,,,,,,,,,,,,,,,,,,,,,,,,,,,,,,,,,,,,,,,,,,,,,,
412,1531,Minas,CÓRDOBA,APICULTURA,,,,,,,,,,,,,,,,,,,,,,,,,,,,,,,,,,,,,,,,,,,,,,,,,,,
76,1210,Monte,BUENOS AIRES,APICULTURA,,,,,,,,,,,,,,,,,,,,,,,,,,,,,,,,,,,,,,,,,946/2024,946/2024,946/2024,946/2024,946/2024,946/2024,,,,,
397,1516,Monte Caseros,CORRIENTES,APICULTURA,,,,,,,,,,,,,,,,,,,,,,,,,,,,,,,,,,,,,,,,,,,,,,,,,,,
133,1269,Monte Hermoso,BUENOS AIRES,APICULTURA,,,,,,,,,,,,,,,,,,,,,,,,,,,,,,,,,,,,,,,,,,,,,,,,,,,
366,1482,Montecarlo,MISIONES,APICULTURA,,,,,,,,,,,,,,,,,,,,,,,,,,,,,,,,,,,,,,,,,,,,,,,,,,,
8,1072,Moreno,BUENOS AIRES,APICULTURA,,,,,,,,,,,,,,,,,,,,,,,,,,,,,,,,,,,,,,,,,,,,,,,,,,,
93,1227,Morón,BUENOS AIRES,APICULTURA,,,,,,,,,,,,,,,,,,,,,,,,,,,,,,,,,,,,,,,,,,,,,,,,,,,
110,1245,Navarro,BUENOS AIRES,APICULTURA,,,,,,,,,,,,,,,,,,,,,,,,,,,,,,,,,,,,,,,,,946/2024,946/2024,946/2024,946/2024,946/2024,946/2024,,,,,
35,1105,Necochea,BUENOS AIRES,APICULTURA,,,,,,,,,,,,,,,,,,,,,,,,,,,,,,,,,,,,,,,,,,,,,,,,,,,
338,1363,Nogoyá,ENTRE RÍOS,APICULTURA,,,,,,,,,,,,,,,,,,,,,,,,,,,,,,98/2023,98/2023,98/2023,98/2023,98/2023,98/2023,98/2023,,,,,,,,,,,,,,,
269,1071,O'Higgins,CHACO,APICULTURA,,,,224/2020,224/2020,224/2020,224/2020,224/2020,224/2020,69/2021,69/2021,69/2021,69/2021,69/2021,69/2021,,,,,,,,,,,,,,,,,,,,,,,,,,,,,,,,,,,,
368,1484,Oberá,MISIONES,APICULTURA,,,,,,,,,,,,,,,,,,,,,,,,,,,,,,,,,,,,,,,,,,,,,,,,,,,
78,1212,Olavarría,BUENOS AIRES,APICULTURA,,,,,,,,,,,,,,,,,,,,,,,,,,,,,,,,,,,,,,,,,,,,,,,,,,,
342,1367,Paraná,ENTRE RÍOS,APICULTURA,,,,,,,,,,,,,,,,,,,,,,,,,,,,,,98/2023,98/2023,98/2023,98/2023,98/2023,98/2023,98/2023,,,,,,,,,,,,,,,
398,1517,Paso de los Libres,CORRIENTES,APICULTURA,,,,,,,,,,,,,,,,,,,,,,,,,,,,,,,,,,,,,,,,,,,,,,,,,,,
142,1298,Patagones,BUENOS AIRES,APICULTURA,,,,,,,48/2022,48/2022,48/2022,48/2022,48/2022,48/2022,48/2022,48/2022,48/2022,48/2022,48/2022,48/2022,,,,,,,,,,,,,,,,,,,,,,,946/2024,946/2024,946/2024,946/2024,946/2024,946/2024,,,,,
282,1149,Patiño,FORMOSA,APICULTURA,201/2020,201/2020,201/2020,201/2020,201/2020,201/2020,201/2020,201/2020,201/2020,201/2020,201/2020,201/2020,,,,,,,,,,,,,,,,,,,,,,,,,,,,,,,,,,,,,,,
73,1207,Pehuajó,BUENOS AIRES,APICULTURA,,,,,,,,,,,,,,,,,,,,,,,,,,,,,,,,,,,,,,,,,,,,,,,,,,,
45,1131,Pellegrini,BUENOS AIRES,APICULTURA,,,,,,,,,,,,,,,,,,,,,,,,,,,,,,,,,,,,,,,,,,,,,,,,,,,
56,1159,Pergamino,BUENOS AIRES,APICULTURA,,,,,,,,,,,,,,,,,,,,,,,,,,,,,,,,,,,,,,,,,946/2024,946/2024,946/2024,946/2024,946/2024,946/2024,,,,,
153,1346,Pila,BUENOS AIRES,APICULTURA,,,,,,,,,,,,,,,,,,,,,,,,,,,,,,,,,,,,,,,,,946/2024,946/2024,946/2024,946/2024,946/2024,946/2024,,,,,
277,1120,Pilagás,FORMOSA,APICULTURA,201/2020,201/2020,201/2020,201/2020,201/2020,201/2020,201/2020,201/2020,201/2020,201/2020,201/2020,201/2020,,,,,,,,,,,,,,,,,,,,,,,,,,,,,,,,,,,,,,,
90,1224,Pilar,BUENOS AIRES,APICULTURA,,,,,,,,,,,,,,,,,,,,,,,,,,,,,,,,,,,,,,,,,,,,,,,,,,,
311,1293,Pilcomayo,FORMOSA,APICULTURA,201/2020,201/2020,201/2020,201/2020,201/2020,201/2020,201/2020,201/2020,201/2020,201/2020,201/2020,201/2020,,,,,,,,,,,,,,,,,,,,,,,,,,,,,,,,,,,,,,,
21,1085,Pinamar,BUENOS AIRES,APICULTURA,,,,,,,,,,,,,,,,,,,,,,,,,,,,,,,,,,,,,,,,,,,,,,,,,,,
279,1122,Pirané,FORMOSA,APICULTURA,201/2020,201/2020,201/2020,201/2020,201/2020,201/2020,201/2020,201/2020,201/2020,201/2020,201/2020,201/2020,,,,,,,,,,,,,,,,,,,,,,,,,,,,,,,,,,,,,,,
425,1552,Pocho,CÓRDOBA,APICULTURA,,,,,,,,,,,,,,,,,,,,,,,,,,,,,,,,,,,,,,,,,,,,,,,,,,,
286,1158,Presidencia de la Plaza,CHACO,APICULTURA,,,,224/2020,224/2020,224/2020,224/2020,224/2020,224/2020,69/2021,69/2021,69/2021,69/2021,69/2021,69/2021,,,,,41/22,41/22,41/22,41/22,41/22,41/22,,,,,,,,,,,,,,,,,,,,,,,,,,
67,1201,Presidente Perón,BUENOS AIRES,APICULTURA,,,,,,,,,,,,,,,,,,,,,,,,,,,,,,,,,,,,,,,,,,,,,,,,,,,
197,1538,Presidente Roque Sáenz Peña,CÓRDOBA,APICULTURA,,,,,,,,,,,,,,,,,,,,,,,,,,,,,,,,,,,,,,,,,,,,,,,,,,,
46,1132,Puán,BUENOS AIRES,APICULTURA,,,,,,,,,,,,,,,,,,,,,,,,,,,,,,,,,,,,,,,,,946/2024,946/2024,946/2024,946/2024,946/2024,946/2024,,,,,
509,1446,Puelén,LA PAMPA,APICULTURA,,,,,,,,,,,,,,,,,,,,,,,,,,,,,,,,,,,,,,,,986/2024,986/2024,986/2024,986/2024,986/2024,986/2024,986/2024,986/2024,986/2024,986/2024,986/2024,986/2024
410,1529,Punilla,CÓRDOBA,APICULTURA,,,,,,,,,,,,,,,,,,,,,,,,,,,,,,,,,,,,,,,,,,,,,,,,,,,
38,1112,Punta Indio,BUENOS AIRES,APICULTURA,,,,,,,,,,,,,,,,,,,,,,,,,,,,,,,,,,,,,,,,,,,,,,,,,,,
188,1473,Quemú Quemú,LA PAMPA,APICULTURA,,,,,,,,,,,,,,,,,,,,,,,,,,,,,,,,,,,,,,,,,,,,,,,,,,,
115,1250,Quilmes,BUENOS AIRES,APICULTURA,,,,,,,,,,,,,,,,,,,,,,,,,,,,,,,,,,,,,,,,,,,,,,,,,,,
285,1157,Quitilipi,CHACO,APICULTURA,,,,224/2020,224/2020,224/2020,224/2020,224/2020,224/2020,69/2021,69/2021,69/2021,69/2021,69/2021,69/2021,,,,,41/22,41/22,41/22,41/22,41/22,41/22,,,,,,,,,,,,,,,,,,,,,,,,,,
138,1274,Ramallo,BUENOS AIRES,APICULTURA,,,,,,,,,,,,,,,,,,,,,,,,,,,,,,,,,,,,,,,,,946/2024,946/2024,946/2024,946/2024,946/2024,946/2024,,,,,
479,1312,Ramón Lista,FORMOSA,APICULTURA,201/2020,201/2020,201/2020,201/2020,201/2020,201/2020,201/2020,201/2020,201/2020,201/2020,201/2020,201/2020,,,,,,,,,,,,,,,,,,,,,,,,,,,,,,,,,,,,,,,
167,1434,Rancul,LA PAMPA,APICULTURA,,,,,,,,,,,,,,,,,,,,,,,,,,,,,,,,,,,,,,,,986/2024,986/2024,986/2024,986/2024,986/2024,986/2024,986/2024,986/2024,986/2024,986/2024,986/2024,986/2024
26,1096,Rauch,BUENOS AIRES,APICULTURA,,,,,,,,,,,,,,,,,,,,,,,,,,,,,,,,,,,,,,,,,946/2024,946/2024,946/2024,946/2024,946/2024,946/2024,,,,,
173,1440,Realicó,LA PAMPA,APICULTURA,,,,,,,,,,,,,,,,,,,,,,,,,,,,,,,,,,,,,,,,986/2024,986/2024,986/2024,986/2024,986/2024,986/2024,986/2024,986/2024,986/2024,986/2024,986/2024,986/2024
196,1537,Río Cuarto,CÓRDOBA,APICULTURA,,,,,,,,,,,,,,,,,,,,,,,,,,,,,,,,,,,,,,,,,,,,,,,,,,,
423,1549,Río Primero,CÓRDOBA,APICULTURA,,,,,,,,,,,,,,,,,,,,,,,,,,,,,,,,,,,,,,,,,,,,,,,,,,,
416,1540,Río Seco,CÓRDOBA,APICULTURA,,,,,,,,,,,,,,,,,,,,,,,,,,,,,,,,,,,,,,,,,,,,,,,,,,,
414,1533,Río Segundo,CÓRDOBA,APICULTURA,,,,,,,,,,,,,,,,,,,,,,,,,,,,,,,,,,,,,,,,,,,,,,,,,,,
182,1456,Rivadavia,BUENOS AIRES,APICULTURA,,,,,,,,,,,,,,,,,,,,,,,,,,,,,,,,,,,,,,,,,946/2024,946/2024,946/2024,946/2024,946/2024,946/2024,,,,,
3,1066,Rojas,BUENOS AIRES,APICULTURA,,,,,,,,,,,,,,,,,,,,,,,,,,,,,,,,,,,,,,,,,946/2024,946/2024,946/2024,946/2024,946/2024,946/2024,,,,,
77,1211,Roque Pérez,BUENOS AIRES,APICULTURA,,,,,,,,,,,,,,,,,,,,,,,,,,,,,,,,,,,,,,,,,,,,,,,,,,,
163,1426,Rosario,SANTA FE,APICULTURA,,,,,,,,,,,,,,,,,,,,,,,,,,,,,,,,,,,,,,,,,,,,,,,,,,,
132,1268,Saavedra,BUENOS AIRES,APICULTURA,,,,,,,,,,,,,,,,,,,,,,,,,,,,,,,,,,,,,,,,,946/2024,946/2024,946/2024,946/2024,946/2024,946/2024,,,,,
390,1509,Saladas,CORRIENTES,APICULTURA,,,,,,,,,,,,,,,,,,,,,,,,,,,,,,,,,,,,,,,,,,,,,,,,,,,
1,1064,Saladillo,BUENOS AIRES,APICULTURA,,,,,,,,,,,,,,,,,,,,,,,,,,,,,,,,,,,,,,,,,946/2024,946/2024,946/2024,946/2024,946/2024,946/2024,,,,,
27,1097,Salliqueló,BUENOS AIRES,APICULTURA,,,,,,,,,,,,,,,,,,,,,,,,,,,,,,,,,,,,,,,,,,,,,,,,,,,
84,1218,Salto,BUENOS AIRES,APICULTURA,,,,,,,,,,,,,,,,,,,,,,,,,,,,,,,,,,,,,,,,,,,,,,,,,,,
413,1532,San Alberto,CÓRDOBA,APICULTURA,,,,,,,,,,,,,,,,,,,,,,,,,,,,,,,,,,,,,,,,,,,,,,,,,,,
87,1221,San Andrés de Giles,BUENOS AIRES,APICULTURA,,,,,,,,,,,,,,,,,,,,,,,,,,,,,,,,,,,,,,,,,946/2024,946/2024,946/2024,946/2024,946/2024,946/2024,,,,,
6,1069,San Antonio de Areco,BUENOS AIRES,APICULTURA,,,,,,,,,,,,,,,,,,,,,,,,,,,,,,,,,,,,,,,,,946/2024,946/2024,946/2024,946/2024,946/2024,946/2024,,,,,
32,1102,San Cayetano,BUENOS AIRES,APICULTURA,,,,,,,,,,,,,,,,,,,,,,,,,,,,,,,,,,,,,,,,,,,,,,,,,,,
406,1525,San Cosme,CORRIENTES,APICULTURA,,,,,,,,,,,,,,,,,,,,,,,,,,,,,,,,,,,,,,,,,,,,,,,,,,,
358,1468,San Cristóbal,SANTA FE,APICULTURA,,,,,,,,,,,,,,,,,,,,,,,,,,,,,,,,,,,,,,,,,,,,,,,,,,,
180,1450,San Fernando,BUENOS AIRES,APICULTURA,,,,,,,,,,,,,,,,,,,,,,,,,,,,,,,,,,,,,,,,,,,,,,,,,,,
319,1317,San Fernando,CHACO,APICULTURA,,,,224/2020,224/2020,224/2020,224/2020,224/2020,224/2020,69/2021,69/2021,69/2021,69/2021,69/2021,69/2021,,,,,41/22,41/22,41/22,41/22,41/22,41/22,,,,,,,,,,,,,,,,,,,,,,,,,,
364,1480,San Ignacio,MISIONES,APICULTURA,,,,,,,,,,,,,,,,,,,,,,,,,,,,,,,,,,,,,,,,,,,,,,,,,,,
129,1264,San Isidro,BUENOS AIRES,APICULTURA,,,,,,,,,,,,,,,,,,,,,,,,,,,,,,,,,,,,,,,,,,,,,,,,,,,
360,1470,San Javier,SANTA FE,APICULTURA,,,,,,,,,,,,,,,,,,,,,,,,,,,,,,,,,,,,,,,,,,,,,,,,,,,
371,1487,San Javier,MISIONES,APICULTURA,,,,,,,,,,,,,,,,,,,,,,,,,,,,,,,,,,,,,,,,,,,,,,,,,,,
422,1548,San Javier,CÓRDOBA,APICULTURA,,,,,,,,,,,,,,,,,,,,,,,,,,,,,,,,,,,,,,,,,,,,,,,,,,,
362,1478,San Jerónimo,SANTA FE,APICULTURA,,,,,,,,,,,,,,,,,,,,,,,,,,,,,,,,,,,,,,,,,,,,,,,,,,,
350,1429,San Justo,SANTA FE,APICULTURA,,,,,,,,,,,,,,,,,,,,,,,,,,,,,,,,,,,,,,,,,,,,,,,,,,,
415,1534,San Justo,CÓRDOBA,APICULTURA,,,,,,,,,,,,,,,,,,,,,,,,,,,,,,,290/2023,290/2023,290/2023,290/2023,290/2023,290/2023,290/2023,290/2023,290/2023,290/2023,290/2023,290/2023,1523/23,1523/23,,,,,,,
185,1465,San Lorenzo,SANTA FE,APICULTURA,,,,,,,,,,,,,,,,,,,,,,,,,,,,,,,,,,,,,,,,,,,,,,,,,,,
320,1318,San Lorenzo,CHACO,APICULTURA,,,,224/2020,224/2020,224/2020,224/2020,224/2020,224/2020,69/2021,69/2021,69/2021,69/2021,69/2021,69/2021,,,,,,,,,,,,,,,,,,,,,,,,,,,,,,,,,,,,
383,1502,San Luis del Palmar,CORRIENTES,APICULTURA,,,,,,,,,,,,,,,,,,,,,,,,,,,,,,,,,,,,,,,,,,,,,,,,,,,
352,1454,San Martín,SANTA FE,APICULTURA,,,,,,,,,,,,,,,,,,,,,,,,,,,,,,,,,,,,,,,,,,,,,,,,,,,
399,1518,San Martín,CORRIENTES,APICULTURA,,,,,,,,,,,,,,,,,,,,,,,,,,,,,,,,,,,,,,,,,,,,,,,,,,,
86,1220,San Miguel,BUENOS AIRES,APICULTURA,,,,,,,,,,,,,,,,,,,,,,,,,,,,,,,,,,,,,,,,,,,,,,,,,,,
402,1521,San Miguel,CORRIENTES,APICULTURA,,,,,,,,,,,,,,,,,,,,,,,,,,,,,,,,,,,,,,,,,,,,,,,,,,,
139,1275,San Nicolás,BUENOS AIRES,APICULTURA,,,,,,,,,,,,,,,,,,,,,,,,,,,,,,,,,,,,,,,,,,,,,,,,,,,
146,1305,San Pedro,BUENOS AIRES,APICULTURA,,,,,,,,,,,,,,,,,,,,,,,,,,,,,,,,,,,,,,,,,,,,,,,,,,,
375,1491,San Pedro,MISIONES,APICULTURA,,,,,,,,,,,,,,,,,,,,,,,,,,,,,,,,,,,,,,,,,,,,,,,,,,,
387,1506,San Roque,CORRIENTES,APICULTURA,,,,,,,,,,,,,,,,,,,,,,,,,,,,,,,,,,,,,,,,,,,,,,,,,,,
337,1362,San Salvador,ENTRE RÍOS,APICULTURA,,,,,,,,,,,,,,,,,,,,,,,,,,,,,,98/2023,98/2023,98/2023,98/2023,98/2023,98/2023,98/2023,,,,,,,,,,,,,,,
112,1247,San Vicente,BUENOS AIRES,APICULTURA,,,,,,,,,,,,,,,,,,,,,,,,,,,,,,,,,,,,,,,,,,,,,,,,,,,
411,1530,Santa María,CÓRDOBA,APICULTURA,,,,,,,,,,,,,,,,,,,,,,,,,,,,,,,,,,,,,,,,,,,,,,,,,,,
401,1520,Santo Tomé,CORRIENTES,APICULTURA,,,,,,,,,,,,,,,,,,,,,,,,,,,,,,,,,,,,,,,,,,,,,,,,,,,
287,1160,Sargento Cabral,CHACO,APICULTURA,,,,224/2020,224/2020,224/2020,224/2020,224/2020,224/2020,69/2021,69/2021,69/2021,69/2021,69/2021,69/2021,,,,,41/22,41/22,41/22,41/22,41/22,41/22,,,,,,,,,,,,,,,,,,,,,,,,,,
395,1514,Sauce,CORRIENTES,APICULTURA,,,,,,,,,,,,,,,,,,,,,,,,,,,,,,,,,,,,,,,,,,,,,,,,,,,
417,1541,Sobremonte,CÓRDOBA,APICULTURA,,,,,,,,,,,,,,,,,,,,,,,,,,,,,,,,,,,,,,,,,,,,,,,,,,,
100,1234,Suipacha,BUENOS AIRES,APICULTURA,,,,,,,,,,,,,,,,,,,,,,,,,,,,,,,,,,,,,,,,,946/2024,946/2024,946/2024,946/2024,946/2024,946/2024,,,,,
339,1364,Tala,ENTRE RÍOS,APICULTURA,,,,,,,,,,,,,,,,,,,,,,,,,,,,,,98/2023,98/2023,98/2023,98/2023,98/2023,98/2023,98/2023,,,,,,,,,,,,,,,
13,1077,Tandil,BUENOS AIRES,APICULTURA,,,,,,,,,,,,,,,,,,,,,,,,,,,,,,,,,,,,,,,,,,,,,,,,,,,
119,1254,Tapalqué,BUENOS AIRES,APICULTURA,,,,,,,,,,,,,,,,,,,,,,,,,,,,,,,,,,,,,,,,,,,,,,,,,,,
284,1156,Tapenagá,CHACO,APICULTURA,,,,224/2020,224/2020,224/2020,224/2020,224/2020,224/2020,69/2021,69/2021,69/2021,69/2021,69/2021,69/2021,,,,,41/22,41/22,41/22,41/22,41/22,41/22,,,,,,,,,,,,,,,,,,,,,,,,,,
195,1536,Tercero Arriba,CÓRDOBA,APICULTURA,,,,,,,,,,,,,,,,,,,,,,,,,,,,,,,,,,,,,,,,,,,,,,,,,,,
181,1451,Tigre,BUENOS AIRES,APICULTURA,,,,,,,,,,,,,,,,,,,,,,,,,,,,,,,,,,,,,,,,,,,,,,,,,,,
175,1442,Toay,LA PAMPA,APICULTURA,,,,,,,,,,,,,,,,,,,,,,,,,,,,,,,,,,,,,,,,986/2024,986/2024,986/2024,986/2024,986/2024,986/2024,986/2024,986/2024,986/2024,986/2024,986/2024,986/2024
136,1272,Tordillo,BUENOS AIRES,APICULTURA,,,,,,,,,,,,,,,,,,,,,,,,,,,,,,,,,,,,,,,,,946/2024,946/2024,946/2024,946/2024,946/2024,946/2024,,,,,
29,1099,Tornquist,BUENOS AIRES,APICULTURA,,,,,,,,,,,,,,,,,,,,,,,,,,,,,,,,,,,,,,,,,946/2024,946/2024,946/2024,946/2024,946/2024,946/2024,,,,,
421,1546,Totoral,CÓRDOBA,APICULTURA,,,,,,,,,,,,,,,,,,,,,,,,,,,,,,,,,,,,,,,,,,,,,,,,,,,
177,1444,Trenel,LA PAMPA,APICULTURA,,,,,,,,,,,,,,,,,,,,,,,,,,,,,,,,,,,,,,,,986/2024,986/2024,986/2024,986/2024,986/2024,986/2024,986/2024,986/2024,986/2024,986/2024,986/2024,986/2024
74,1208,Trenque Lauquen,BUENOS AIRES,APICULTURA,,,,,,,,,,,,,,,,,,,,,,,,,,,,,,,,,,,,,,,,,946/2024,946/2024,946/2024,946/2024,946/2024,946/2024,,,,,
33,1103,Tres Arroyos,BUENOS AIRES,APICULTURA,,,,,,,,,,,,,,,,,,,,,,,,,,,,,,,,,,,,,,,,,946/2024,946/2024,946/2024,946/2024,946/2024,946/2024,,,,,
101,1235,Tres de Febrero,BUENOS AIRES,APICULTURA,,,,,,,,,,,,,,,,,,,,,,,,,,,,,,,,,,,,,,,,,,,,,,,,,,,
124,1259,Tres Lomas,BUENOS AIRES,APICULTURA,,,,,,,,,,,,,,,,,,,,,,,,,,,,,,,,,,,,,,,,,,,,,,,,,,,
408,1527,Tulumba,CÓRDOBA,APICULTURA,,,,,,,,,,,,,,,,,,,,,,,,,,,,,,,,,,,,,,,,,,,,,,,,,,,
194,1535,Unión,CÓRDOBA,APICULTURA,,,,,,,,,,,,,,,,,,,,,,,,,,,,,,,290/2023,290/2023,290/2023,290/2023,290/2023,290/2023,290/2023,290/2023,290/2023,290/2023,290/2023,290/2023,1523/23,1523/23,,,,,,,
192,1498,Uruguay,ENTRE RÍOS,APICULTURA,,,,,,,,,,,,,,,,,,,,,,,,,,,,,,98/2023,98/2023,98/2023,98/2023,98/2023,98/2023,98/2023,,,,,,,,,,,,,,,
174,1441,Utracán,LA PAMPA,APICULTURA,,,,,,,,,,,,,,,,,,,,,,,,,,,,,,,,,,,,,,,,986/2024,986/2024,986/2024,986/2024,986/2024,986/2024,986/2024,986/2024,986/2024,986/2024,986/2024,986/2024
356,1466,Vera,SANTA FE,APICULTURA,,,,,,,,,,,,,,,,,,,,,,,,,,,,,,,,,,,,,,,,,,,,,,,,,,,
25,1089,Vicente López,BUENOS AIRES,APICULTURA,,,,,,,,,,,,,,,,,,,,,,,,,,,,,,,,,,,,,,,,,,,,,,,,,,,
154,1369,Victoria,ENTRE RÍOS,APICULTURA,,,,,,,,,,,,,,,,,,,,,,,,,,,,,,98/2023,98/2023,98/2023,98/2023,98/2023,98/2023,98/2023,,,,,,,,,,,,,,,
20,1084,Villa Gesell,BUENOS AIRES,APICULTURA,,,,,,,,,,,,,,,,,,,,,,,,,,,,,,,,,,,,,,,,,,,,,,,,,,,
335,1360,Villaguay,ENTRE RÍOS,APICULTURA,,,,,,,,,,,,,,,,,,,,,,,,,,,,,,98/2023,98/2023,98/2023,98/2023,98/2023,98/2023,98/2023,,,,,,,,,,,,,,,
47,1133,Villarino,BUENOS AIRES,APICULTURA,,,,,,,,,,,,,,,,,,,,,,,,,,,,,,,,,,,,,,,,,946/2024,946/2024,946/2024,946/2024,946/2024,946/2024,,,,,
137,1273,Zárate,BUENOS AIRES,APICULTURA,,,,,,,,,,,,,,,,,,,,,,,,,,,,,,,,,,,,,,,,,,,,,,,,,,,
317,1315,1° de Mayo,CHACO,FRUTICULTURA,,,,,,,,,,,,,,,,,,,,,,,,,,,,,,,,,,,,,,,,,,,,,,,,,,,
276,1119,12 de Octubre,CHACO,FRUTICULTURA,,,,,,,,,,,,,,,,,,,,,,,,,,,,,,,,,,,,,,,,,,,,,,,,,,,
321,1319,2 de Abril,CHACO,FRUTICULTURA,,,,,,,,,,,,,,,,,,,,,,,,,,,,,,,,,,,,,,,,,,,,,,,,,,,
71,1205,25 de Mayo,BUENOS AIRES,FRUTICULTURA,,,,,,,,,,,,,,,,,,,,,,,,,,,,,,,,,,,,,,,,,946/2024,946/2024,946/2024,,,,,,,,
322,1323,25 de Mayo,CHACO,FRUTICULTURA,,,,,,,,,,,,,,,,,,,,,,,,,,,,,,,,,,,,,,,,,,,,,,,,,,,
369,1485,25 de Mayo,MISIONES,FRUTICULTURA,,,,,,,,,,,,,,,,,,,,,,,,,,,,,,,,,,,,,,,,,,,,,,,,,,,
72,1206,9 de Julio,BUENOS AIRES,FRUTICULTURA,,,,,,,,,,,,,,,,,,,,,,,,,,,,,,,,,,,,,,,,,946/2024,946/2024,946/2024,,,,,,,,
318,1316,9 de Julio,CHACO,FRUTICULTURA,,,,,,,,,,,,,,,,,,,,,,,,,,,,,,,,,,,,,,,,,,,,,,,,,,,
357,1467,9 de Julio,SANTA FE,FRUTICULTURA,,,,,,,,,,,,,,,,,,,31/2022,31/2022,31/2022,31/2022,31/2022,31/2022,,,,,16/2023,16/2023,16/2023,16/2023,16/2023,16/2023,16/2023,750/2023,750/2023,750/2023,750/2023,1484/2023,1484/2023,1484/2023,1484/2023,1484/2023,1484/2023,,,,,,
44,1130,Adolfo Alsina,BUENOS AIRES,FRUTICULTURA,,,,,,,,,,,,,,,,,,,,,,,,,,,,,,,,,,,,,,,,,946/2024,946/2024,946/2024,,,,,,,,
15,1079,Adolfo Gonzales Chaves,BUENOS AIRES,FRUTICULTURA,,,,,,,,,,,,,,,,,,,,,,,,,,,,,,,,,,,,,,,,,946/2024,946/2024,946/2024,,,,,,,,
103,1238,Alberti,BUENOS AIRES,FRUTICULTURA,,,,,,,,,,,,,,,,,,,,,,,,,,,,,,,,,,,,,,,,,946/2024,946/2024,946/2024,,,,,,,,
66,1200,Almirante Brown,BUENOS AIRES,FRUTICULTURA,,,,,,,,,,,,,,,,,,,,,,,,,,,,,,,,,,,,,,,,,,,,,,,,,,,
299,1192,Almirante Brown,CHACO,FRUTICULTURA,,,,,,,,,,,,,,,,,,,,,,,,,,,,,,,,,,,,,,,,,,,,,,,,,,,
373,1489,Apóstoles,MISIONES,FRUTICULTURA,,,,,,,,,,,,,,,,,,,,,,,,,,,,,,,,,,,,,,,,,,,,,,,,,,,
81,1215,Arrecifes,BUENOS AIRES,FRUTICULTURA,,,,,,,,,,,,,,,,,,,,,,,,,,,,,,,,,,,,,,,,,,,,,,,,,,,
186,1471,Atreucó,LA PAMPA,FRUTICULTURA,,,,,,,,,,,,,,,,,,,,,,,,,,,,,,,,,,,,,,,,,,,,,,,,,,,
150,1322,Avellaneda,BUENOS AIRES,FRUTICULTURA,,,,,,,,,,,,,,,,,,,,,,,,,,,,,,,,,,,,,,,,,,,,,,,,,,,
125,1260,Ayacucho,BUENOS AIRES,FRUTICULTURA,,,,,,,,,,,,,,,,,,,,,,,,,,,,,,,,,,,,,,,,,,,,,,,,,,,
122,1257,Azul,BUENOS AIRES,FRUTICULTURA,,,,,,,,,,,,,,,,,,,,,,,,,,,,,,,,,,,,,,,,,946/2024,946/2024,946/2024,,,,,,,,
16,1080,Bahía Blanca,BUENOS AIRES,FRUTICULTURA,,,,,,,,,,,,,,,,,,,,,,,,,,,,,,,,,,,,,,,,,946/2024,946/2024,946/2024,,,,,,,,
118,1253,Balcarce,BUENOS AIRES,FRUTICULTURA,,,,,,,,,,,,,,,,,,,,,,,,,,,,,,,,,,,,,,,,,,,,,,,,,,,
145,1304,Baradero,BUENOS AIRES,FRUTICULTURA,,,,,,,,,,,,,,,,,,,,,,,,,,,,,,,,,,,,,,,,,,,,,,,,,,,
190,1477,Belgrano,SANTA FE,FRUTICULTURA,,,,,,,,,,,,,,,,,,,31/2022,31/2022,31/2022,31/2022,31/2022,31/2022,,,,,16/2023,16/2023,16/2023,16/2023,16/2023,16/2023,16/2023,750/2023,750/2023,750/2023,750/2023,1484/2023,1484/2023,1484/2023,1484/2023,1484/2023,1484/2023,,,,,,
391,1510,Bella Vista,CORRIENTES,FRUTICULTURA,,,,,,,,,,,,,,,,,,,,,,,,,,,,,,,,,,,,,1620/2023,1620/2023,1620/2023,1620/2023,1620/2023,1620/2023,,,,,,,,,
130,1265,Benito Juárez,BUENOS AIRES,FRUTICULTURA,,,,,,,,,,,,,,,,,,,,,,,,,,,,,,,,,,,,,,,,,,,,,,,,,,,
28,1098,Berazategui,BUENOS AIRES,FRUTICULTURA,,,,,,,,,,,,,,,,,,,,,,,,,,,,,,,,,,,,,,,,,,,,,,,,,,,
135,1271,Berisso,BUENOS AIRES,FRUTICULTURA,,,,,,,,,,,,,,,,,,,,,,,,,,,,,,,,,,,,,,,,,,,,,,,,,,,
313,1297,Bermejo,CHACO,FRUTICULTURA,,,,,,,,,,,,,,,,,,,,,,,,,,,,,,,,,,,,,,,,,,,,,,,,,,,
454,1150,Bermejo,FORMOSA,FRUTICULTURA,,,,,,,,,,,,,,,,,,,49/2022,49/2022,49/2022,49/2022,49/2022,49/2022,,,,,,,,,,,,,,,,,,,,,,,,,,,
404,1523,Berón de Astrada,CORRIENTES,FRUTICULTURA,,,,,,,,,,,,,,,,,,,,,,,,,,,,,,,,,,,,,,,,,,,,,,,,,,,
117,1252,Bolívar,BUENOS AIRES,FRUTICULTURA,,,,,,,,,,,,,,,,,,,,,,,,,,,,,,,,,,,,,,,,,946/2024,946/2024,946/2024,,,,,,,,
104,1239,Bragado,BUENOS AIRES,FRUTICULTURA,,,,,,,,,,,,,,,,,,,,,,,,,,,,,,,,,,,,,,,,,946/2024,946/2024,946/2024,,,,,,,,
68,1202,Brandsen,BUENOS AIRES,FRUTICULTURA,,,,,,,,,,,,,,,,,,,,,,,,,,,,,,,,,,,,,,,,,,,,,,,,,,,
367,1483,Cainguás,MISIONES,FRUTICULTURA,,,,,,,,,,,,,,,,,,,,,,,,,,,,,,,,,,,,,,,,,,,,,,,,,,,
424,1551,Calamuchita,CÓRDOBA,FRUTICULTURA,,,,,,,,,,,,,,,,,,,,,,,,,,,,,,,,,,,,,,,,,,,,,,,,,,,
165,1431,Caleu Caleu,LA PAMPA,FRUTICULTURA,,,,,,,,,,,,,,,,,,,,,,,,,,,,,,,,,,,,,,,,,,,,,,,,,,,
39,1114,Campana,BUENOS AIRES,FRUTICULTURA,,,,,,,,,,,,,,,,,,,,,,,,,,,,,,,,,,,,,,,,,,,,,,,,,,,
365,1481,Candelaria,MISIONES,FRUTICULTURA,,,,,,,,,,,,,,,,,,,,,,,,,,,,,,,,,,,,,,,,,,,,,,,,,,,
111,1246,Cañuelas,BUENOS AIRES,FRUTICULTURA,,,,,,,,,,,,,,,,,,,,,,,,,,,,,,,,,,,,,,,,,,,,,,,,,,,
176,1443,Capital,LA PAMPA,FRUTICULTURA,,,,,,,,,,,,,,,,,,,,,,,,,,,,,,,,,,,,,,,,,,,,,,,,,,,
363,1479,Capital,MISIONES,FRUTICULTURA,,,,,,,,,,,,,,,,,,,,,,,,,,,,,,,,,,,,,,,,,,,,,,,,,,,
407,1526,Capital,CORRIENTES,FRUTICULTURA,,,,,,,,,,,,,,,,,,,,,,,,,,,,,,,,,,,,,,,,,,,,,,,,,,,
418,1542,Capital,CÓRDOBA,FRUTICULTURA,,,,,,,,,,,,,,,,,,,,,,,,,,,,,,,,,,,,,,,,,,,,,,,,,,,
82,1216,Capitán Sarmiento,BUENOS AIRES,FRUTICULTURA,,,,,,,,,,,,,,,,,,,,,,,,,,,,,,,,,,,,,,,,,,,,,,,,,,,
69,1203,Carlos Casares,BUENOS AIRES,FRUTICULTURA,,,,,,,,,,,,,,,,,,,,,,,,,,,,,,,,,,,,,,,,,946/2024,946/2024,946/2024,,,,,,,,
70,1204,Carlos Tejedor,BUENOS AIRES,FRUTICULTURA,,,,,,,,,,,,,,,,,,,,,,,,,,,,,,,,,,,,,,,,,946/2024,946/2024,946/2024,,,,,,,,
83,1217,Carmen de Areco,BUENOS AIRES,FRUTICULTURA,,,,,,,,,,,,,,,,,,,,,,,,,,,,,,,,,,,,,,,,,,,,,,,,,,,
184,1464,Caseros,SANTA FE,FRUTICULTURA,,,,,,,,,,,,,,,,,,,31/2022,31/2022,31/2022,31/2022,31/2022,31/2022,,,,,16/2023,16/2023,16/2023,16/2023,16/2023,16/2023,16/2023,750/2023,750/2023,750/2023,750/2023,1484/2023,1484/2023,1484/2023,1484/2023,1484/2023,1484/2023,,,,,,
351,1453,Castellanos,SANTA FE,FRUTICULTURA,,,,,,,,,,,,,,,,,,,31/2022,31/2022,31/2022,31/2022,31/2022,31/2022,,,,,16/2023,16/2023,16/2023,16/2023,16/2023,16/2023,16/2023,750/2023,750/2023,750/2023,750/2023,1484/2023,1484/2023,1484/2023,1484/2023,1484/2023,1484/2023,,,,,,
65,1199,Castelli,BUENOS AIRES,FRUTICULTURA,,,,,,,,,,,,,,,,,,,,,,,,,,,,,,,,,,,,,,,,,,,,,,,,,,,
187,1472,Catriló,LA PAMPA,FRUTICULTURA,,,,,,,,,,,,,,,,,,,,,,,,,,,,,,,,,,,,,,,,,,,,,,,,,,,
94,1228,Chacabuco,BUENOS AIRES,FRUTICULTURA,,,,,,,,,,,,,,,,,,,,,,,,,,,,,,,,,,,,,,,,,946/2024,946/2024,946/2024,,,,,,,,
308,1280,Chacabuco,CHACO,FRUTICULTURA,,,,,,,,,,,,,,,,,,,,,,,,,,,,,,,,,,,,,,,,,,,,,,,,,,,
508,1445,Chalileo,LA PAMPA,FRUTICULTURA,,,,,,,,,,,,,,,,,,,,,,,,,,,,,,,,,,,,,,,,,,,,,,,,,,,
166,1433,Chapaleufú,LA PAMPA,FRUTICULTURA,,,,,,,,,,,,,,,,,,,,,,,,,,,,,,,,,,,,,,,,,,,,,,,,,,,
37,1111,Chascomús,BUENOS AIRES,FRUTICULTURA,,,,,,,,,,,,,,,,,,,,,,,,,,,,,,,,,,,,,,,,,946/2024,946/2024,946/2024,,,,,,,,
507,1432,Chical Co,LA PAMPA,FRUTICULTURA,,,,,,,,,,,,,,,,,,,,,,,,,,,,,,,,,,,,,,,,,,,,,,,,,,,
102,1237,Chivilcoy,BUENOS AIRES,FRUTICULTURA,,,,,,,,,,,,,,,,,,,,,,,,,,,,,,,,,,,,,,,,,946/2024,946/2024,946/2024,,,,,,,,
131,1266,Colón,BUENOS AIRES,FRUTICULTURA,,,,,,,,,,,,,,,,,,,,,,,,,,,,,,,,,,,,,,,,,,,,,,,,,,,
381,1499,Colón,ENTRE RÍOS,FRUTICULTURA,,,,,,,,,,,,,,,,,,,39/2022,39/2022,39/2022,39/2022,39/2022,39/2022,39/2022,,,,,98/2023,98/2023,98/2023,98/2023,98/2023,98/2023,98/2023,,,,,,,,,,,,,,,
419,1544,Colón,CÓRDOBA,FRUTICULTURA,,,,,,,,,,,,,,,,,,,,,,,,,,,,,,,,,600/23,600/23,600/23,600/23,600/23,600/23,1523/23,1523/23,1523/23,1523/23,1523/23,1523/23,,,,,,,
324,1325,Comandante Fernández,CHACO,FRUTICULTURA,,,,,,,,,,,,,,,,,,,,,,,,,,,,,,,,,,,,,,,,,,,,,,,,,,,
372,1488,Concepción,MISIONES,FRUTICULTURA,,,,,,,,,,,,,,,,,,,,,,,,,,,,,,,,,,,,,,,,,,,,,,,,,,,
385,1504,Concepción,CORRIENTES,FRUTICULTURA,,,,,,,,,,,,,,,,,,,,,,,,,,,,,,,,,,,,,,,,,,,,,,,,,,,
382,1501,Concordia,ENTRE RÍOS,FRUTICULTURA,,,,,,,,,,,,,,,,,,,39/2022,39/2022,39/2022,39/2022,39/2022,39/2022,39/2022,,,,,98/2023,98/2023,98/2023,98/2023,98/2023,98/2023,98/2023,,,,,,,,,,,,,,,
178,1447,Conhelo,LA PAMPA,FRUTICULTURA,,,,,,,,,,,,,,,,,,,,,,,,,,,,,,,,,,,,,,,,,,,,,,,,,,,
162,1425,Constitución,SANTA FE,FRUTICULTURA,,,,,,,,,,,,,,,,,,,31/2022,31/2022,31/2022,31/2022,31/2022,31/2022,,,,,16/2023,16/2023,16/2023,16/2023,16/2023,16/2023,16/2023,750/2023,750/2023,750/2023,750/2023,1484/2023,1484/2023,1484/2023,1484/2023,1484/2023,1484/2023,,,,,,
144,1303,Coronel de Marina Leonardo Rosales,BUENOS AIRES,FRUTICULTURA,,,,,,,,,,,,,,,,,,,,,,,,,,,,,,,,,,,,,,,,,946/2024,946/2024,946/2024,,,,,,,,
34,1104,Coronel Dorrego,BUENOS AIRES,FRUTICULTURA,,,,,,,,,,,,,,,,,,,,,,,,,,,,,,,,,,,,,,,,,,,,,,,,,,,
30,1100,Coronel Pringles,BUENOS AIRES,FRUTICULTURA,,,,,,,,,,,,,,,,,,,,,,,,,,,,,,,,,,,,,,,,,,,,,,,,,,,
14,1078,Coronel Suárez,BUENOS AIRES,FRUTICULTURA,,,,,,,,,,,,,,,,,,,,,,,,,,,,,,,,,,,,,,,,,,,,,,,,,,,
409,1528,Cruz del Eje,CÓRDOBA,FRUTICULTURA,,,,,,,,,,,,,,,,,,,,,,,,,,,,,,,,,,,,,,,,,,,,,,,,,,,
189,1474,Curacó,LA PAMPA,FRUTICULTURA,,,,,,,,,,,,,,,,,,,,,,,,,,,,,,,,,,,,,,,,,,,,,,,,,,,
396,1515,Curuzú Cuatiá,CORRIENTES,FRUTICULTURA,,,,,,,,,,,,,,,,,,,,,,,,,,,,,,,,,,,,,1620/2023,1620/2023,1620/2023,1620/2023,1620/2023,1620/2023,,,,,,,,,
123,1258,Daireaux,BUENOS AIRES,FRUTICULTURA,,,,,,,,,,,,,,,,,,,,,,,,,,,,,,,,,,,,,,,,,,,,,,,,,,,
343,1368,Diamante,ENTRE RÍOS,FRUTICULTURA,,,,,,,,,,,,,,,,,,,39/2022,39/2022,39/2022,39/2022,39/2022,39/2022,39/2022,,,,,98/2023,98/2023,98/2023,98/2023,98/2023,98/2023,98/2023,,,,,,,,,,,,,,,
121,1256,Dolores,BUENOS AIRES,FRUTICULTURA,,,,,,,,,,,,,,,,,,,,,,,,,,,,,,,,,,,,,,,,,946/2024,946/2024,946/2024,,,,,,,,
378,1494,Eldorado,MISIONES,FRUTICULTURA,,,,,,,,,,,,,,,,,,,,,,,,,,,,,,,,,,,,,,,,,,,,,,,,,,,
389,1508,Empedrado,CORRIENTES,FRUTICULTURA,,,,,,,,,,,,,,,,,,,,,,,,,,,,,,,,,,,,,,,,,,,,,,,,,,,
127,1262,Ensenada,BUENOS AIRES,FRUTICULTURA,,,,,,,,,,,,,,,,,,,,,,,,,,,,,,,,,,,,,,,,,,,,,,,,,,,
4,1067,Escobar,BUENOS AIRES,FRUTICULTURA,,,,,,,,,,,,,,,,,,,,,,,,,,,,,,,,,,,,,,,,,,,,,,,,,,,
394,1513,Esquina,CORRIENTES,FRUTICULTURA,,,,,,,,,,,,,,,,,,,,,,,,,,,,,,,,,,,,,1620/2023,1620/2023,1620/2023,1620/2023,1620/2023,1620/2023,,,,,,,,,
80,1214,Esteban Echeverría,BUENOS AIRES,FRUTICULTURA,,,,,,,,,,,,,,,,,,,,,,,,,,,,,,,,,,,,,,,,,,,,,,,,,,,
85,1219,Exaltación de la Cruz,BUENOS AIRES,FRUTICULTURA,,,,,,,,,,,,,,,,,,,,,,,,,,,,,,,,,,,,,,,,,,,,,,,,,,,
108,1243,Ezeiza,BUENOS AIRES,FRUTICULTURA,,,,,,,,,,,,,,,,,,,,,,,,,,,,,,,,,,,,,,,,,,,,,,,,,,,
380,1496,Federación,ENTRE RÍOS,FRUTICULTURA,,,,,,,,,,,,,,,,,,,39/2022,39/2022,39/2022,39/2022,39/2022,39/2022,39/2022,,,,,98/2023,98/2023,98/2023,98/2023,98/2023,98/2023,98/2023,,,,,,,,,,,,,,,
336,1361,Federal,ENTRE RÍOS,FRUTICULTURA,,,,,,,,,,,,,,,,,,,39/2022,39/2022,39/2022,39/2022,39/2022,39/2022,39/2022,,,,,98/2023,98/2023,98/2023,98/2023,98/2023,98/2023,98/2023,,,,,,,,,,,,,,,
341,1366,Feliciano,ENTRE RÍOS,FRUTICULTURA,,,,,,,,,,,,,,,,,,,39/2022,39/2022,39/2022,39/2022,39/2022,39/2022,39/2022,,,,,98/2023,98/2023,98/2023,98/2023,98/2023,98/2023,98/2023,,,,,,,,,,,,,,,
109,1244,Florencio Varela,BUENOS AIRES,FRUTICULTURA,,,,,,,,,,,,,,,,,,,,,,,,,,,,,,,,,,,,,,,,,,,,,,,,,,,
147,1313,Florentino Ameghino,BUENOS AIRES,FRUTICULTURA,,,,,,,,,,,,,,,,,,,,,,,,,,,,,,,,,,,,,,,,,,,,,,,,,,,
310,1292,Formosa,FORMOSA,FRUTICULTURA,,,,,,,,,,,,,,,,,,,49/2022,49/2022,49/2022,49/2022,49/2022,49/2022,,,,,,,,,,,,,,,,,,,,,,,,,,,
290,1163,Fray Justo Santa María de Oro,CHACO,FRUTICULTURA,,,,,,,,,,,,,,,,,,,,,,,,,,,,,,,,,,,,,,,,,,,,,,,,,,,
361,1476,Garay,SANTA FE,FRUTICULTURA,,,,,,,,,,,,,,,,,,,31/2022,31/2022,31/2022,31/2022,31/2022,31/2022,,,,,16/2023,16/2023,16/2023,16/2023,16/2023,16/2023,16/2023,750/2023,750/2023,750/2023,750/2023,1484/2023,1484/2023,1484/2023,1484/2023,1484/2023,1484/2023,,,,,,
17,1081,General Alvarado,BUENOS AIRES,FRUTICULTURA,,,,,,,,,,,,,,,,,,,,,,,,,,,,,,,,,,,,,,,,,,,,,,,,,,,
114,1249,General Alvear,BUENOS AIRES,FRUTICULTURA,,,,,,,,,,,,,,,,,,,,,,,,,,,,,,,,,,,,,,,,,946/2024,946/2024,946/2024,,,,,,,,
400,1519,General Alvear,CORRIENTES,FRUTICULTURA,,,,,,,,,,,,,,,,,,,,,,,,,,,,,,,,,,,,,,,,,,,,,,,,,,,
141,1296,General Arenales,BUENOS AIRES,FRUTICULTURA,,,,,,,,,,,,,,,,,,,,,,,,,,,,,,,,,,,,,,,,,946/2024,946/2024,946/2024,,,,,,,,
75,1209,General Belgrano,BUENOS AIRES,FRUTICULTURA,,,,,,,,,,,,,,,,,,,,,,,,,,,,,,,,,,,,,,,,,946/2024,946/2024,946/2024,,,,,,,,
325,1326,General Belgrano,CHACO,FRUTICULTURA,,,,,,,,,,,,,,,,,,,,,,,,,,,,,,,,,,,,,,,,,,,,,,,,,,,
326,1327,General Donovan,CHACO,FRUTICULTURA,,,,,,,,,,,,,,,,,,,,,,,,,,,,,,,,,,,,,,,,,,,,,,,,,,,
280,1123,General Güemes,CHACO,FRUTICULTURA,,,,,,,,,,,,,,,,,,,,,,,,,,,,,,,,,,,,,,,,,,,,,,,,,,,
11,1075,General Guido,BUENOS AIRES,FRUTICULTURA,,,,,,,,,,,,,,,,,,,,,,,,,,,,,,,,,,,,,,,,,,,,,,,,,,,
12,1076,General Juan Madariaga,BUENOS AIRES,FRUTICULTURA,,,,,,,,,,,,,,,,,,,,,,,,,,,,,,,,,,,,,,,,,946/2024,946/2024,946/2024,,,,,,,,
116,1251,General La Madrid,BUENOS AIRES,FRUTICULTURA,,,,,,,,,,,,,,,,,,,,,,,,,,,,,,,,,,,,,,,,,,,,,,,,,,,
105,1240,General Las Heras,BUENOS AIRES,FRUTICULTURA,,,,,,,,,,,,,,,,,,,,,,,,,,,,,,,,,,,,,,,,,946/2024,946/2024,946/2024,,,,,,,,
22,1086,General Lavalle,BUENOS AIRES,FRUTICULTURA,,,,,,,,,,,,,,,,,,,,,,,,,,,,,,,,,,,,,,,,,946/2024,946/2024,946/2024,,,,,,,,
183,1463,General López,SANTA FE,FRUTICULTURA,,,,,,,,,,,,,,,,,,,,,,,,,,,,,16/2023,16/2023,16/2023,16/2023,16/2023,16/2023,16/2023,750/2023,750/2023,750/2023,750/2023,1484/2023,1484/2023,1484/2023,1484/2023,1484/2023,1484/2023,,,,,,
377,1493,General Manuel Belgrano,MISIONES,FRUTICULTURA,,,,,,,,,,,,,,,,,,,,,,,,,,,,,,,,,,,,,,,,,,,,,,,,,,,
355,1462,General Obligado,SANTA FE,FRUTICULTURA,,,,,,,,,,,,,,,,,,,31/2022,31/2022,31/2022,31/2022,31/2022,31/2022,,,,,16/2023,16/2023,16/2023,16/2023,16/2023,16/2023,16/2023,750/2023,750/2023,750/2023,750/2023,1484/2023,1484/2023,1484/2023,1484/2023,1484/2023,1484/2023,,,,,,
10,1074,General Paz,BUENOS AIRES,FRUTICULTURA,,,,,,,,,,,,,,,,,,,,,,,,,,,,,,,,,,,,,,,,,,,,,,,,,,,
388,1507,General Paz,CORRIENTES,FRUTICULTURA,,,,,,,,,,,,,,,,,,,,,,,,,,,,,,,,,,,,,,,,,,,,,,,,,,,
31,1101,General Pinto,BUENOS AIRES,FRUTICULTURA,,,,,,,,,,,,,,,,,,,,,,,,,,,,,,,,,,,,,,,,,,,,,,,,,,,
18,1082,General Pueyrredón,BUENOS AIRES,FRUTICULTURA,,,,,,,,,,,,,,,,,,,,,,,,,,,,,,,,,,,,,,,,,,,,,,,,,,,
198,1539,General Roca,CÓRDOBA,FRUTICULTURA,,,,,,,,,,,,,,,,,,,,,,,,,,,,,,,,,600/23,600/23,600/23,600/23,600/23,600/23,1523/23,1523/23,1523/23,1523/23,1523/23,1523/23,,,,,,,
99,1233,General Rodríguez,BUENOS AIRES,FRUTICULTURA,,,,,,,,,,,,,,,,,,,,,,,,,,,,,,,,,,,,,,,,,,,,,,,,,,,
96,1230,General San Martín,BUENOS AIRES,FRUTICULTURA,,,,,,,,,,,,,,,,,,,,,,,,,,,,,,,,,,,,,,,,,,,,,,,,,,,
200,1547,General San Martín,CÓRDOBA,FRUTICULTURA,,,,,,,,,,,,,,,,,,,,,,,,,,,,,,,,,600/23,600/23,600/23,600/23,600/23,600/23,1523/23,1523/23,1523/23,1523/23,1523/23,1523/23,,,,,,,
107,1242,General Viamonte,BUENOS AIRES,FRUTICULTURA,,,,,,,,,,,,,,,,,,,,,,,,,,,,,,,,,,,,,,,,,946/2024,946/2024,946/2024,,,,,,,,
48,1134,General Villegas,BUENOS AIRES,FRUTICULTURA,,,,,,,,,,,,,,,,,,,,,,,,,,,,,,,,,,,,,,,,,946/2024,946/2024,946/2024,,,,,,,,
393,1512,Goya,CORRIENTES,FRUTICULTURA,,,,,,,,,,,,,,,,,,,,,,,,,,,,,,,,,,,,,1620/2023,1620/2023,1620/2023,1620/2023,1620/2023,1620/2023,,,,,,,,,
155,1370,Gualeguay,ENTRE RÍOS,FRUTICULTURA,,,,,,,,,,,,,,,,,,,39/2022,39/2022,39/2022,39/2022,39/2022,39/2022,39/2022,,,,,98/2023,98/2023,98/2023,98/2023,98/2023,98/2023,98/2023,,,,,,,,,,,,,,,
193,1500,Gualeguaychú,ENTRE RÍOS,FRUTICULTURA,,,,,,,,,,,,,,,,,,,39/2022,39/2022,39/2022,39/2022,39/2022,39/2022,39/2022,,,,,98/2023,98/2023,98/2023,98/2023,98/2023,98/2023,98/2023,,,,,,,,,,,,,,,
126,1261,Guaminí,BUENOS AIRES,FRUTICULTURA,,,,,,,,,,,,,,,,,,,,,,,,,,,,,,,,,,,,,,,,,946/2024,946/2024,946/2024,,,,,,,,
374,1490,Guaraní,MISIONES,FRUTICULTURA,,,,,,,,,,,,,,,,,,,,,,,,,,,,,,,,,,,,,,,,,,,,,,,,,,,
171,1438,Guatraché,LA PAMPA,FRUTICULTURA,,,,,,,,,,,,,,,,,,,,,,,,,,,,,,,,,,,,,,,,,,,,,,,,,,,
120,1255,Hipólito Yrigoyen,BUENOS AIRES,FRUTICULTURA,,,,,,,,,,,,,,,,,,,,,,,,,,,,,,,,,,,,,,,,,,,,,,,,,,,
169,1436,Hucal,LA PAMPA,FRUTICULTURA,,,,,,,,,,,,,,,,,,,,,,,,,,,,,,,,,,,,,,,,,,,,,,,,,,,
92,1226,Hurlingham,BUENOS AIRES,FRUTICULTURA,,,,,,,,,,,,,,,,,,,,,,,,,,,,,,,,,,,,,,,,,,,,,,,,,,,
376,1492,Iguazú,MISIONES,FRUTICULTURA,,,,,,,,,,,,,,,,,,,,,,,,,,,,,,,,,,,,,,,,,,,,,,,,,,,
288,1161,Independencia,CHACO,FRUTICULTURA,,,,,,,,,,,,,,,,,,,,,,,,,,,,,,,,,,,,,,,,,,,,,,,,,,,
164,1427,Iriondo,SANTA FE,FRUTICULTURA,,,,,,,,,,,,,,,,,,,31/2022,31/2022,31/2022,31/2022,31/2022,31/2022,,,,,16/2023,16/2023,16/2023,16/2023,16/2023,16/2023,16/2023,750/2023,750/2023,750/2023,750/2023,1484/2023,1484/2023,1484/2023,1484/2023,1484/2023,1484/2023,,,,,,
420,1545,Ischilín,CÓRDOBA,FRUTICULTURA,,,,,,,,,,,,,,,,,,,,,,,,,,,,,,,,,600/23,600/23,600/23,600/23,600/23,600/23,1523/23,1523/23,1523/23,1523/23,1523/23,1523/23,,,,,,,
191,1497,Islas del Ibicuy,ENTRE RÍOS,FRUTICULTURA,,,,,,,,,,,,,,,,,,,39/2022,39/2022,39/2022,39/2022,39/2022,39/2022,39/2022,,,,,98/2023,98/2023,98/2023,98/2023,98/2023,98/2023,98/2023,,,,,,,,,,,,,,,
405,1524,Itatí,CORRIENTES,FRUTICULTURA,,,,,,,,,,,,,,,,,,,,,,,,,,,,,,,,,,,,,,,,,,,,,,,,,,,
98,1232,Ituzaingó,BUENOS AIRES,FRUTICULTURA,,,,,,,,,,,,,,,,,,,,,,,,,,,,,,,,,,,,,,,,,,,,,,,,,,,
403,1522,Ituzaingó,CORRIENTES,FRUTICULTURA,,,,,,,,,,,,,,,,,,,,,,,,,,,,,,,,,,,,,,,,,,,,,,,,,,,
5,1068,José C. Paz,BUENOS AIRES,FRUTICULTURA,,,,,,,,,,,,,,,,,,,,,,,,,,,,,,,,,,,,,,,,,,,,,,,,,,,
199,1543,Juárez Celman,CÓRDOBA,FRUTICULTURA,,,,,,,,,,,,,,,,,,,,,,,,,,,,,,,,,600/23,600/23,600/23,600/23,600/23,600/23,1523/23,1523/23,1523/23,1523/23,1523/23,1523/23,,,,,,,
88,1222,Junín,BUENOS AIRES,FRUTICULTURA,,,,,,,,,,,,,,,,,,,,,,,,,,,,,,,,,,,,,,,,,946/2024,946/2024,946/2024,,,,,,,,
359,1469,La Capital,SANTA FE,FRUTICULTURA,,,,,,,,,,,,,,,,,,,31/2022,31/2022,31/2022,31/2022,31/2022,31/2022,,,,,16/2023,16/2023,16/2023,16/2023,16/2023,16/2023,16/2023,750/2023,750/2023,750/2023,750/2023,1484/2023,1484/2023,1484/2023,1484/2023,1484/2023,1484/2023,,,,,,
23,1087,La Costa,BUENOS AIRES,FRUTICULTURA,,,,,,,,,,,,,,,,,,,,,,,,,,,,,,,,,,,,,,,,,,,,,,,,,,,
9,1073,La Matanza,BUENOS AIRES,FRUTICULTURA,,,,,,,,,,,,,,,,,,,,,,,,,,,,,,,,,,,,,,,,,,,,,,,,,,,
340,1365,La Paz,ENTRE RÍOS,FRUTICULTURA,,,,,,,,,,,,,,,,,,,39/2022,39/2022,39/2022,39/2022,39/2022,39/2022,39/2022,,,,,98/2023,98/2023,98/2023,98/2023,98/2023,98/2023,98/2023,,,,,,,,,,,,,,,
152,1329,La Plata,BUENOS AIRES,FRUTICULTURA,,,,,,,,,,,,,,,,,,,,,,,,,,,,,,,,,,,,,,,,,,,,,,,,,,,
278,1121,Laishi,FORMOSA,FRUTICULTURA,,,,,,,,,,,,,,,,,,,49/2022,49/2022,49/2022,49/2022,49/2022,49/2022,,,,,,,,,,,,,,,,,,,,,,,,,,,
148,1320,Lanús,BUENOS AIRES,FRUTICULTURA,,,,,,,,,,,,,,,,,,,,,,,,,,,,,,,,,,,,,,,,,,,,,,,,,,,
128,1263,Laprida,BUENOS AIRES,FRUTICULTURA,,,,,,,,,,,,,,,,,,,,,,,,,,,,,,,,,,,,,,,,,,,,,,,,,,,
349,1428,Las Colonias,SANTA FE,FRUTICULTURA,,,,,,,,,,,,,,,,,,,31/2022,31/2022,31/2022,31/2022,31/2022,31/2022,,,,,16/2023,16/2023,16/2023,16/2023,16/2023,16/2023,16/2023,750/2023,750/2023,750/2023,750/2023,1484/2023,1484/2023,1484/2023,1484/2023,1484/2023,1484/2023,,,,,,
2,1065,Las Flores,BUENOS AIRES,FRUTICULTURA,,,,,,,,,,,,,,,,,,,,,,,,,,,,,,,,,,,,,,,,,,,,,,,,,,,
392,1511,Lavalle,CORRIENTES,FRUTICULTURA,,,,,,,,,,,,,,,,,,,,,,,,,,,,,,,,,,,,,1620/2023,1620/2023,1620/2023,1620/2023,1620/2023,1620/2023,,,,,,,,,
140,1294,Leandro N. Alem,BUENOS AIRES,FRUTICULTURA,,,,,,,,,,,,,,,,,,,,,,,,,,,,,,,,,,,,,,,,,,,,,,,,,,,
370,1486,Leandro N. Alem,MISIONES,FRUTICULTURA,,,,,,,,,,,,,,,,,,,,,,,,,,,,,,,,,,,,,,,,,,,,,,,,,,,
36,1110,Lezama,BUENOS AIRES,FRUTICULTURA,,,,,,,,,,,,,,,,,,,,,,,,,,,,,,,,,,,,,,,,,,,,,,,,,,,
323,1324,Libertad,CHACO,FRUTICULTURA,,,,,,,,,,,,,,,,,,,,,,,,,,,,,,,,,,,,,,,,,,,,,,,,,,,
312,1295,Libertador General San Martín,CHACO,FRUTICULTURA,,,,,,,,,,,,,,,,,,,,,,,,,,,,,,,,,,,,,,,,,,,,,,,,,,,
379,1495,Libertador General San Martín,MISIONES,FRUTICULTURA,,,,,,,,,,,,,,,,,,,,,,,,,,,,,,,,,,,,,,,,,,,,,,,,,,,
168,1435,Lihuel Calel,LA PAMPA,FRUTICULTURA,,,,,,,,,,,,,,,,,,,,,,,,,,,,,,,,,,,,,,,,,,,,,,,,,,,
170,1437,Limay Mahuida,LA PAMPA,FRUTICULTURA,,,,,,,,,,,,,,,,,,,,,,,,,,,,,,,,,,,,,,,,,,,,,,,,,,,
97,1231,Lincoln,BUENOS AIRES,FRUTICULTURA,,,,,,,,,,,,,,,,,,,,,,,,,,,,,,,,,,,,,,,,,946/2024,946/2024,946/2024,,,,,,,,
134,1270,Lobería,BUENOS AIRES,FRUTICULTURA,,,,,,,,,,,,,,,,,,,,,,,,,,,,,,,,,,,,,,,,,,,,,,,,,,,
113,1248,Lobos,BUENOS AIRES,FRUTICULTURA,,,,,,,,,,,,,,,,,,,,,,,,,,,,,,,,,,,,,,,,,946/2024,946/2024,946/2024,,,,,,,,
149,1321,Lomas de Zamora,BUENOS AIRES,FRUTICULTURA,,,,,,,,,,,,,,,,,,,,,,,,,,,,,,,,,,,,,,,,,,,,,,,,,,,
179,1448,Loventué,LA PAMPA,FRUTICULTURA,,,,,,,,,,,,,,,,,,,,,,,,,,,,,,,,,,,,,,,,,,,,,,,,,,,
91,1225,Luján,BUENOS AIRES,FRUTICULTURA,,,,,,,,,,,,,,,,,,,,,,,,,,,,,,,,,,,,,,,,,946/2024,946/2024,946/2024,,,,,,,,
24,1088,Magdalena,BUENOS AIRES,FRUTICULTURA,,,,,,,,,,,,,,,,,,,,,,,,,,,,,,,,,,,,,,,,,946/2024,946/2024,946/2024,,,,,,,,
7,1070,Maipú,BUENOS AIRES,FRUTICULTURA,,,,,,,,,,,,,,,,,,,,,,,,,,,,,,,,,,,,,,,,,946/2024,946/2024,946/2024,,,,,,,,
297,1183,Maipú,CHACO,FRUTICULTURA,,,,,,,,,,,,,,,,,,,,,,,,,,,,,,,,,,,,,,,,,,,,,,,,,,,
95,1229,Malvinas Argentinas,BUENOS AIRES,FRUTICULTURA,,,,,,,,,,,,,,,,,,,,,,,,,,,,,,,,,,,,,,,,,,,,,,,,,,,
19,1083,Mar Chiquita,BUENOS AIRES,FRUTICULTURA,,,,,,,,,,,,,,,,,,,,,,,,,,,,,,,,,,,,,,,,,,,,,,,,,,,
172,1439,Maracó,LA PAMPA,FRUTICULTURA,,,,,,,,,,,,,,,,,,,,,,,,,,,,,,,,,,,,,,,,,,,,,,,,,,,
201,1550,Marcos Juárez,CÓRDOBA,FRUTICULTURA,,,,,,,,,,,,,,,,,,,,,,,,,,,,,,,290/2023,290/2023,290/2023,290/2023,290/2023,290/2023,1523/2023,1523/2023,1523/23,1523/23,1523/23,1523/23,1523/23,1523/23,,,,,,,
106,1241,Marcos Paz,BUENOS AIRES,FRUTICULTURA,,,,,,,,,,,,,,,,,,,,,,,,,,,,,,,,,,,,,,,,,,,,,,,,,,,
456,1152,Matacos,FORMOSA,FRUTICULTURA,,,,,,,,,,,,,,,,,,,49/2022,49/2022,49/2022,49/2022,49/2022,49/2022,,,,,,,,,,,,,,,,,,,,,,,,,,,
289,1162,Mayor Luis J. Fontana,CHACO,FRUTICULTURA,,,,,,,,,,,,,,,,,,,,,,,,,,,,,,,,,,,,,,,,,,,,,,,,,,,
384,1503,Mburucuyá,CORRIENTES,FRUTICULTURA,,,,,,,,,,,,,,,,,,,,,,,,,,,,,,,,,,,,,,,,,,,,,,,,,,,
89,1223,Mercedes,BUENOS AIRES,FRUTICULTURA,,,,,,,,,,,,,,,,,,,,,,,,,,,,,,,,,,,,,,,,,,,,,,,,,,,
386,1505,Mercedes,CORRIENTES,FRUTICULTURA,,,,,,,,,,,,,,,,,,,,,,,,,,,,,,,,,,,,,1620/2023,1620/2023,1620/2023,1620/2023,1620/2023,1620/2023,,,,,,,,,
79,1213,Merlo,BUENOS AIRES,FRUTICULTURA,,,,,,,,,,,,,,,,,,,,,,,,,,,,,,,,,,,,,,,,,,,,,,,,,,,
412,1531,Minas,CÓRDOBA,FRUTICULTURA,,,,,,,,,,,,,,,,,,,,,,,,,,,,,,,,,,,,,,,,,,,,,,,,,,,
76,1210,Monte,BUENOS AIRES,FRUTICULTURA,,,,,,,,,,,,,,,,,,,,,,,,,,,,,,,,,,,,,,,,,946/2024,946/2024,946/2024,,,,,,,,
397,1516,Monte Caseros,CORRIENTES,FRUTICULTURA,,,,,,,,,,,,,,,,,,,,,,,,,,,,,,,,,,,,,1620/2023,1620/2023,1620/2023,1620/2023,1620/2023,1620/2023,,,,,,,,,
133,1269,Monte Hermoso,BUENOS AIRES,FRUTICULTURA,,,,,,,,,,,,,,,,,,,,,,,,,,,,,,,,,,,,,,,,,,,,,,,,,,,
366,1482,Montecarlo,MISIONES,FRUTICULTURA,,,,,,,,,,,,,,,,,,,,,,,,,,,,,,,,,,,,,,,,,,,,,,,,,,,
8,1072,Moreno,BUENOS AIRES,FRUTICULTURA,,,,,,,,,,,,,,,,,,,,,,,,,,,,,,,,,,,,,,,,,,,,,,,,,,,
93,1227,Morón,BUENOS AIRES,FRUTICULTURA,,,,,,,,,,,,,,,,,,,,,,,,,,,,,,,,,,,,,,,,,,,,,,,,,,,
110,1245,Navarro,BUENOS AIRES,FRUTICULTURA,,,,,,,,,,,,,,,,,,,,,,,,,,,,,,,,,,,,,,,,,946/2024,946/2024,946/2024,,,,,,,,
35,1105,Necochea,BUENOS AIRES,FRUTICULTURA,,,,,,,,,,,,,,,,,,,,,,,,,,,,,,,,,,,,,,,,,,,,,,,,,,,
338,1363,Nogoyá,ENTRE RÍOS,FRUTICULTURA,,,,,,,,,,,,,,,,,,,39/2022,39/2022,39/2022,39/2022,39/2022,39/2022,39/2022,,,,,98/2023,98/2023,98/2023,98/2023,98/2023,98/2023,98/2023,,,,,,,,,,,,,,,
269,1071,O'Higgins,CHACO,FRUTICULTURA,,,,,,,,,,,,,,,,,,,,,,,,,,,,,,,,,,,,,,,,,,,,,,,,,,,
368,1484,Oberá,MISIONES,FRUTICULTURA,,,,,,,,,,,,,,,,,,,,,,,,,,,,,,,,,,,,,,,,,,,,,,,,,,,
78,1212,Olavarría,BUENOS AIRES,FRUTICULTURA,,,,,,,,,,,,,,,,,,,,,,,,,,,,,,,,,,,,,,,,,,,,,,,,,,,
342,1367,Paraná,ENTRE RÍOS,FRUTICULTURA,,,,,,,,,,,,,,,,,,,39/2022,39/2022,39/2022,39/2022,39/2022,39/2022,39/2022,,,,,98/2023,98/2023,98/2023,98/2023,98/2023,98/2023,98/2023,,,,,,,,,,,,,,,
398,1517,Paso de los Libres,CORRIENTES,FRUTICULTURA,,,,,,,,,,,,,,,,,,,,,,,,,,,,,,,,,,,,,1620/2023,1620/2023,1620/2023,1620/2023,1620/2023,1620/2023,,,,,,,,,
142,1298,Patagones,BUENOS AIRES,FRUTICULTURA,,,,,,,,,,,,,,,,,,,,,,,,,,,,,,,,,,,,,,,,,946/2024,946/2024,946/2024,,,,,,,,
282,1149,Patiño,FORMOSA,FRUTICULTURA,,,,,,,,,,,,,,,,,,,49/2022,49/2022,49/2022,49/2022,49/2022,49/2022,,,,,,,,,,,,,,,,,,,,,,,,,,,
73,1207,Pehuajó,BUENOS AIRES,FRUTICULTURA,,,,,,,,,,,,,,,,,,,,,,,,,,,,,,,,,,,,,,,,,,,,,,,,,,,
45,1131,Pellegrini,BUENOS AIRES,FRUTICULTURA,,,,,,,,,,,,,,,,,,,,,,,,,,,,,,,,,,,,,,,,,,,,,,,,,,,
56,1159,Pergamino,BUENOS AIRES,FRUTICULTURA,,,,,,,,,,,,,,,,,,,,,,,,,,,,,,,,,,,,,,,,,946/2024,946/2024,946/2024,,,,,,,,
153,1346,Pila,BUENOS AIRES,FRUTICULTURA,,,,,,,,,,,,,,,,,,,,,,,,,,,,,,,,,,,,,,,,,946/2024,946/2024,946/2024,,,,,,,,
277,1120,Pilagás,FORMOSA,FRUTICULTURA,,,,,,,,,,,,,,,,,,,49/2022,49/2022,49/2022,49/2022,49/2022,49/2022,,428/2023,428/2023,428/2023,428/2023,428/2023,428/2023,428/2023,428/2023,,,,,,,,,,,,,,,,,,
90,1224,Pilar,BUENOS AIRES,FRUTICULTURA,,,,,,,,,,,,,,,,,,,,,,,,,,,,,,,,,,,,,,,,,,,,,,,,,,,
311,1293,Pilcomayo,FORMOSA,FRUTICULTURA,,,,,,,,,,,,,,,,,,,49/2022,49/2022,49/2022,49/2022,49/2022,49/2022,,428/2023,428/2023,428/2023,428/2023,428/2023,428/2023,428/2023,428/2023,,,,,,,,,,,,,,,,,,
21,1085,Pinamar,BUENOS AIRES,FRUTICULTURA,,,,,,,,,,,,,,,,,,,,,,,,,,,,,,,,,,,,,,,,,,,,,,,,,,,
279,1122,Pirané,FORMOSA,FRUTICULTURA,,,,,,,,,,,,,,,,,,,49/2022,49/2022,49/2022,49/2022,49/2022,49/2022,,,,,,,,,,,,,,,,,,,,,,,,,,,
425,1552,Pocho,CÓRDOBA,FRUTICULTURA,,,,,,,,,,,,,,,,,,,,,,,,,,,,,,,,,600/23,600/23,600/23,600/23,600/23,600/23,1523/23,1523/23,1523/23,1523/23,1523/23,1523/23,,,,,,,
286,1158,Presidencia de la Plaza,CHACO,FRUTICULTURA,,,,,,,,,,,,,,,,,,,,,,,,,,,,,,,,,,,,,,,,,,,,,,,,,,,
67,1201,Presidente Perón,BUENOS AIRES,FRUTICULTURA,,,,,,,,,,,,,,,,,,,,,,,,,,,,,,,,,,,,,,,,,,,,,,,,,,,
197,1538,Presidente Roque Sáenz Peña,CÓRDOBA,FRUTICULTURA,,,,,,,,,,,,,,,,,,,,,,,,,,,,,,,,,600/23,600/23,600/23,600/23,600/23,600/23,1523/23,1523/23,1523/23,1523/23,1523/23,1523/23,,,,,,,
46,1132,Puán,BUENOS AIRES,FRUTICULTURA,,,,,,,,,,,,,,,,,,,,,,,,,,,,,,,,,,,,,,,,,946/2024,946/2024,946/2024,,,,,,,,
509,1446,Puelén,LA PAMPA,FRUTICULTURA,,,,,,,,,,,,,,,,,,,,,,,,,,,,,,,,,,,,,,,,,,,,,,,,,,,
410,1529,Punilla,CÓRDOBA,FRUTICULTURA,,,,,,,,,,,,,,,,,,,,,,,,,,,,,,,,,600/23,600/23,600/23,600/23,600/23,600/23,1523/23,1523/23,1523/23,1523/23,1523/23,1523/23,,,,,,,
38,1112,Punta Indio,BUENOS AIRES,FRUTICULTURA,,,,,,,,,,,,,,,,,,,,,,,,,,,,,,,,,,,,,,,,,,,,,,,,,,,
188,1473,Quemú Quemú,LA PAMPA,FRUTICULTURA,,,,,,,,,,,,,,,,,,,,,,,,,,,,,,,,,,,,,,,,,,,,,,,,,,,
115,1250,Quilmes,BUENOS AIRES,FRUTICULTURA,,,,,,,,,,,,,,,,,,,,,,,,,,,,,,,,,,,,,,,,,,,,,,,,,,,
285,1157,Quitilipi,CHACO,FRUTICULTURA,,,,,,,,,,,,,,,,,,,,,,,,,,,,,,,,,,,,,,,,,,,,,,,,,,,
138,1274,Ramallo,BUENOS AIRES,FRUTICULTURA,,,,,,,,,,,,,,,,,,,,,,,,,,,,,,,,,,,,,,,,,946/2024,946/2024,946/2024,,,,,,,,
479,1312,Ramón Lista,FORMOSA,FRUTICULTURA,,,,,,,,,,,,,,,,,,,49/2022,49/2022,49/2022,49/2022,49/2022,49/2022,,,,,,,,,,,,,,,,,,,,,,,,,,,
167,1434,Rancul,LA PAMPA,FRUTICULTURA,,,,,,,,,,,,,,,,,,,,,,,,,,,,,,,,,,,,,,,,,,,,,,,,,,,
26,1096,Rauch,BUENOS AIRES,FRUTICULTURA,,,,,,,,,,,,,,,,,,,,,,,,,,,,,,,,,,,,,,,,,946/2024,946/2024,946/2024,,,,,,,,
173,1440,Realicó,LA PAMPA,FRUTICULTURA,,,,,,,,,,,,,,,,,,,,,,,,,,,,,,,,,,,,,,,,,,,,,,,,,,,
196,1537,Río Cuarto,CÓRDOBA,FRUTICULTURA,,,,,,,,,,,,,,,,,,,,,,,,,,,,,,,,,600/23,600/23,600/23,600/23,600/23,600/23,1523/23,1523/23,1523/23,1523/23,1523/23,1523/23,,,,,,,
423,1549,Río Primero,CÓRDOBA,FRUTICULTURA,,,,,,,,,,,,,,,,,,,,,,,,,,,,,,,,,600/23,600/23,600/23,600/23,600/23,600/23,1523/23,1523/23,1523/23,1523/23,1523/23,1523/23,,,,,,,
416,1540,Río Seco,CÓRDOBA,FRUTICULTURA,,,,,,,,,,,,,,,,,,,,,,,,,,,,,,,,,600/23,600/23,600/23,600/23,600/23,600/23,1523/23,1523/23,1523/23,1523/23,1523/23,1523/23,,,,,,,
414,1533,Río Segundo,CÓRDOBA,FRUTICULTURA,,,,,,,,,,,,,,,,,,,,,,,,,,,,,,,,,600/23,600/23,600/23,600/23,600/23,600/23,1523/23,1523/23,1523/23,1523/23,1523/23,1523/23,,,,,,,
182,1456,Rivadavia,BUENOS AIRES,FRUTICULTURA,,,,,,,,,,,,,,,,,,,,,,,,,,,,,,,,,,,,,,,,,946/2024,946/2024,946/2024,,,,,,,,
3,1066,Rojas,BUENOS AIRES,FRUTICULTURA,,,,,,,,,,,,,,,,,,,,,,,,,,,,,,,,,,,,,,,,,946/2024,946/2024,946/2024,,,,,,,,
77,1211,Roque Pérez,BUENOS AIRES,FRUTICULTURA,,,,,,,,,,,,,,,,,,,,,,,,,,,,,,,,,,,,,,,,,,,,,,,,,,,
163,1426,Rosario,SANTA FE,FRUTICULTURA,,,,,,,,,,,,,,,,,,,31/2022,31/2022,31/2022,31/2022,31/2022,31/2022,,,,,16/2023,16/2023,16/2023,16/2023,16/2023,16/2023,16/2023,750/2023,750/2023,750/2023,750/2023,1484/2023,1484/2023,1484/2023,1484/2023,1484/2023,1484/2023,,,,,,
132,1268,Saavedra,BUENOS AIRES,FRUTICULTURA,,,,,,,,,,,,,,,,,,,,,,,,,,,,,,,,,,,,,,,,,946/2024,946/2024,946/2024,,,,,,,,
390,1509,Saladas,CORRIENTES,FRUTICULTURA,,,,,,,,,,,,,,,,,,,,,,,,,,,,,,,,,,,,,,,,,,,,,,,,,,,
1,1064,Saladillo,BUENOS AIRES,FRUTICULTURA,,,,,,,,,,,,,,,,,,,,,,,,,,,,,,,,,,,,,,,,,946/2024,946/2024,946/2024,,,,,,,,
27,1097,Salliqueló,BUENOS AIRES,FRUTICULTURA,,,,,,,,,,,,,,,,,,,,,,,,,,,,,,,,,,,,,,,,,,,,,,,,,,,
84,1218,Salto,BUENOS AIRES,FRUTICULTURA,,,,,,,,,,,,,,,,,,,,,,,,,,,,,,,,,,,,,,,,,,,,,,,,,,,
413,1532,San Alberto,CÓRDOBA,FRUTICULTURA,,,,,,,,,,,,,,,,,,,,,,,,,,,,,,,,,600/23,600/23,600/23,600/23,600/23,600/23,1523/23,1523/23,1523/23,1523/23,1523/23,1523/23,,,,,,,
87,1221,San Andrés de Giles,BUENOS AIRES,FRUTICULTURA,,,,,,,,,,,,,,,,,,,,,,,,,,,,,,,,,,,,,,,,,946/2024,946/2024,946/2024,,,,,,,,
6,1069,San Antonio de Areco,BUENOS AIRES,FRUTICULTURA,,,,,,,,,,,,,,,,,,,,,,,,,,,,,,,,,,,,,,,,,946/2024,946/2024,946/2024,,,,,,,,
32,1102,San Cayetano,BUENOS AIRES,FRUTICULTURA,,,,,,,,,,,,,,,,,,,,,,,,,,,,,,,,,,,,,,,,,,,,,,,,,,,
406,1525,San Cosme,CORRIENTES,FRUTICULTURA,,,,,,,,,,,,,,,,,,,,,,,,,,,,,,,,,,,,,,,,,,,,,,,,,,,
358,1468,San Cristóbal,SANTA FE,FRUTICULTURA,,,,,,,,,,,,,,,,,,,31/2022,31/2022,31/2022,31/2022,31/2022,31/2022,,,,,16/2023,16/2023,16/2023,16/2023,16/2023,16/2023,16/2023,750/2023,750/2023,750/2023,750/2023,1484/2023,1484/2023,1484/2023,1484/2023,1484/2023,1484/2023,,,,,,
180,1450,San Fernando,BUENOS AIRES,FRUTICULTURA,,,,,,,,,,,,,,,,,,,,,,,,,,,,,,,,,,,,,,,,,,,,,,,,,,,
319,1317,San Fernando,CHACO,FRUTICULTURA,,,,,,,,,,,,,,,,,,,,,,,,,,,,,,,,,,,,,,,,,,,,,,,,,,,
364,1480,San Ignacio,MISIONES,FRUTICULTURA,,,,,,,,,,,,,,,,,,,,,,,,,,,,,,,,,,,,,,,,,,,,,,,,,,,
129,1264,San Isidro,BUENOS AIRES,FRUTICULTURA,,,,,,,,,,,,,,,,,,,,,,,,,,,,,,,,,,,,,,,,,,,,,,,,,,,
360,1470,San Javier,SANTA FE,FRUTICULTURA,,,,,,,,,,,,,,,,,,,31/2022,31/2022,31/2022,31/2022,31/2022,31/2022,,,,,16/2023,16/2023,16/2023,16/2023,16/2023,16/2023,16/2023,750/2023,750/2023,750/2023,750/2023,1484/2023,1484/2023,1484/2023,1484/2023,1484/2023,1484/2023,,,,,,
371,1487,San Javier,MISIONES,FRUTICULTURA,,,,,,,,,,,,,,,,,,,,,,,,,,,,,,,,,,,,,,,,,,,,,,,,,,,
422,1548,San Javier,CÓRDOBA,FRUTICULTURA,,,,,,,,,,,,,,,,,,,,,,,,,,,,,,,,,,,,,,,,,,,,,,,,,,,
362,1478,San Jerónimo,SANTA FE,FRUTICULTURA,,,,,,,,,,,,,,,,,,,31/2022,31/2022,31/2022,31/2022,31/2022,31/2022,,,,,16/2023,16/2023,16/2023,16/2023,16/2023,16/2023,16/2023,750/2023,750/2023,750/2023,750/2023,1484/2023,1484/2023,1484/2023,1484/2023,1484/2023,1484/2023,,,,,,
350,1429,San Justo,SANTA FE,FRUTICULTURA,,,,,,,,,,,,,,,,,,,31/2022,31/2022,31/2022,31/2022,31/2022,31/2022,,,,,16/2023,16/2023,16/2023,16/2023,16/2023,16/2023,16/2023,750/2023,750/2023,750/2023,750/2023,1484/2023,1484/2023,1484/2023,1484/2023,1484/2023,1484/2023,,,,,,
415,1534,San Justo,CÓRDOBA,FRUTICULTURA,,,,,,,,,,,,,,,,,,,,,,,,,,,,,,,290/2023,290/2023,290/2023,290/2023,290/2023,290/2023,1523/2023,1523/2023,1523/23,1523/23,1523/23,1523/23,1523/23,1523/23,,,,,,,
185,1465,San Lorenzo,SANTA FE,FRUTICULTURA,,,,,,,,,,,,,,,,,,,31/2022,31/2022,31/2022,31/2022,31/2022,31/2022,,,,,16/2023,16/2023,16/2023,16/2023,16/2023,16/2023,16/2023,750/2023,750/2023,750/2023,750/2023,1484/2023,1484/2023,1484/2023,1484/2023,1484/2023,1484/2023,,,,,,
320,1318,San Lorenzo,CHACO,FRUTICULTURA,,,,,,,,,,,,,,,,,,,,,,,,,,,,,,,,,,,,,,,,,,,,,,,,,,,
383,1502,San Luis del Palmar,CORRIENTES,FRUTICULTURA,,,,,,,,,,,,,,,,,,,,,,,,,,,,,,,,,,,,,,,,,,,,,,,,,,,
352,1454,San Martín,SANTA FE,FRUTICULTURA,,,,,,,,,,,,,,,,,,,31/2022,31/2022,31/2022,31/2022,31/2022,31/2022,,,,,16/2023,16/2023,16/2023,16/2023,16/2023,16/2023,16/2023,750/2023,750/2023,750/2023,750/2023,1484/2023,1484/2023,1484/2023,1484/2023,1484/2023,1484/2023,,,,,,
399,1518,San Martín,CORRIENTES,FRUTICULTURA,,,,,,,,,,,,,,,,,,,,,,,,,,,,,,,,,,,,,,,,,,,,,,,,,,,
86,1220,San Miguel,BUENOS AIRES,FRUTICULTURA,,,,,,,,,,,,,,,,,,,,,,,,,,,,,,,,,,,,,,,,,,,,,,,,,,,
402,1521,San Miguel,CORRIENTES,FRUTICULTURA,,,,,,,,,,,,,,,,,,,,,,,,,,,,,,,,,,,,,,,,,,,,,,,,,,,
139,1275,San Nicolás,BUENOS AIRES,FRUTICULTURA,,,,,,,,,,,,,,,,,,,,,,,,,,,,,,,,,,,,,,,,,,,,,,,,,,,
146,1305,San Pedro,BUENOS AIRES,FRUTICULTURA,,,,,,,,,,,,,,,,,,,,,,,,,,,,,,,,,,,,,,,,,,,,,,,,,,,
375,1491,San Pedro,MISIONES,FRUTICULTURA,,,,,,,,,,,,,,,,,,,,,,,,,,,,,,,,,,,,,,,,,,,,,,,,,,,
387,1506,San Roque,CORRIENTES,FRUTICULTURA,,,,,,,,,,,,,,,,,,,,,,,,,,,,,,,,,,,,,1620/2023,1620/2023,1620/2023,1620/2023,1620/2023,1620/2023,,,,,,,,,
337,1362,San Salvador,ENTRE RÍOS,FRUTICULTURA,,,,,,,,,,,,,,,,,,,39/2022,39/2022,39/2022,39/2022,39/2022,39/2022,39/2022,,,,,98/2023,98/2023,98/2023,98/2023,98/2023,98/2023,98/2023,,,,,,,,,,,,,,,
112,1247,San Vicente,BUENOS AIRES,FRUTICULTURA,,,,,,,,,,,,,,,,,,,,,,,,,,,,,,,,,,,,,,,,,,,,,,,,,,,
411,1530,Santa María,CÓRDOBA,FRUTICULTURA,,,,,,,,,,,,,,,,,,,,,,,,,,,,,,,,,600/23,600/23,600/23,600/23,600/23,600/23,1523/23,1523/23,1523/23,1523/23,1523/23,1523/23,,,,,,,
401,1520,Santo Tomé,CORRIENTES,FRUTICULTURA,,,,,,,,,,,,,,,,,,,,,,,,,,,,,,,,,,,,,,,,,,,,,,,,,,,
287,1160,Sargento Cabral,CHACO,FRUTICULTURA,,,,,,,,,,,,,,,,,,,,,,,,,,,,,,,,,,,,,,,,,,,,,,,,,,,
395,1514,Sauce,CORRIENTES,FRUTICULTURA,,,,,,,,,,,,,,,,,,,,,,,,,,,,,,,,,,,,,1620/2023,1620/2023,1620/2023,1620/2023,1620/2023,1620/2023,,,,,,,,,
417,1541,Sobremonte,CÓRDOBA,FRUTICULTURA,,,,,,,,,,,,,,,,,,,,,,,,,,,,,,,,,600/23,600/23,600/23,600/23,600/23,600/23,1523/23,1523/23,1523/23,1523/23,1523/23,1523/23,,,,,,,
100,1234,Suipacha,BUENOS AIRES,FRUTICULTURA,,,,,,,,,,,,,,,,,,,,,,,,,,,,,,,,,,,,,,,,,946/2024,946/2024,946/2024,,,,,,,,
339,1364,Tala,ENTRE RÍOS,FRUTICULTURA,,,,,,,,,,,,,,,,,,,39/2022,39/2022,39/2022,39/2022,39/2022,39/2022,39/2022,,,,,98/2023,98/2023,98/2023,98/2023,98/2023,98/2023,98/2023,,,,,,,,,,,,,,,
13,1077,Tandil,BUENOS AIRES,FRUTICULTURA,,,,,,,,,,,,,,,,,,,,,,,,,,,,,,,,,,,,,,,,,,,,,,,,,,,
119,1254,Tapalqué,BUENOS AIRES,FRUTICULTURA,,,,,,,,,,,,,,,,,,,,,,,,,,,,,,,,,,,,,,,,,,,,,,,,,,,
284,1156,Tapenagá,CHACO,FRUTICULTURA,,,,,,,,,,,,,,,,,,,,,,,,,,,,,,,,,,,,,,,,,,,,,,,,,,,
195,1536,Tercero Arriba,CÓRDOBA,FRUTICULTURA,,,,,,,,,,,,,,,,,,,,,,,,,,,,,,,,,600/23,600/23,600/23,600/23,600/23,600/23,1523/23,1523/23,1523/23,1523/23,1523/23,1523/23,,,,,,,
181,1451,Tigre,BUENOS AIRES,FRUTICULTURA,,,,,,,,,,,,,,,,,,,,,,,,,,,,,,,,,,,,,,,,,,,,,,,,,,,
175,1442,Toay,LA PAMPA,FRUTICULTURA,,,,,,,,,,,,,,,,,,,,,,,,,,,,,,,,,,,,,,,,,,,,,,,,,,,
136,1272,Tordillo,BUENOS AIRES,FRUTICULTURA,,,,,,,,,,,,,,,,,,,,,,,,,,,,,,,,,,,,,,,,,946/2024,946/2024,946/2024,,,,,,,,
29,1099,Tornquist,BUENOS AIRES,FRUTICULTURA,,,,,,,,,,,,,,,,,,,,,,,,,,,,,,,,,,,,,,,,,946/2024,946/2024,946/2024,,,,,,,,
421,1546,Totoral,CÓRDOBA,FRUTICULTURA,,,,,,,,,,,,,,,,,,,,,,,,,,,,,,,,,600/23,600/23,600/23,600/23,600/23,600/23,1523/23,1523/23,1523/23,1523/23,1523/23,1523/23,,,,,,,
177,1444,Trenel,LA PAMPA,FRUTICULTURA,,,,,,,,,,,,,,,,,,,,,,,,,,,,,,,,,,,,,,,,,,,,,,,,,,,
74,1208,Trenque Lauquen,BUENOS AIRES,FRUTICULTURA,,,,,,,,,,,,,,,,,,,,,,,,,,,,,,,,,,,,,,,,,946/2024,946/2024,946/2024,,,,,,,,
33,1103,Tres Arroyos,BUENOS AIRES,FRUTICULTURA,,,,,,,,,,,,,,,,,,,,,,,,,,,,,,,,,,,,,,,,,946/2024,946/2024,946/2024,,,,,,,,
101,1235,Tres de Febrero,BUENOS AIRES,FRUTICULTURA,,,,,,,,,,,,,,,,,,,,,,,,,,,,,,,,,,,,,,,,,,,,,,,,,,,
124,1259,Tres Lomas,BUENOS AIRES,FRUTICULTURA,,,,,,,,,,,,,,,,,,,,,,,,,,,,,,,,,,,,,,,,,,,,,,,,,,,
408,1527,Tulumba,CÓRDOBA,FRUTICULTURA,,,,,,,,,,,,,,,,,,,,,,,,,,,,,,,,,600/23,600/23,600/23,600/23,600/23,600/23,1523/23,1523/23,1523/23,1523/23,1523/23,1523/23,,,,,,,
194,1535,Unión,CÓRDOBA,FRUTICULTURA,,,,,,,,,,,,,,,,,,,,,,,,,,,,,,,290/2023,290/2023,290/2023,290/2023,290/2023,290/2023,1523/2023,1523/2023,1523/23,1523/23,1523/23,1523/23,1523/23,1523/23,,,,,,,
192,1498,Uruguay,ENTRE RÍOS,FRUTICULTURA,,,,,,,,,,,,,,,,,,,39/2022,39/2022,39/2022,39/2022,39/2022,39/2022,39/2022,,,,,98/2023,98/2023,98/2023,98/2023,98/2023,98/2023,98/2023,,,,,,,,,,,,,,,
174,1441,Utracán,LA PAMPA,FRUTICULTURA,,,,,,,,,,,,,,,,,,,,,,,,,,,,,,,,,,,,,,,,,,,,,,,,,,,
356,1466,Vera,SANTA FE,FRUTICULTURA,,,,,,,,,,,,,,,,,,,31/2022,31/2022,31/2022,31/2022,31/2022,31/2022,,,,,16/2023,16/2023,16/2023,16/2023,16/2023,16/2023,16/2023,750/2023,750/2023,750/2023,750/2023,1484/2023,1484/2023,1484/2023,1484/2023,1484/2023,1484/2023,,,,,,
25,1089,Vicente López,BUENOS AIRES,FRUTICULTURA,,,,,,,,,,,,,,,,,,,,,,,,,,,,,,,,,,,,,,,,,,,,,,,,,,,
154,1369,Victoria,ENTRE RÍOS,FRUTICULTURA,,,,,,,,,,,,,,,,,,,39/2022,39/2022,39/2022,39/2022,39/2022,39/2022,39/2022,,,,,98/2023,98/2023,98/2023,98/2023,98/2023,98/2023,98/2023,,,,,,,,,,,,,,,
20,1084,Villa Gesell,BUENOS AIRES,FRUTICULTURA,,,,,,,,,,,,,,,,,,,,,,,,,,,,,,,,,,,,,,,,,,,,,,,,,,,
335,1360,Villaguay,ENTRE RÍOS,FRUTICULTURA,,,,,,,,,,,,,,,,,,,39/2022,39/2022,39/2022,39/2022,39/2022,39/2022,39/2022,,,,,98/2023,98/2023,98/2023,98/2023,98/2023,98/2023,98/2023,,,,,,,,,,,,,,,
47,1133,Villarino,BUENOS AIRES,FRUTICULTURA,,,,,,,,,,,,,,,,,,,,,,,,,,,,,,,,,,,,,,,,,946/2024,946/2024,946/2024,,,,,,,,
137,1273,Zárate,BUENOS AIRES,FRUTICULTURA,,,,,,,,,,,,,,,,,,,,,,,,,,,,,,,,,,,,,,,,,,,,,,,,,,,
317,1315,1° de Mayo,CHACO,HORTICULTURA,,,,,,,,,,,,,,,,,,,,,,,,,,,,,,,,,,,,,,,,,,,,,,,,,,,
276,1119,12 de Octubre,CHACO,HORTICULTURA,,,,,,,,,,,,,,,,,,,,,,,,,,,,,,,,,,,,,,,,,,,,,,,,,,,
321,1319,2 de Abril,CHACO,HORTICULTURA,,,,,,,,,,,,,,,,,,,,,,,,,,,,,,,,,,,,,,,,,,,,,,,,,,,
71,1205,25 de Mayo,BUENOS AIRES,HORTICULTURA,,,,,,,,,,,,,,,,,,,,,,,,,,,,,,,,,,,,,,,,,946/2024,946/2024,946/2024,,,,,,,,
322,1323,25 de Mayo,CHACO,HORTICULTURA,,,,,,,,,,,,,,,,,,,,,,,,,,,,,,,,,,,,,,,,,,,,,,,,,,,
369,1485,25 de Mayo,MISIONES,HORTICULTURA,,,,,,,,,,,,,,,,,,,,,,,,,,,,,,,,,,,,,,,,,,,,,,,,,,,
72,1206,9 de Julio,BUENOS AIRES,HORTICULTURA,,,,,,,,,,,,,,,,,,,,,,,,,,,,,,,,,,,,,,,,,946/2024,946/2024,946/2024,,,,,,,,
318,1316,9 de Julio,CHACO,HORTICULTURA,,,,,,,,,,,,,,,,,,,,,,,,,,,,,,,,,,,,,,,,,,,,,,,,,,,
357,1467,9 de Julio,SANTA FE,HORTICULTURA,,,,,,,,,,,,,,,,,,,31/2022,31/2022,31/2022,31/2022,31/2022,31/2022,,,,,16/2023,16/2023,16/2023,16/2023,16/2023,16/2023,16/2023,750/2023,750/2023,750/2023,750/2023,1484/2023,1484/2023,1484/2023,1484/2023,1484/2023,1484/2023,,,,,,
44,1130,Adolfo Alsina,BUENOS AIRES,HORTICULTURA,,,,,,,,,,,,,,,,,,,,,,,,,,,,,,,,,,,,,,,,,946/2024,946/2024,946/2024,,,,,,,,
15,1079,Adolfo Gonzales Chaves,BUENOS AIRES,HORTICULTURA,,,,,,,,,,,,,,,,,,,,,,,,,,,,,,,,,,,,,,,,,946/2024,946/2024,946/2024,,,,,,,,
103,1238,Alberti,BUENOS AIRES,HORTICULTURA,,,,,,,,,,,,,,,,,,,,,,,,,,,,,,,,,,,,,,,,,946/2024,946/2024,946/2024,,,,,,,,
66,1200,Almirante Brown,BUENOS AIRES,HORTICULTURA,,,,,,,,,,,,,,,,,,,,,,,,,,,,,,,,,,,,,,,,,,,,,,,,,,,
299,1192,Almirante Brown,CHACO,HORTICULTURA,,,,,,,,,,,,,,,,,,,,,,,,,,,,,,,,,,,,,,,,,,,,,,,,,,,
373,1489,Apóstoles,MISIONES,HORTICULTURA,,,,,,,,,,,,,,,,,,,,,,,,,,,,,,,,,,,,,,,,,,,,,,,,,,,
81,1215,Arrecifes,BUENOS AIRES,HORTICULTURA,,,,,,,,,,,,,,,,,,,,,,,,,,,,,,,,,,,,,,,,,,,,,,,,,,,
186,1471,Atreucó,LA PAMPA,HORTICULTURA,,,,,,,,,,,,,,,,,,,,,,,,,,,,,,,,,,,,,,,,,,,,,,,,,,,
150,1322,Avellaneda,BUENOS AIRES,HORTICULTURA,,,,,,,,,,,,,,,,,,,,,,,,,,,,,,,,,,,,,,,,,,,,,,,,,,,
125,1260,Ayacucho,BUENOS AIRES,HORTICULTURA,,,,,,,,,,,,,,,,,,,,,,,,,,,,,,,,,,,,,,,,,,,,,,,,,,,
122,1257,Azul,BUENOS AIRES,HORTICULTURA,,,,,,,,,,,,,,,,,,,,,,,,,,,,,,,,,,,,,,,,,946/2024,946/2024,946/2024,,,,,,,,
16,1080,Bahía Blanca,BUENOS AIRES,HORTICULTURA,,,,,,,,,,,,,,,,,,,,,,,,,,,,,,,,,,,,,,,,,946/2024,946/2024,946/2024,,,,,,,,
118,1253,Balcarce,BUENOS AIRES,HORTICULTURA,,,,,,,,,,,,,,,,,,,,,,,,,,,,,,,,,,,,,,,,,,,,,,,,,,,
145,1304,Baradero,BUENOS AIRES,HORTICULTURA,,,,,,,,,,,,,,,,,,,,,,,,,,,,,,,,,,,,,,,,,,,,,,,,,,,
190,1477,Belgrano,SANTA FE,HORTICULTURA,,,,,,,,,,,,,,,,,,,31/2022,31/2022,31/2022,31/2022,31/2022,31/2022,,,,,16/2023,16/2023,16/2023,16/2023,16/2023,16/2023,16/2023,750/2023,750/2023,750/2023,750/2023,1484/2023,1484/2023,1484/2023,1484/2023,1484/2023,1484/2023,,,,,,
391,1510,Bella Vista,CORRIENTES,HORTICULTURA,,,,,,,,,,,,,,,,,,,,,,,,,,,,,,,,,,,,,1620/2023,1620/2023,1620/2023,1620/2023,1620/2023,1620/2023,,,,,,,,,
130,1265,Benito Juárez,BUENOS AIRES,HORTICULTURA,,,,,,,,,,,,,,,,,,,,,,,,,,,,,,,,,,,,,,,,,,,,,,,,,,,
28,1098,Berazategui,BUENOS AIRES,HORTICULTURA,,,,,,,,,,,,,,,,,,,,,,,,,,,,,,,,,,,,,,,,,,,,,,,,,,,
135,1271,Berisso,BUENOS AIRES,HORTICULTURA,,,,,,,,,,,,,,,,,,,,,,,,,,,,,,,,,,,,,,,,,,,,,,,,,,,
313,1297,Bermejo,CHACO,HORTICULTURA,,,,,,,,,,,,,,,,,,,,,,,,,,,,,,,,,,,,,,,,,,,,,,,,,,,
454,1150,Bermejo,FORMOSA,HORTICULTURA,,,,,,,,,,,,,,,,,,,,,,,,,,,,,,,,,,,,,,,,,,,,,,,,,,,
404,1523,Berón de Astrada,CORRIENTES,HORTICULTURA,,,,,,,,,,,,,,,,,,,,,,,,,,,,,,,,,,,,,,,,,,,,,,,,,,,
117,1252,Bolívar,BUENOS AIRES,HORTICULTURA,,,,,,,,,,,,,,,,,,,,,,,,,,,,,,,,,,,,,,,,,946/2024,946/2024,946/2024,,,,,,,,
104,1239,Bragado,BUENOS AIRES,HORTICULTURA,,,,,,,,,,,,,,,,,,,,,,,,,,,,,,,,,,,,,,,,,946/2024,946/2024,946/2024,,,,,,,,
68,1202,Brandsen,BUENOS AIRES,HORTICULTURA,,,,,,,,,,,,,,,,,,,,,,,,,,,,,,,,,,,,,,,,,,,,,,,,,,,
367,1483,Cainguás,MISIONES,HORTICULTURA,,,,,,,,,,,,,,,,,,,,,,,,,,,,,,,,,,,,,,,,,,,,,,,,,,,
424,1551,Calamuchita,CÓRDOBA,HORTICULTURA,,,,,,,,,,,,,,,,,,,,,,,,,,,,,,,,,,,,,,,,,,,,,,,,,,,
165,1431,Caleu Caleu,LA PAMPA,HORTICULTURA,,,,,,,,,,,,,,,,,,,,,,,,,,,,,,,,,,,,,,,,,,,,,,,,,,,
39,1114,Campana,BUENOS AIRES,HORTICULTURA,,,,,,,,,,,,,,,,,,,,,,,,,,,,,,,,,,,,,,,,,,,,,,,,,,,
365,1481,Candelaria,MISIONES,HORTICULTURA,,,,,,,,,,,,,,,,,,,,,,,,,,,,,,,,,,,,,,,,,,,,,,,,,,,
111,1246,Cañuelas,BUENOS AIRES,HORTICULTURA,,,,,,,,,,,,,,,,,,,,,,,,,,,,,,,,,,,,,,,,,,,,,,,,,,,
176,1443,Capital,LA PAMPA,HORTICULTURA,,,,,,,,,,,,,,,,,,,,,,,,,,,,,,,,,,,,,,,,,,,,,,,,,,,
363,1479,Capital,MISIONES,HORTICULTURA,,,,,,,,,,,,,,,,,,,,,,,,,,,,,,,,,,,,,,,,,,,,,,,,,,,
407,1526,Capital,CORRIENTES,HORTICULTURA,,,,,,,,,,,,,,,,,,,,,,,,,,,,,,,,,,,,,,,,,,,,,,,,,,,
418,1542,Capital,CÓRDOBA,HORTICULTURA,,,,,,,,,,,,,,,,,,,,,,,,,,,,,,,,,,,,,,,,,,,,,,,,,,,
82,1216,Capitán Sarmiento,BUENOS AIRES,HORTICULTURA,,,,,,,,,,,,,,,,,,,,,,,,,,,,,,,,,,,,,,,,,,,,,,,,,,,
69,1203,Carlos Casares,BUENOS AIRES,HORTICULTURA,,,,,,,,,,,,,,,,,,,,,,,,,,,,,,,,,,,,,,,,,946/2024,946/2024,946/2024,,,,,,,,
70,1204,Carlos Tejedor,BUENOS AIRES,HORTICULTURA,,,,,,,,,,,,,,,,,,,,,,,,,,,,,,,,,,,,,,,,,946/2024,946/2024,946/2024,,,,,,,,
83,1217,Carmen de Areco,BUENOS AIRES,HORTICULTURA,,,,,,,,,,,,,,,,,,,,,,,,,,,,,,,,,,,,,,,,,,,,,,,,,,,
184,1464,Caseros,SANTA FE,HORTICULTURA,,,,,,,,,,,,,,,,,,,31/2022,31/2022,31/2022,31/2022,31/2022,31/2022,,,,,16/2023,16/2023,16/2023,16/2023,16/2023,16/2023,16/2023,750/2023,750/2023,750/2023,750/2023,1484/2023,1484/2023,1484/2023,1484/2023,1484/2023,1484/2023,,,,,,
351,1453,Castellanos,SANTA FE,HORTICULTURA,,,,,,,,,,,,,,,,,,,31/2022,31/2022,31/2022,31/2022,31/2022,31/2022,,,,,16/2023,16/2023,16/2023,16/2023,16/2023,16/2023,16/2023,750/2023,750/2023,750/2023,750/2023,1484/2023,1484/2023,1484/2023,1484/2023,1484/2023,1484/2023,,,,,,
65,1199,Castelli,BUENOS AIRES,HORTICULTURA,,,,,,,,,,,,,,,,,,,,,,,,,,,,,,,,,,,,,,,,,,,,,,,,,,,
187,1472,Catriló,LA PAMPA,HORTICULTURA,,,,,,,,,,,,,,,,,,,,,,,,,,,,,,,,,,,,,,,,,,,,,,,,,,,
94,1228,Chacabuco,BUENOS AIRES,HORTICULTURA,,,,,,,,,,,,,,,,,,,,,,,,,,,,,,,,,,,,,,,,,946/2024,946/2024,946/2024,,,,,,,,
308,1280,Chacabuco,CHACO,HORTICULTURA,,,,,,,,,,,,,,,,,,,,,,,,,,,,,,,,,,,,,,,,,,,,,,,,,,,
508,1445,Chalileo,LA PAMPA,HORTICULTURA,,,,,,,,,,,,,,,,,,,,,,,,,,,,,,,,,,,,,,,,,,,,,,,,,,,
166,1433,Chapaleufú,LA PAMPA,HORTICULTURA,,,,,,,,,,,,,,,,,,,,,,,,,,,,,,,,,,,,,,,,,,,,,,,,,,,
37,1111,Chascomús,BUENOS AIRES,HORTICULTURA,,,,,,,,,,,,,,,,,,,,,,,,,,,,,,,,,,,,,,,,,946/2024,946/2024,946/2024,,,,,,,,
507,1432,Chical Co,LA PAMPA,HORTICULTURA,,,,,,,,,,,,,,,,,,,,,,,,,,,,,,,,,,,,,,,,,,,,,,,,,,,
102,1237,Chivilcoy,BUENOS AIRES,HORTICULTURA,,,,,,,,,,,,,,,,,,,,,,,,,,,,,,,,,,,,,,,,,946/2024,946/2024,946/2024,,,,,,,,
131,1266,Colón,BUENOS AIRES,HORTICULTURA,,,,,,,,,,,,,,,,,,,,,,,,,,,,,,,,,,,,,,,,,,,,,,,,,,,
381,1499,Colón,ENTRE RÍOS,HORTICULTURA,,,,,,,,,,,,,,,,,,,39/2022,39/2022,39/2022,39/2022,39/2022,39/2022,39/2022,,,,,98/2023,98/2023,98/2023,98/2023,98/2023,98/2023,98/2023,,,,,,,,,,,,,,,
419,1544,Colón,CÓRDOBA,HORTICULTURA,,,,,,,,,,,,,,,,,,,,,,,,,,,,,,,,,600/23,600/23,600/23,600/23,600/23,600/23,1523/23,1523/23,1523/23,1523/23,1523/23,1523/23,,,,,,,
324,1325,Comandante Fernández,CHACO,HORTICULTURA,,,,,,,,,,,,,,,,,,,,,,,,,,,,,,,,,,,,,,,,,,,,,,,,,,,
372,1488,Concepción,MISIONES,HORTICULTURA,,,,,,,,,,,,,,,,,,,,,,,,,,,,,,,,,,,,,,,,,,,,,,,,,,,
385,1504,Concepción,CORRIENTES,HORTICULTURA,,,,,,,,,,,,,,,,,,,,,,,,,,,,,,,,,,,,,,,,,,,,,,,,,,,
382,1501,Concordia,ENTRE RÍOS,HORTICULTURA,,,,,,,,,,,,,,,,,,,39/2022,39/2022,39/2022,39/2022,39/2022,39/2022,39/2022,,,,,98/2023,98/2023,98/2023,98/2023,98/2023,98/2023,98/2023,,,,,,,,,,,,,,,
178,1447,Conhelo,LA PAMPA,HORTICULTURA,,,,,,,,,,,,,,,,,,,,,,,,,,,,,,,,,,,,,,,,,,,,,,,,,,,
162,1425,Constitución,SANTA FE,HORTICULTURA,,,,,,,,,,,,,,,,,,,31/2022,31/2022,31/2022,31/2022,31/2022,31/2022,,,,,16/2023,16/2023,16/2023,16/2023,16/2023,16/2023,16/2023,750/2023,750/2023,750/2023,750/2023,1484/2023,1484/2023,1484/2023,1484/2023,1484/2023,1484/2023,,,,,,
144,1303,Coronel de Marina Leonardo Rosales,BUENOS AIRES,HORTICULTURA,,,,,,,,,,,,,,,,,,,,,,,,,,,,,,,,,,,,,,,,,946/2024,946/2024,946/2024,,,,,,,,
34,1104,Coronel Dorrego,BUENOS AIRES,HORTICULTURA,,,,,,,,,,,,,,,,,,,,,,,,,,,,,,,,,,,,,,,,,,,,,,,,,,,
30,1100,Coronel Pringles,BUENOS AIRES,HORTICULTURA,,,,,,,,,,,,,,,,,,,,,,,,,,,,,,,,,,,,,,,,,,,,,,,,,,,
14,1078,Coronel Suárez,BUENOS AIRES,HORTICULTURA,,,,,,,,,,,,,,,,,,,,,,,,,,,,,,,,,,,,,,,,,,,,,,,,,,,
409,1528,Cruz del Eje,CÓRDOBA,HORTICULTURA,,,,,,,,,,,,,,,,,,,,,,,,,,,,,,,,,,,,,,,,,,,,,,,,,,,
189,1474,Curacó,LA PAMPA,HORTICULTURA,,,,,,,,,,,,,,,,,,,,,,,,,,,,,,,,,,,,,,,,,,,,,,,,,,,
396,1515,Curuzú Cuatiá,CORRIENTES,HORTICULTURA,,,,,,,,,,,,,,,,,,,,,,,,,,,,,,,,,,,,,1620/2023,1620/2023,1620/2023,1620/2023,1620/2023,1620/2023,,,,,,,,,
123,1258,Daireaux,BUENOS AIRES,HORTICULTURA,,,,,,,,,,,,,,,,,,,,,,,,,,,,,,,,,,,,,,,,,,,,,,,,,,,
343,1368,Diamante,ENTRE RÍOS,HORTICULTURA,,,,,,,,,,,,,,,,,,,39/2022,39/2022,39/2022,39/2022,39/2022,39/2022,39/2022,,,,,98/2023,98/2023,98/2023,98/2023,98/2023,98/2023,98/2023,,,,,,,,,,,,,,,
121,1256,Dolores,BUENOS AIRES,HORTICULTURA,,,,,,,,,,,,,,,,,,,,,,,,,,,,,,,,,,,,,,,,,946/2024,946/2024,946/2024,,,,,,,,
378,1494,Eldorado,MISIONES,HORTICULTURA,,,,,,,,,,,,,,,,,,,,,,,,,,,,,,,,,,,,,,,,,,,,,,,,,,,
389,1508,Empedrado,CORRIENTES,HORTICULTURA,,,,,,,,,,,,,,,,,,,,,,,,,,,,,,,,,,,,,,,,,,,,,,,,,,,
127,1262,Ensenada,BUENOS AIRES,HORTICULTURA,,,,,,,,,,,,,,,,,,,,,,,,,,,,,,,,,,,,,,,,,,,,,,,,,,,
4,1067,Escobar,BUENOS AIRES,HORTICULTURA,,,,,,,,,,,,,,,,,,,,,,,,,,,,,,,,,,,,,,,,,,,,,,,,,,,
394,1513,Esquina,CORRIENTES,HORTICULTURA,,,,,,,,,,,,,,,,,,,,,,,,,,,,,,,,,,,,,1620/2023,1620/2023,1620/2023,1620/2023,1620/2023,1620/2023,,,,,,,,,
80,1214,Esteban Echeverría,BUENOS AIRES,HORTICULTURA,,,,,,,,,,,,,,,,,,,,,,,,,,,,,,,,,,,,,,,,,,,,,,,,,,,
85,1219,Exaltación de la Cruz,BUENOS AIRES,HORTICULTURA,,,,,,,,,,,,,,,,,,,,,,,,,,,,,,,,,,,,,,,,,,,,,,,,,,,
108,1243,Ezeiza,BUENOS AIRES,HORTICULTURA,,,,,,,,,,,,,,,,,,,,,,,,,,,,,,,,,,,,,,,,,,,,,,,,,,,
380,1496,Federación,ENTRE RÍOS,HORTICULTURA,,,,,,,,,,,,,,,,,,,39/2022,39/2022,39/2022,39/2022,39/2022,39/2022,39/2022,,,,,98/2023,98/2023,98/2023,98/2023,98/2023,98/2023,98/2023,,,,,,,,,,,,,,,
336,1361,Federal,ENTRE RÍOS,HORTICULTURA,,,,,,,,,,,,,,,,,,,39/2022,39/2022,39/2022,39/2022,39/2022,39/2022,39/2022,,,,,98/2023,98/2023,98/2023,98/2023,98/2023,98/2023,98/2023,,,,,,,,,,,,,,,
341,1366,Feliciano,ENTRE RÍOS,HORTICULTURA,,,,,,,,,,,,,,,,,,,39/2022,39/2022,39/2022,39/2022,39/2022,39/2022,39/2022,,,,,98/2023,98/2023,98/2023,98/2023,98/2023,98/2023,98/2023,,,,,,,,,,,,,,,
109,1244,Florencio Varela,BUENOS AIRES,HORTICULTURA,,,,,,,,,,,,,,,,,,,,,,,,,,,,,,,,,,,,,,,,,,,,,,,,,,,
147,1313,Florentino Ameghino,BUENOS AIRES,HORTICULTURA,,,,,,,,,,,,,,,,,,,,,,,,,,,,,,,,,,,,,,,,,,,,,,,,,,,
310,1292,Formosa,FORMOSA,HORTICULTURA,,,,,,,,,,,,,,,,,,,,,,,,,,,,,,,,,,,,,,,,,,,,,,,,,,,
290,1163,Fray Justo Santa María de Oro,CHACO,HORTICULTURA,,,,,,,,,,,,,,,,,,,,,,,,,,,,,,,,,,,,,,,,,,,,,,,,,,,
361,1476,Garay,SANTA FE,HORTICULTURA,,,,,,,,,,,,,,,,,,,31/2022,31/2022,31/2022,31/2022,31/2022,31/2022,,,,,16/2023,16/2023,16/2023,16/2023,16/2023,16/2023,16/2023,750/2023,750/2023,750/2023,750/2023,1484/2023,1484/2023,1484/2023,1484/2023,1484/2023,1484/2023,,,,,,
17,1081,General Alvarado,BUENOS AIRES,HORTICULTURA,,,,,,,,,,,,,,,,,,,,,,,,,,,,,,,,,,,,,,,,,,,,,,,,,,,
114,1249,General Alvear,BUENOS AIRES,HORTICULTURA,,,,,,,,,,,,,,,,,,,,,,,,,,,,,,,,,,,,,,,,,946/2024,946/2024,946/2024,,,,,,,,
400,1519,General Alvear,CORRIENTES,HORTICULTURA,,,,,,,,,,,,,,,,,,,,,,,,,,,,,,,,,,,,,,,,,,,,,,,,,,,
141,1296,General Arenales,BUENOS AIRES,HORTICULTURA,,,,,,,,,,,,,,,,,,,,,,,,,,,,,,,,,,,,,,,,,946/2024,946/2024,946/2024,,,,,,,,
75,1209,General Belgrano,BUENOS AIRES,HORTICULTURA,,,,,,,,,,,,,,,,,,,,,,,,,,,,,,,,,,,,,,,,,946/2024,946/2024,946/2024,,,,,,,,
325,1326,General Belgrano,CHACO,HORTICULTURA,,,,,,,,,,,,,,,,,,,,,,,,,,,,,,,,,,,,,,,,,,,,,,,,,,,
326,1327,General Donovan,CHACO,HORTICULTURA,,,,,,,,,,,,,,,,,,,,,,,,,,,,,,,,,,,,,,,,,,,,,,,,,,,
280,1123,General Güemes,CHACO,HORTICULTURA,,,,,,,,,,,,,,,,,,,,,,,,,,,,,,,,,,,,,,,,,,,,,,,,,,,
11,1075,General Guido,BUENOS AIRES,HORTICULTURA,,,,,,,,,,,,,,,,,,,,,,,,,,,,,,,,,,,,,,,,,,,,,,,,,,,
12,1076,General Juan Madariaga,BUENOS AIRES,HORTICULTURA,,,,,,,,,,,,,,,,,,,,,,,,,,,,,,,,,,,,,,,,,946/2024,946/2024,946/2024,,,,,,,,
116,1251,General La Madrid,BUENOS AIRES,HORTICULTURA,,,,,,,,,,,,,,,,,,,,,,,,,,,,,,,,,,,,,,,,,,,,,,,,,,,
105,1240,General Las Heras,BUENOS AIRES,HORTICULTURA,,,,,,,,,,,,,,,,,,,,,,,,,,,,,,,,,,,,,,,,,946/2024,946/2024,946/2024,,,,,,,,
22,1086,General Lavalle,BUENOS AIRES,HORTICULTURA,,,,,,,,,,,,,,,,,,,,,,,,,,,,,,,,,,,,,,,,,946/2024,946/2024,946/2024,,,,,,,,
183,1463,General López,SANTA FE,HORTICULTURA,,,,,,,,,,,,,,,,,,,,,,,,,,,,,16/2023,16/2023,16/2023,16/2023,16/2023,16/2023,16/2023,750/2023,750/2023,750/2023,750/2023,1484/2023,1484/2023,1484/2023,1484/2023,1484/2023,1484/2023,,,,,,
377,1493,General Manuel Belgrano,MISIONES,HORTICULTURA,,,,,,,,,,,,,,,,,,,,,,,,,,,,,,,,,,,,,,,,,,,,,,,,,,,
355,1462,General Obligado,SANTA FE,HORTICULTURA,,,,,,,,,,,,,,,,,,,31/2022,31/2022,31/2022,31/2022,31/2022,31/2022,,,,,16/2023,16/2023,16/2023,16/2023,16/2023,16/2023,16/2023,750/2023,750/2023,750/2023,750/2023,1484/2023,1484/2023,1484/2023,1484/2023,1484/2023,1484/2023,,,,,,
10,1074,General Paz,BUENOS AIRES,HORTICULTURA,,,,,,,,,,,,,,,,,,,,,,,,,,,,,,,,,,,,,,,,,,,,,,,,,,,
388,1507,General Paz,CORRIENTES,HORTICULTURA,,,,,,,,,,,,,,,,,,,,,,,,,,,,,,,,,,,,,,,,,,,,,,,,,,,
31,1101,General Pinto,BUENOS AIRES,HORTICULTURA,,,,,,,,,,,,,,,,,,,,,,,,,,,,,,,,,,,,,,,,,,,,,,,,,,,
18,1082,General Pueyrredón,BUENOS AIRES,HORTICULTURA,,,,,,,,,,,,,,,,,,,,,,,,,,,,,,,,,,,,,,,,,,,,,,,,,,,
198,1539,General Roca,CÓRDOBA,HORTICULTURA,,,,,,,,,,,,,,,,,,,,,,,,,,,,,,,,,600/23,600/23,600/23,600/23,600/23,600/23,1523/23,1523/23,1523/23,1523/23,1523/23,1523/23,,,,,,,
99,1233,General Rodríguez,BUENOS AIRES,HORTICULTURA,,,,,,,,,,,,,,,,,,,,,,,,,,,,,,,,,,,,,,,,,,,,,,,,,,,
96,1230,General San Martín,BUENOS AIRES,HORTICULTURA,,,,,,,,,,,,,,,,,,,,,,,,,,,,,,,,,,,,,,,,,,,,,,,,,,,
200,1547,General San Martín,CÓRDOBA,HORTICULTURA,,,,,,,,,,,,,,,,,,,,,,,,,,,,,,,,,600/23,600/23,600/23,600/23,600/23,600/23,1523/23,1523/23,1523/23,1523/23,1523/23,1523/23,,,,,,,
107,1242,General Viamonte,BUENOS AIRES,HORTICULTURA,,,,,,,,,,,,,,,,,,,,,,,,,,,,,,,,,,,,,,,,,946/2024,946/2024,946/2024,,,,,,,,
48,1134,General Villegas,BUENOS AIRES,HORTICULTURA,,,,,,,,,,,,,,,,,,,,,,,,,,,,,,,,,,,,,,,,,946/2024,946/2024,946/2024,,,,,,,,
393,1512,Goya,CORRIENTES,HORTICULTURA,,,,,,,,,,,,,,,,,,,,,,,,,,,,,,,,,,,,,1620/2023,1620/2023,1620/2023,1620/2023,1620/2023,1620/2023,,,,,,,,,
155,1370,Gualeguay,ENTRE RÍOS,HORTICULTURA,,,,,,,,,,,,,,,,,,,39/2022,39/2022,39/2022,39/2022,39/2022,39/2022,39/2022,,,,,98/2023,98/2023,98/2023,98/2023,98/2023,98/2023,98/2023,,,,,,,,,,,,,,,
193,1500,Gualeguaychú,ENTRE RÍOS,HORTICULTURA,,,,,,,,,,,,,,,,,,,39/2022,39/2022,39/2022,39/2022,39/2022,39/2022,39/2022,,,,,98/2023,98/2023,98/2023,98/2023,98/2023,98/2023,98/2023,,,,,,,,,,,,,,,
126,1261,Guaminí,BUENOS AIRES,HORTICULTURA,,,,,,,,,,,,,,,,,,,,,,,,,,,,,,,,,,,,,,,,,946/2024,946/2024,946/2024,,,,,,,,
374,1490,Guaraní,MISIONES,HORTICULTURA,,,,,,,,,,,,,,,,,,,,,,,,,,,,,,,,,,,,,,,,,,,,,,,,,,,
171,1438,Guatraché,LA PAMPA,HORTICULTURA,,,,,,,,,,,,,,,,,,,,,,,,,,,,,,,,,,,,,,,,,,,,,,,,,,,
120,1255,Hipólito Yrigoyen,BUENOS AIRES,HORTICULTURA,,,,,,,,,,,,,,,,,,,,,,,,,,,,,,,,,,,,,,,,,,,,,,,,,,,
169,1436,Hucal,LA PAMPA,HORTICULTURA,,,,,,,,,,,,,,,,,,,,,,,,,,,,,,,,,,,,,,,,,,,,,,,,,,,
92,1226,Hurlingham,BUENOS AIRES,HORTICULTURA,,,,,,,,,,,,,,,,,,,,,,,,,,,,,,,,,,,,,,,,,,,,,,,,,,,
376,1492,Iguazú,MISIONES,HORTICULTURA,,,,,,,,,,,,,,,,,,,,,,,,,,,,,,,,,,,,,,,,,,,,,,,,,,,
288,1161,Independencia,CHACO,HORTICULTURA,,,,,,,,,,,,,,,,,,,,,,,,,,,,,,,,,,,,,,,,,,,,,,,,,,,
164,1427,Iriondo,SANTA FE,HORTICULTURA,,,,,,,,,,,,,,,,,,,31/2022,31/2022,31/2022,31/2022,31/2022,31/2022,,,,,16/2023,16/2023,16/2023,16/2023,16/2023,16/2023,16/2023,750/2023,750/2023,750/2023,750/2023,1484/2023,1484/2023,1484/2023,1484/2023,1484/2023,1484/2023,,,,,,
420,1545,Ischilín,CÓRDOBA,HORTICULTURA,,,,,,,,,,,,,,,,,,,,,,,,,,,,,,,,,600/23,600/23,600/23,600/23,600/23,600/23,1523/23,1523/23,1523/23,1523/23,1523/23,1523/23,,,,,,,
191,1497,Islas del Ibicuy,ENTRE RÍOS,HORTICULTURA,,,,,,,,,,,,,,,,,,,39/2022,39/2022,39/2022,39/2022,39/2022,39/2022,39/2022,,,,,98/2023,98/2023,98/2023,98/2023,98/2023,98/2023,98/2023,,,,,,,,,,,,,,,
405,1524,Itatí,CORRIENTES,HORTICULTURA,,,,,,,,,,,,,,,,,,,,,,,,,,,,,,,,,,,,,,,,,,,,,,,,,,,
98,1232,Ituzaingó,BUENOS AIRES,HORTICULTURA,,,,,,,,,,,,,,,,,,,,,,,,,,,,,,,,,,,,,,,,,,,,,,,,,,,
403,1522,Ituzaingó,CORRIENTES,HORTICULTURA,,,,,,,,,,,,,,,,,,,,,,,,,,,,,,,,,,,,,,,,,,,,,,,,,,,
5,1068,José C. Paz,BUENOS AIRES,HORTICULTURA,,,,,,,,,,,,,,,,,,,,,,,,,,,,,,,,,,,,,,,,,,,,,,,,,,,
199,1543,Juárez Celman,CÓRDOBA,HORTICULTURA,,,,,,,,,,,,,,,,,,,,,,,,,,,,,,,,,600/23,600/23,600/23,600/23,600/23,600/23,1523/23,1523/23,1523/23,1523/23,1523/23,1523/23,,,,,,,
88,1222,Junín,BUENOS AIRES,HORTICULTURA,,,,,,,,,,,,,,,,,,,,,,,,,,,,,,,,,,,,,,,,,946/2024,946/2024,946/2024,,,,,,,,
359,1469,La Capital,SANTA FE,HORTICULTURA,,,,,,,,,,,,,,,,,,,31/2022,31/2022,31/2022,31/2022,31/2022,31/2022,,,,,16/2023,16/2023,16/2023,16/2023,16/2023,16/2023,16/2023,750/2023,750/2023,750/2023,750/2023,1484/2023,1484/2023,1484/2023,1484/2023,1484/2023,1484/2023,,,,,,
23,1087,La Costa,BUENOS AIRES,HORTICULTURA,,,,,,,,,,,,,,,,,,,,,,,,,,,,,,,,,,,,,,,,,,,,,,,,,,,
9,1073,La Matanza,BUENOS AIRES,HORTICULTURA,,,,,,,,,,,,,,,,,,,,,,,,,,,,,,,,,,,,,,,,,,,,,,,,,,,
340,1365,La Paz,ENTRE RÍOS,HORTICULTURA,,,,,,,,,,,,,,,,,,,39/2022,39/2022,39/2022,39/2022,39/2022,39/2022,39/2022,,,,,98/2023,98/2023,98/2023,98/2023,98/2023,98/2023,98/2023,,,,,,,,,,,,,,,
152,1329,La Plata,BUENOS AIRES,HORTICULTURA,,,,,,,,,,,,,,,,,,,,,,,,,,,,,,,,,,,,,,,,,,,,,,,,,,,
278,1121,Laishi,FORMOSA,HORTICULTURA,,,,,,,,,,,,,,,,,,,,,,,,,,,,,,,,,,,,,,,,,,,,,,,,,,,
148,1320,Lanús,BUENOS AIRES,HORTICULTURA,,,,,,,,,,,,,,,,,,,,,,,,,,,,,,,,,,,,,,,,,,,,,,,,,,,
128,1263,Laprida,BUENOS AIRES,HORTICULTURA,,,,,,,,,,,,,,,,,,,,,,,,,,,,,,,,,,,,,,,,,,,,,,,,,,,
349,1428,Las Colonias,SANTA FE,HORTICULTURA,,,,,,,,,,,,,,,,,,,31/2022,31/2022,31/2022,31/2022,31/2022,31/2022,,,,,16/2023,16/2023,16/2023,16/2023,16/2023,16/2023,16/2023,750/2023,750/2023,750/2023,750/2023,1484/2023,1484/2023,1484/2023,1484/2023,1484/2023,1484/2023,,,,,,
2,1065,Las Flores,BUENOS AIRES,HORTICULTURA,,,,,,,,,,,,,,,,,,,,,,,,,,,,,,,,,,,,,,,,,,,,,,,,,,,
392,1511,Lavalle,CORRIENTES,HORTICULTURA,,,,,,,,,,,,,,,,,,,,,,,,,,,,,,,,,,,,,1620/2023,1620/2023,1620/2023,1620/2023,1620/2023,1620/2023,,,,,,,,,
140,1294,Leandro N. Alem,BUENOS AIRES,HORTICULTURA,,,,,,,,,,,,,,,,,,,,,,,,,,,,,,,,,,,,,,,,,,,,,,,,,,,
370,1486,Leandro N. Alem,MISIONES,HORTICULTURA,,,,,,,,,,,,,,,,,,,,,,,,,,,,,,,,,,,,,,,,,,,,,,,,,,,
36,1110,Lezama,BUENOS AIRES,HORTICULTURA,,,,,,,,,,,,,,,,,,,,,,,,,,,,,,,,,,,,,,,,,,,,,,,,,,,
323,1324,Libertad,CHACO,HORTICULTURA,,,,,,,,,,,,,,,,,,,,,,,,,,,,,,,,,,,,,,,,,,,,,,,,,,,
312,1295,Libertador General San Martín,CHACO,HORTICULTURA,,,,,,,,,,,,,,,,,,,,,,,,,,,,,,,,,,,,,,,,,,,,,,,,,,,
379,1495,Libertador General San Martín,MISIONES,HORTICULTURA,,,,,,,,,,,,,,,,,,,,,,,,,,,,,,,,,,,,,,,,,,,,,,,,,,,
168,1435,Lihuel Calel,LA PAMPA,HORTICULTURA,,,,,,,,,,,,,,,,,,,,,,,,,,,,,,,,,,,,,,,,,,,,,,,,,,,
170,1437,Limay Mahuida,LA PAMPA,HORTICULTURA,,,,,,,,,,,,,,,,,,,,,,,,,,,,,,,,,,,,,,,,,,,,,,,,,,,
97,1231,Lincoln,BUENOS AIRES,HORTICULTURA,,,,,,,,,,,,,,,,,,,,,,,,,,,,,,,,,,,,,,,,,946/2024,946/2024,946/2024,,,,,,,,
134,1270,Lobería,BUENOS AIRES,HORTICULTURA,,,,,,,,,,,,,,,,,,,,,,,,,,,,,,,,,,,,,,,,,,,,,,,,,,,
113,1248,Lobos,BUENOS AIRES,HORTICULTURA,,,,,,,,,,,,,,,,,,,,,,,,,,,,,,,,,,,,,,,,,946/2024,946/2024,946/2024,,,,,,,,
149,1321,Lomas de Zamora,BUENOS AIRES,HORTICULTURA,,,,,,,,,,,,,,,,,,,,,,,,,,,,,,,,,,,,,,,,,,,,,,,,,,,
179,1448,Loventué,LA PAMPA,HORTICULTURA,,,,,,,,,,,,,,,,,,,,,,,,,,,,,,,,,,,,,,,,,,,,,,,,,,,
91,1225,Luján,BUENOS AIRES,HORTICULTURA,,,,,,,,,,,,,,,,,,,,,,,,,,,,,,,,,,,,,,,,,946/2024,946/2024,946/2024,,,,,,,,
24,1088,Magdalena,BUENOS AIRES,HORTICULTURA,,,,,,,,,,,,,,,,,,,,,,,,,,,,,,,,,,,,,,,,,946/2024,946/2024,946/2024,,,,,,,,
7,1070,Maipú,BUENOS AIRES,HORTICULTURA,,,,,,,,,,,,,,,,,,,,,,,,,,,,,,,,,,,,,,,,,946/2024,946/2024,946/2024,,,,,,,,
297,1183,Maipú,CHACO,HORTICULTURA,,,,,,,,,,,,,,,,,,,,,,,,,,,,,,,,,,,,,,,,,,,,,,,,,,,
95,1229,Malvinas Argentinas,BUENOS AIRES,HORTICULTURA,,,,,,,,,,,,,,,,,,,,,,,,,,,,,,,,,,,,,,,,,,,,,,,,,,,
19,1083,Mar Chiquita,BUENOS AIRES,HORTICULTURA,,,,,,,,,,,,,,,,,,,,,,,,,,,,,,,,,,,,,,,,,,,,,,,,,,,
172,1439,Maracó,LA PAMPA,HORTICULTURA,,,,,,,,,,,,,,,,,,,,,,,,,,,,,,,,,,,,,,,,,,,,,,,,,,,
201,1550,Marcos Juárez,CÓRDOBA,HORTICULTURA,,,,,,,,,,,,,,,,,,,,,,,,,,,,,,,290/2023,290/2023,290/2023,290/2023,290/2023,290/2023,1523/2023,1523/2023,1523/23,1523/23,1523/23,1523/23,1523/23,1523/23,,,,,,,
106,1241,Marcos Paz,BUENOS AIRES,HORTICULTURA,,,,,,,,,,,,,,,,,,,,,,,,,,,,,,,,,,,,,,,,,,,,,,,,,,,
456,1152,Matacos,FORMOSA,HORTICULTURA,,,,,,,,,,,,,,,,,,,,,,,,,,,,,,,,,,,,,,,,,,,,,,,,,,,
289,1162,Mayor Luis J. Fontana,CHACO,HORTICULTURA,,,,,,,,,,,,,,,,,,,,,,,,,,,,,,,,,,,,,,,,,,,,,,,,,,,
384,1503,Mburucuyá,CORRIENTES,HORTICULTURA,,,,,,,,,,,,,,,,,,,,,,,,,,,,,,,,,,,,,,,,,,,,,,,,,,,
89,1223,Mercedes,BUENOS AIRES,HORTICULTURA,,,,,,,,,,,,,,,,,,,,,,,,,,,,,,,,,,,,,,,,,,,,,,,,,,,
386,1505,Mercedes,CORRIENTES,HORTICULTURA,,,,,,,,,,,,,,,,,,,,,,,,,,,,,,,,,,,,,1620/2023,1620/2023,1620/2023,1620/2023,1620/2023,1620/2023,,,,,,,,,
79,1213,Merlo,BUENOS AIRES,HORTICULTURA,,,,,,,,,,,,,,,,,,,,,,,,,,,,,,,,,,,,,,,,,,,,,,,,,,,
412,1531,Minas,CÓRDOBA,HORTICULTURA,,,,,,,,,,,,,,,,,,,,,,,,,,,,,,,,,,,,,,,,,,,,,,,,,,,
76,1210,Monte,BUENOS AIRES,HORTICULTURA,,,,,,,,,,,,,,,,,,,,,,,,,,,,,,,,,,,,,,,,,946/2024,946/2024,946/2024,,,,,,,,
397,1516,Monte Caseros,CORRIENTES,HORTICULTURA,,,,,,,,,,,,,,,,,,,,,,,,,,,,,,,,,,,,,1620/2023,1620/2023,1620/2023,1620/2023,1620/2023,1620/2023,,,,,,,,,
133,1269,Monte Hermoso,BUENOS AIRES,HORTICULTURA,,,,,,,,,,,,,,,,,,,,,,,,,,,,,,,,,,,,,,,,,,,,,,,,,,,
366,1482,Montecarlo,MISIONES,HORTICULTURA,,,,,,,,,,,,,,,,,,,,,,,,,,,,,,,,,,,,,,,,,,,,,,,,,,,
8,1072,Moreno,BUENOS AIRES,HORTICULTURA,,,,,,,,,,,,,,,,,,,,,,,,,,,,,,,,,,,,,,,,,,,,,,,,,,,
93,1227,Morón,BUENOS AIRES,HORTICULTURA,,,,,,,,,,,,,,,,,,,,,,,,,,,,,,,,,,,,,,,,,,,,,,,,,,,
110,1245,Navarro,BUENOS AIRES,HORTICULTURA,,,,,,,,,,,,,,,,,,,,,,,,,,,,,,,,,,,,,,,,,946/2024,946/2024,946/2024,,,,,,,,
35,1105,Necochea,BUENOS AIRES,HORTICULTURA,,,,,,,,,,,,,,,,,,,,,,,,,,,,,,,,,,,,,,,,,,,,,,,,,,,
338,1363,Nogoyá,ENTRE RÍOS,HORTICULTURA,,,,,,,,,,,,,,,,,,,39/2022,39/2022,39/2022,39/2022,39/2022,39/2022,39/2022,,,,,98/2023,98/2023,98/2023,98/2023,98/2023,98/2023,98/2023,,,,,,,,,,,,,,,
269,1071,O'Higgins,CHACO,HORTICULTURA,,,,,,,,,,,,,,,,,,,,,,,,,,,,,,,,,,,,,,,,,,,,,,,,,,,
368,1484,Oberá,MISIONES,HORTICULTURA,,,,,,,,,,,,,,,,,,,,,,,,,,,,,,,,,,,,,,,,,,,,,,,,,,,
78,1212,Olavarría,BUENOS AIRES,HORTICULTURA,,,,,,,,,,,,,,,,,,,,,,,,,,,,,,,,,,,,,,,,,,,,,,,,,,,
342,1367,Paraná,ENTRE RÍOS,HORTICULTURA,,,,,,,,,,,,,,,,,,,39/2022,39/2022,39/2022,39/2022,39/2022,39/2022,39/2022,,,,,98/2023,98/2023,98/2023,98/2023,98/2023,98/2023,98/2023,,,,,,,,,,,,,,,
398,1517,Paso de los Libres,CORRIENTES,HORTICULTURA,,,,,,,,,,,,,,,,,,,,,,,,,,,,,,,,,,,,,1620/2023,1620/2023,1620/2023,1620/2023,1620/2023,1620/2023,,,,,,,,,
142,1298,Patagones,BUENOS AIRES,HORTICULTURA,,,,,,,,,,,,,,,,,,,,,,,,,,,,,,,,,,,,,,,,,946/2024,946/2024,946/2024,,,,,,,,
282,1149,Patiño,FORMOSA,HORTICULTURA,,,,,,,,,,,,,,,,,,,,,,,,,,,,,,,,,,,,,,,,,,,,,,,,,,,
73,1207,Pehuajó,BUENOS AIRES,HORTICULTURA,,,,,,,,,,,,,,,,,,,,,,,,,,,,,,,,,,,,,,,,,,,,,,,,,,,
45,1131,Pellegrini,BUENOS AIRES,HORTICULTURA,,,,,,,,,,,,,,,,,,,,,,,,,,,,,,,,,,,,,,,,,,,,,,,,,,,
56,1159,Pergamino,BUENOS AIRES,HORTICULTURA,,,,,,,,,,,,,,,,,,,,,,,,,,,,,,,,,,,,,,,,,946/2024,946/2024,946/2024,,,,,,,,
153,1346,Pila,BUENOS AIRES,HORTICULTURA,,,,,,,,,,,,,,,,,,,,,,,,,,,,,,,,,,,,,,,,,946/2024,946/2024,946/2024,,,,,,,,
277,1120,Pilagás,FORMOSA,HORTICULTURA,,,,,,,,,,,,,,,,,,,,,,,,,,,,,,,,,,,,,,,,,,,,,,,,,,,
90,1224,Pilar,BUENOS AIRES,HORTICULTURA,,,,,,,,,,,,,,,,,,,,,,,,,,,,,,,,,,,,,,,,,,,,,,,,,,,
311,1293,Pilcomayo,FORMOSA,HORTICULTURA,,,,,,,,,,,,,,,,,,,,,,,,,,,,,,,,,,,,,,,,,,,,,,,,,,,
21,1085,Pinamar,BUENOS AIRES,HORTICULTURA,,,,,,,,,,,,,,,,,,,,,,,,,,,,,,,,,,,,,,,,,,,,,,,,,,,
279,1122,Pirané,FORMOSA,HORTICULTURA,,,,,,,,,,,,,,,,,,,,,,,,,,,,,,,,,,,,,,,,,,,,,,,,,,,
425,1552,Pocho,CÓRDOBA,HORTICULTURA,,,,,,,,,,,,,,,,,,,,,,,,,,,,,,,,,600/23,600/23,600/23,600/23,600/23,600/23,1523/23,1523/23,1523/23,1523/23,1523/23,1523/23,,,,,,,
286,1158,Presidencia de la Plaza,CHACO,HORTICULTURA,,,,,,,,,,,,,,,,,,,,,,,,,,,,,,,,,,,,,,,,,,,,,,,,,,,
67,1201,Presidente Perón,BUENOS AIRES,HORTICULTURA,,,,,,,,,,,,,,,,,,,,,,,,,,,,,,,,,,,,,,,,,,,,,,,,,,,
197,1538,Presidente Roque Sáenz Peña,CÓRDOBA,HORTICULTURA,,,,,,,,,,,,,,,,,,,,,,,,,,,,,,,,,600/23,600/23,600/23,600/23,600/23,600/23,1523/23,1523/23,1523/23,1523/23,1523/23,1523/23,,,,,,,
46,1132,Puán,BUENOS AIRES,HORTICULTURA,,,,,,,,,,,,,,,,,,,,,,,,,,,,,,,,,,,,,,,,,946/2024,946/2024,946/2024,,,,,,,,
509,1446,Puelén,LA PAMPA,HORTICULTURA,,,,,,,,,,,,,,,,,,,,,,,,,,,,,,,,,,,,,,,,,,,,,,,,,,,
410,1529,Punilla,CÓRDOBA,HORTICULTURA,,,,,,,,,,,,,,,,,,,,,,,,,,,,,,,,,600/23,600/23,600/23,600/23,600/23,600/23,1523/23,1523/23,1523/23,1523/23,1523/23,1523/23,,,,,,,
38,1112,Punta Indio,BUENOS AIRES,HORTICULTURA,,,,,,,,,,,,,,,,,,,,,,,,,,,,,,,,,,,,,,,,,,,,,,,,,,,
188,1473,Quemú Quemú,LA PAMPA,HORTICULTURA,,,,,,,,,,,,,,,,,,,,,,,,,,,,,,,,,,,,,,,,,,,,,,,,,,,
115,1250,Quilmes,BUENOS AIRES,HORTICULTURA,,,,,,,,,,,,,,,,,,,,,,,,,,,,,,,,,,,,,,,,,,,,,,,,,,,
285,1157,Quitilipi,CHACO,HORTICULTURA,,,,,,,,,,,,,,,,,,,,,,,,,,,,,,,,,,,,,,,,,,,,,,,,,,,
138,1274,Ramallo,BUENOS AIRES,HORTICULTURA,,,,,,,,,,,,,,,,,,,,,,,,,,,,,,,,,,,,,,,,,946/2024,946/2024,946/2024,,,,,,,,
479,1312,Ramón Lista,FORMOSA,HORTICULTURA,,,,,,,,,,,,,,,,,,,,,,,,,,,,,,,,,,,,,,,,,,,,,,,,,,,
167,1434,Rancul,LA PAMPA,HORTICULTURA,,,,,,,,,,,,,,,,,,,,,,,,,,,,,,,,,,,,,,,,,,,,,,,,,,,
26,1096,Rauch,BUENOS AIRES,HORTICULTURA,,,,,,,,,,,,,,,,,,,,,,,,,,,,,,,,,,,,,,,,,946/2024,946/2024,946/2024,,,,,,,,
173,1440,Realicó,LA PAMPA,HORTICULTURA,,,,,,,,,,,,,,,,,,,,,,,,,,,,,,,,,,,,,,,,,,,,,,,,,,,
196,1537,Río Cuarto,CÓRDOBA,HORTICULTURA,,,,,,,,,,,,,,,,,,,,,,,,,,,,,,,,,600/23,600/23,600/23,600/23,600/23,600/23,1523/23,1523/23,1523/23,1523/23,1523/23,1523/23,,,,,,,
423,1549,Río Primero,CÓRDOBA,HORTICULTURA,,,,,,,,,,,,,,,,,,,,,,,,,,,,,,,,,600/23,600/23,600/23,600/23,600/23,600/23,1523/23,1523/23,1523/23,1523/23,1523/23,1523/23,,,,,,,
416,1540,Río Seco,CÓRDOBA,HORTICULTURA,,,,,,,,,,,,,,,,,,,,,,,,,,,,,,,,,600/23,600/23,600/23,600/23,600/23,600/23,1523/23,1523/23,1523/23,1523/23,1523/23,1523/23,,,,,,,
414,1533,Río Segundo,CÓRDOBA,HORTICULTURA,,,,,,,,,,,,,,,,,,,,,,,,,,,,,,,,,600/23,600/23,600/23,600/23,600/23,600/23,1523/23,1523/23,1523/23,1523/23,1523/23,1523/23,,,,,,,
182,1456,Rivadavia,BUENOS AIRES,HORTICULTURA,,,,,,,,,,,,,,,,,,,,,,,,,,,,,,,,,,,,,,,,,946/2024,946/2024,946/2024,,,,,,,,
3,1066,Rojas,BUENOS AIRES,HORTICULTURA,,,,,,,,,,,,,,,,,,,,,,,,,,,,,,,,,,,,,,,,,946/2024,946/2024,946/2024,,,,,,,,
77,1211,Roque Pérez,BUENOS AIRES,HORTICULTURA,,,,,,,,,,,,,,,,,,,,,,,,,,,,,,,,,,,,,,,,,,,,,,,,,,,
163,1426,Rosario,SANTA FE,HORTICULTURA,,,,,,,,,,,,,,,,,,,31/2022,31/2022,31/2022,31/2022,31/2022,31/2022,,,,,16/2023,16/2023,16/2023,16/2023,16/2023,16/2023,16/2023,750/2023,750/2023,750/2023,750/2023,1484/2023,1484/2023,1484/2023,1484/2023,1484/2023,1484/2023,,,,,,
132,1268,Saavedra,BUENOS AIRES,HORTICULTURA,,,,,,,,,,,,,,,,,,,,,,,,,,,,,,,,,,,,,,,,,946/2024,946/2024,946/2024,,,,,,,,
390,1509,Saladas,CORRIENTES,HORTICULTURA,,,,,,,,,,,,,,,,,,,,,,,,,,,,,,,,,,,,,,,,,,,,,,,,,,,
1,1064,Saladillo,BUENOS AIRES,HORTICULTURA,,,,,,,,,,,,,,,,,,,,,,,,,,,,,,,,,,,,,,,,,946/2024,946/2024,946/2024,,,,,,,,
27,1097,Salliqueló,BUENOS AIRES,HORTICULTURA,,,,,,,,,,,,,,,,,,,,,,,,,,,,,,,,,,,,,,,,,,,,,,,,,,,
84,1218,Salto,BUENOS AIRES,HORTICULTURA,,,,,,,,,,,,,,,,,,,,,,,,,,,,,,,,,,,,,,,,,,,,,,,,,,,
413,1532,San Alberto,CÓRDOBA,HORTICULTURA,,,,,,,,,,,,,,,,,,,,,,,,,,,,,,,,,600/23,600/23,600/23,600/23,600/23,600/23,1523/23,1523/23,1523/23,1523/23,1523/23,1523/23,,,,,,,
87,1221,San Andrés de Giles,BUENOS AIRES,HORTICULTURA,,,,,,,,,,,,,,,,,,,,,,,,,,,,,,,,,,,,,,,,,946/2024,946/2024,946/2024,,,,,,,,
6,1069,San Antonio de Areco,BUENOS AIRES,HORTICULTURA,,,,,,,,,,,,,,,,,,,,,,,,,,,,,,,,,,,,,,,,,946/2024,946/2024,946/2024,,,,,,,,
32,1102,San Cayetano,BUENOS AIRES,HORTICULTURA,,,,,,,,,,,,,,,,,,,,,,,,,,,,,,,,,,,,,,,,,,,,,,,,,,,
406,1525,San Cosme,CORRIENTES,HORTICULTURA,,,,,,,,,,,,,,,,,,,,,,,,,,,,,,,,,,,,,,,,,,,,,,,,,,,
358,1468,San Cristóbal,SANTA FE,HORTICULTURA,,,,,,,,,,,,,,,,,,,31/2022,31/2022,31/2022,31/2022,31/2022,31/2022,,,,,16/2023,16/2023,16/2023,16/2023,16/2023,16/2023,16/2023,750/2023,750/2023,750/2023,750/2023,1484/2023,1484/2023,1484/2023,1484/2023,1484/2023,1484/2023,,,,,,
180,1450,San Fernando,BUENOS AIRES,HORTICULTURA,,,,,,,,,,,,,,,,,,,,,,,,,,,,,,,,,,,,,,,,,,,,,,,,,,,
319,1317,San Fernando,CHACO,HORTICULTURA,,,,,,,,,,,,,,,,,,,,,,,,,,,,,,,,,,,,,,,,,,,,,,,,,,,
364,1480,San Ignacio,MISIONES,HORTICULTURA,,,,,,,,,,,,,,,,,,,,,,,,,,,,,,,,,,,,,,,,,,,,,,,,,,,
129,1264,San Isidro,BUENOS AIRES,HORTICULTURA,,,,,,,,,,,,,,,,,,,,,,,,,,,,,,,,,,,,,,,,,,,,,,,,,,,
360,1470,San Javier,SANTA FE,HORTICULTURA,,,,,,,,,,,,,,,,,,,31/2022,31/2022,31/2022,31/2022,31/2022,31/2022,,,,,16/2023,16/2023,16/2023,16/2023,16/2023,16/2023,16/2023,750/2023,750/2023,750/2023,750/2023,1484/2023,1484/2023,1484/2023,1484/2023,1484/2023,1484/2023,,,,,,
371,1487,San Javier,MISIONES,HORTICULTURA,,,,,,,,,,,,,,,,,,,,,,,,,,,,,,,,,,,,,,,,,,,,,,,,,,,
422,1548,San Javier,CÓRDOBA,HORTICULTURA,,,,,,,,,,,,,,,,,,,,,,,,,,,,,,,,,,,,,,,,,,,,,,,,,,,
362,1478,San Jerónimo,SANTA FE,HORTICULTURA,,,,,,,,,,,,,,,,,,,31/2022,31/2022,31/2022,31/2022,31/2022,31/2022,,,,,16/2023,16/2023,16/2023,16/2023,16/2023,16/2023,16/2023,750/2023,750/2023,750/2023,750/2023,1484/2023,1484/2023,1484/2023,1484/2023,1484/2023,1484/2023,,,,,,
350,1429,San Justo,SANTA FE,HORTICULTURA,,,,,,,,,,,,,,,,,,,31/2022,31/2022,31/2022,31/2022,31/2022,31/2022,,,,,16/2023,16/2023,16/2023,16/2023,16/2023,16/2023,16/2023,750/2023,750/2023,750/2023,750/2023,1484/2023,1484/2023,1484/2023,1484/2023,1484/2023,1484/2023,,,,,,
415,1534,San Justo,CÓRDOBA,HORTICULTURA,,,,,,,,,,,,,,,,,,,,,,,,,,,,,,,290/2023,290/2023,290/2023,290/2023,290/2023,290/2023,1523/2023,1523/2023,1523/23,1523/23,1523/23,1523/23,1523/23,1523/23,,,,,,,
185,1465,San Lorenzo,SANTA FE,HORTICULTURA,,,,,,,,,,,,,,,,,,,31/2022,31/2022,31/2022,31/2022,31/2022,31/2022,,,,,16/2023,16/2023,16/2023,16/2023,16/2023,16/2023,16/2023,750/2023,750/2023,750/2023,750/2023,1484/2023,1484/2023,1484/2023,1484/2023,1484/2023,1484/2023,,,,,,
320,1318,San Lorenzo,CHACO,HORTICULTURA,,,,,,,,,,,,,,,,,,,,,,,,,,,,,,,,,,,,,,,,,,,,,,,,,,,
383,1502,San Luis del Palmar,CORRIENTES,HORTICULTURA,,,,,,,,,,,,,,,,,,,,,,,,,,,,,,,,,,,,,,,,,,,,,,,,,,,
352,1454,San Martín,SANTA FE,HORTICULTURA,,,,,,,,,,,,,,,,,,,31/2022,31/2022,31/2022,31/2022,31/2022,31/2022,,,,,16/2023,16/2023,16/2023,16/2023,16/2023,16/2023,16/2023,750/2023,750/2023,750/2023,750/2023,1484/2023,1484/2023,1484/2023,1484/2023,1484/2023,1484/2023,,,,,,
399,1518,San Martín,CORRIENTES,HORTICULTURA,,,,,,,,,,,,,,,,,,,,,,,,,,,,,,,,,,,,,,,,,,,,,,,,,,,
86,1220,San Miguel,BUENOS AIRES,HORTICULTURA,,,,,,,,,,,,,,,,,,,,,,,,,,,,,,,,,,,,,,,,,,,,,,,,,,,
402,1521,San Miguel,CORRIENTES,HORTICULTURA,,,,,,,,,,,,,,,,,,,,,,,,,,,,,,,,,,,,,,,,,,,,,,,,,,,
139,1275,San Nicolás,BUENOS AIRES,HORTICULTURA,,,,,,,,,,,,,,,,,,,,,,,,,,,,,,,,,,,,,,,,,,,,,,,,,,,
146,1305,San Pedro,BUENOS AIRES,HORTICULTURA,,,,,,,,,,,,,,,,,,,,,,,,,,,,,,,,,,,,,,,,,,,,,,,,,,,
375,1491,San Pedro,MISIONES,HORTICULTURA,,,,,,,,,,,,,,,,,,,,,,,,,,,,,,,,,,,,,,,,,,,,,,,,,,,
387,1506,San Roque,CORRIENTES,HORTICULTURA,,,,,,,,,,,,,,,,,,,,,,,,,,,,,,,,,,,,,1620/2023,1620/2023,1620/2023,1620/2023,1620/2023,1620/2023,,,,,,,,,
337,1362,San Salvador,ENTRE RÍOS,HORTICULTURA,,,,,,,,,,,,,,,,,,,39/2022,39/2022,39/2022,39/2022,39/2022,39/2022,39/2022,,,,,98/2023,98/2023,98/2023,98/2023,98/2023,98/2023,98/2023,,,,,,,,,,,,,,,
112,1247,San Vicente,BUENOS AIRES,HORTICULTURA,,,,,,,,,,,,,,,,,,,,,,,,,,,,,,,,,,,,,,,,,,,,,,,,,,,
411,1530,Santa María,CÓRDOBA,HORTICULTURA,,,,,,,,,,,,,,,,,,,,,,,,,,,,,,,,,600/23,600/23,600/23,600/23,600/23,600/23,1523/23,1523/23,1523/23,1523/23,1523/23,1523/23,,,,,,,
401,1520,Santo Tomé,CORRIENTES,HORTICULTURA,,,,,,,,,,,,,,,,,,,,,,,,,,,,,,,,,,,,,,,,,,,,,,,,,,,
287,1160,Sargento Cabral,CHACO,HORTICULTURA,,,,,,,,,,,,,,,,,,,,,,,,,,,,,,,,,,,,,,,,,,,,,,,,,,,
395,1514,Sauce,CORRIENTES,HORTICULTURA,,,,,,,,,,,,,,,,,,,,,,,,,,,,,,,,,,,,,1620/2023,1620/2023,1620/2023,1620/2023,1620/2023,1620/2023,,,,,,,,,
417,1541,Sobremonte,CÓRDOBA,HORTICULTURA,,,,,,,,,,,,,,,,,,,,,,,,,,,,,,,,,600/23,600/23,600/23,600/23,600/23,600/23,1523/23,1523/23,1523/23,1523/23,1523/23,1523/23,,,,,,,
100,1234,Suipacha,BUENOS AIRES,HORTICULTURA,,,,,,,,,,,,,,,,,,,,,,,,,,,,,,,,,,,,,,,,,946/2024,946/2024,946/2024,,,,,,,,
339,1364,Tala,ENTRE RÍOS,HORTICULTURA,,,,,,,,,,,,,,,,,,,39/2022,39/2022,39/2022,39/2022,39/2022,39/2022,39/2022,,,,,98/2023,98/2023,98/2023,98/2023,98/2023,98/2023,98/2023,,,,,,,,,,,,,,,
13,1077,Tandil,BUENOS AIRES,HORTICULTURA,,,,,,,,,,,,,,,,,,,,,,,,,,,,,,,,,,,,,,,,,,,,,,,,,,,
119,1254,Tapalqué,BUENOS AIRES,HORTICULTURA,,,,,,,,,,,,,,,,,,,,,,,,,,,,,,,,,,,,,,,,,,,,,,,,,,,
284,1156,Tapenagá,CHACO,HORTICULTURA,,,,,,,,,,,,,,,,,,,,,,,,,,,,,,,,,,,,,,,,,,,,,,,,,,,
195,1536,Tercero Arriba,CÓRDOBA,HORTICULTURA,,,,,,,,,,,,,,,,,,,,,,,,,,,,,,,,,600/23,600/23,600/23,600/23,600/23,600/23,1523/23,1523/23,1523/23,1523/23,1523/23,1523/23,,,,,,,
181,1451,Tigre,BUENOS AIRES,HORTICULTURA,,,,,,,,,,,,,,,,,,,,,,,,,,,,,,,,,,,,,,,,,,,,,,,,,,,
175,1442,Toay,LA PAMPA,HORTICULTURA,,,,,,,,,,,,,,,,,,,,,,,,,,,,,,,,,,,,,,,,,,,,,,,,,,,
136,1272,Tordillo,BUENOS AIRES,HORTICULTURA,,,,,,,,,,,,,,,,,,,,,,,,,,,,,,,,,,,,,,,,,946/2024,946/2024,946/2024,,,,,,,,
29,1099,Tornquist,BUENOS AIRES,HORTICULTURA,,,,,,,,,,,,,,,,,,,,,,,,,,,,,,,,,,,,,,,,,946/2024,946/2024,946/2024,,,,,,,,
421,1546,Totoral,CÓRDOBA,HORTICULTURA,,,,,,,,,,,,,,,,,,,,,,,,,,,,,,,,,600/23,600/23,600/23,600/23,600/23,600/23,1523/23,1523/23,1523/23,1523/23,1523/23,1523/23,,,,,,,
177,1444,Trenel,LA PAMPA,HORTICULTURA,,,,,,,,,,,,,,,,,,,,,,,,,,,,,,,,,,,,,,,,,,,,,,,,,,,
74,1208,Trenque Lauquen,BUENOS AIRES,HORTICULTURA,,,,,,,,,,,,,,,,,,,,,,,,,,,,,,,,,,,,,,,,,946/2024,946/2024,946/2024,,,,,,,,
33,1103,Tres Arroyos,BUENOS AIRES,HORTICULTURA,,,,,,,,,,,,,,,,,,,,,,,,,,,,,,,,,,,,,,,,,946/2024,946/2024,946/2024,,,,,,,,
101,1235,Tres de Febrero,BUENOS AIRES,HORTICULTURA,,,,,,,,,,,,,,,,,,,,,,,,,,,,,,,,,,,,,,,,,,,,,,,,,,,
124,1259,Tres Lomas,BUENOS AIRES,HORTICULTURA,,,,,,,,,,,,,,,,,,,,,,,,,,,,,,,,,,,,,,,,,,,,,,,,,,,
408,1527,Tulumba,CÓRDOBA,HORTICULTURA,,,,,,,,,,,,,,,,,,,,,,,,,,,,,,,,,600/23,600/23,600/23,600/23,600/23,600/23,1523/23,1523/23,1523/23,1523/23,1523/23,1523/23,,,,,,,
194,1535,Unión,CÓRDOBA,HORTICULTURA,,,,,,,,,,,,,,,,,,,,,,,,,,,,,,,290/2023,290/2023,290/2023,290/2023,290/2023,290/2023,1523/2023,1523/2023,1523/23,1523/23,1523/23,1523/23,1523/23,1523/23,,,,,,,
192,1498,Uruguay,ENTRE RÍOS,HORTICULTURA,,,,,,,,,,,,,,,,,,,39/2022,39/2022,39/2022,39/2022,39/2022,39/2022,39/2022,,,,,98/2023,98/2023,98/2023,98/2023,98/2023,98/2023,98/2023,,,,,,,,,,,,,,,
174,1441,Utracán,LA PAMPA,HORTICULTURA,,,,,,,,,,,,,,,,,,,,,,,,,,,,,,,,,,,,,,,,,,,,,,,,,,,
356,1466,Vera,SANTA FE,HORTICULTURA,,,,,,,,,,,,,,,,,,,31/2022,31/2022,31/2022,31/2022,31/2022,31/2022,,,,,16/2023,16/2023,16/2023,16/2023,16/2023,16/2023,16/2023,750/2023,750/2023,750/2023,750/2023,1484/2023,1484/2023,1484/2023,1484/2023,1484/2023,1484/2023,,,,,,
25,1089,Vicente López,BUENOS AIRES,HORTICULTURA,,,,,,,,,,,,,,,,,,,,,,,,,,,,,,,,,,,,,,,,,,,,,,,,,,,
154,1369,Victoria,ENTRE RÍOS,HORTICULTURA,,,,,,,,,,,,,,,,,,,39/2022,39/2022,39/2022,39/2022,39/2022,39/2022,39/2022,,,,,98/2023,98/2023,98/2023,98/2023,98/2023,98/2023,98/2023,,,,,,,,,,,,,,,
20,1084,Villa Gesell,BUENOS AIRES,HORTICULTURA,,,,,,,,,,,,,,,,,,,,,,,,,,,,,,,,,,,,,,,,,,,,,,,,,,,
335,1360,Villaguay,ENTRE RÍOS,HORTICULTURA,,,,,,,,,,,,,,,,,,,39/2022,39/2022,39/2022,39/2022,39/2022,39/2022,39/2022,,,,,98/2023,98/2023,98/2023,98/2023,98/2023,98/2023,98/2023,,,,,,,,,,,,,,,
47,1133,Villarino,BUENOS AIRES,HORTICULTURA,,,,,,,,,,,,,,,,,,,,,,,,,,,,,,,,,,,,,,,,,946/2024,946/2024,946/2024,,,,,,,,
137,1273,Zárate,BUENOS AIRES,HORTICULTURA,,,,,,,,,,,,,,,,,,,,,,,,,,,,,,,,,,,,,,,,,,,,,,,,,,,
317,1315,1° de Mayo,CHACO,SILVICULTURA,,,,,,,,,,,,,,,,,,,,,,,,,,,,,,,,,,,,,,,,,,,,,,,,,,,
276,1119,12 de Octubre,CHACO,SILVICULTURA,,,,,,,,,,,,,,,,,,,,,,,,,,,,,,,,,,,,,,,,,,,,,,,,,,,
321,1319,2 de Abril,CHACO,SILVICULTURA,,,,,,,,,,,,,,,,,,,,,,,,,,,,,,,,,,,,,,,,,,,,,,,,,,,
71,1205,25 de Mayo,BUENOS AIRES,SILVICULTURA,,,,,,,,,,,,,,,,,,,,,,,,,,,,,,,,,,,,,,,,,946/2024,946/2024,946/2024,,,,,,,,
322,1323,25 de Mayo,CHACO,SILVICULTURA,,,,,,,,,,,,,,,,,,,,,,,,,,,,,,,,,,,,,,,,,,,,,,,,,,,
369,1485,25 de Mayo,MISIONES,SILVICULTURA,,,,,,,,,,,,,,,,,,,285/2020,285/2020,285/2020,285/2020,285/2020,285/2020,285/2020,,,,,,,,,,,,,,,,,,,,,,,,,,
72,1206,9 de Julio,BUENOS AIRES,SILVICULTURA,,,,,,,,,,,,,,,,,,,,,,,,,,,,,,,,,,,,,,,,,946/2024,946/2024,946/2024,,,,,,,,
318,1316,9 de Julio,CHACO,SILVICULTURA,,,,,,,,,,,,,,,,,,,,,,,,,,,,,,,,,,,,,,,,,,,,,,,,,,,
357,1467,9 de Julio,SANTA FE,SILVICULTURA,,,,,,,,,,,,,,,,,,,,,,,,,,,,,,,,,,,,,,,,,,,,,,,,,,,
44,1130,Adolfo Alsina,BUENOS AIRES,SILVICULTURA,,,,,,,,,,,,,,,,,,,,,,,,,,,,,,,,,,,,,,,,,946/2024,946/2024,946/2024,,,,,,,,
15,1079,Adolfo Gonzales Chaves,BUENOS AIRES,SILVICULTURA,,,,,,,,,,,,,,,,,,,,,,,,,,,,,,,,,,,,,,,,,946/2024,946/2024,946/2024,,,,,,,,
103,1238,Alberti,BUENOS AIRES,SILVICULTURA,,,,,,,,,,,,,,,,,,,,,,,,,,,,,,,,,,,,,,,,,946/2024,946/2024,946/2024,,,,,,,,
66,1200,Almirante Brown,BUENOS AIRES,SILVICULTURA,,,,,,,,,,,,,,,,,,,,,,,,,,,,,,,,,,,,,,,,,,,,,,,,,,,
299,1192,Almirante Brown,CHACO,SILVICULTURA,,,,,,,,,,,,,,,,,,,,,,,,,,,,,,,,,,,,,,,,,,,,,,,,,,,
373,1489,Apóstoles,MISIONES,SILVICULTURA,,,,,,,,,,,,,,,,,,,285/2020,285/2020,285/2020,285/2020,285/2020,285/2020,285/2020,,,,,,,,,,,,,,,,,,,,,,,,,,
81,1215,Arrecifes,BUENOS AIRES,SILVICULTURA,,,,,,,,,,,,,,,,,,,,,,,,,,,,,,,,,,,,,,,,,,,,,,,,,,,
186,1471,Atreucó,LA PAMPA,SILVICULTURA,,,,,,,,,,,,,,,,,,,,,,,,,,,,,,,,,,,,,,,,,,,,,,,,,,,
150,1322,Avellaneda,BUENOS AIRES,SILVICULTURA,,,,,,,,,,,,,,,,,,,,,,,,,,,,,,,,,,,,,,,,,,,,,,,,,,,
125,1260,Ayacucho,BUENOS AIRES,SILVICULTURA,,,,,,,,,,,,,,,,,,,,,,,,,,,,,,,,,,,,,,,,,,,,,,,,,,,
122,1257,Azul,BUENOS AIRES,SILVICULTURA,,,,,,,,,,,,,,,,,,,,,,,,,,,,,,,,,,,,,,,,,946/2024,946/2024,946/2024,,,,,,,,
16,1080,Bahía Blanca,BUENOS AIRES,SILVICULTURA,,,,,,,,,,,,,,,,,,,,,,,,,,,,,,,,,,,,,,,,,946/2024,946/2024,946/2024,,,,,,,,
118,1253,Balcarce,BUENOS AIRES,SILVICULTURA,,,,,,,,,,,,,,,,,,,,,,,,,,,,,,,,,,,,,,,,,,,,,,,,,,,
145,1304,Baradero,BUENOS AIRES,SILVICULTURA,,,,,,,,,,,,,,,,,,,,,,,,,,,,,,,,,,,,,,,,,,,,,,,,,,,
190,1477,Belgrano,SANTA FE,SILVICULTURA,,,,,,,,,,,,,,,,,,,,,,,,,,,,,,,,,,,,,,,,,,,,,,,,,,,
391,1510,Bella Vista,CORRIENTES,SILVICULTURA,,,,,,,,,,,,,,,,,,,,,,,,,,,,,,,,,,,,,,,,,,,,,,,,,,,
130,1265,Benito Juárez,BUENOS AIRES,SILVICULTURA,,,,,,,,,,,,,,,,,,,,,,,,,,,,,,,,,,,,,,,,,,,,,,,,,,,
28,1098,Berazategui,BUENOS AIRES,SILVICULTURA,,,,,,,,,,,,,,,,,,,,,,,,,,,,,,,,,,,,,,,,,,,,,,,,,,,
135,1271,Berisso,BUENOS AIRES,SILVICULTURA,,,,,,,,,,,,,,,,,,,,,,,,,,,,,,,,,,,,,,,,,,,,,,,,,,,
313,1297,Bermejo,CHACO,SILVICULTURA,,,,,,,,,,,,,,,,,,,,,,,,,,,,,,,,,,,,,,,,,,,,,,,,,,,
454,1150,Bermejo,FORMOSA,SILVICULTURA,,,,,,,,,,,,,,,,,,,,,,,,,,,,,,,,,,,,,,,,,,,,,,,,,,,
404,1523,Berón de Astrada,CORRIENTES,SILVICULTURA,,,,,,,,,,,,,,,,,,,,,,,,,,,,,,,,,,,,,,,,,,,,,,,,,,,
117,1252,Bolívar,BUENOS AIRES,SILVICULTURA,,,,,,,,,,,,,,,,,,,,,,,,,,,,,,,,,,,,,,,,,946/2024,946/2024,946/2024,,,,,,,,
104,1239,Bragado,BUENOS AIRES,SILVICULTURA,,,,,,,,,,,,,,,,,,,,,,,,,,,,,,,,,,,,,,,,,946/2024,946/2024,946/2024,,,,,,,,
68,1202,Brandsen,BUENOS AIRES,SILVICULTURA,,,,,,,,,,,,,,,,,,,,,,,,,,,,,,,,,,,,,,,,,,,,,,,,,,,
367,1483,Cainguás,MISIONES,SILVICULTURA,,,,,,,,,,,,,,,,,,,285/2020,285/2020,285/2020,285/2020,285/2020,285/2020,285/2020,,,,,,,,,,,,,,,,,,,,,,,,,,
424,1551,Calamuchita,CÓRDOBA,SILVICULTURA,,,,,,,,,,,,,,,,,,,,,,,,,,,,,,,,,,,,,,,,,,,,,,,,,,,
165,1431,Caleu Caleu,LA PAMPA,SILVICULTURA,,,,,,,,,,,,,,,,,,,,,,,,,,,,,,,,,,,,,,,,,,,,,,,,,,,
39,1114,Campana,BUENOS AIRES,SILVICULTURA,,,,,,,,,,,,,,,,,,,,,,,,,,,,,,,,,,,,,,,,,,,,,,,,,,,
365,1481,Candelaria,MISIONES,SILVICULTURA,,,,,,,,,,,,,,,,,,,285/2020,285/2020,285/2020,285/2020,285/2020,285/2020,285/2020,,,,,,,,,,,,,,,,,,,,,,,,,,
111,1246,Cañuelas,BUENOS AIRES,SILVICULTURA,,,,,,,,,,,,,,,,,,,,,,,,,,,,,,,,,,,,,,,,,,,,,,,,,,,
176,1443,Capital,LA PAMPA,SILVICULTURA,,,,,,,,,,,,,,,,,,,,,,,,,,,,,,,,,,,,,,,,,,,,,,,,,,,
363,1479,Capital,MISIONES,SILVICULTURA,,,,,,,,,,,,,,,,,,,285/2020,285/2020,285/2020,285/2020,285/2020,285/2020,285/2020,,,,,,,,,,,,,,,,,,,,,,,,,,
407,1526,Capital,CORRIENTES,SILVICULTURA,,,,,,,,,,,,,,,,,,,,,,,,,,,,,,,,,,,,,,,,,,,,,,,,,,,
418,1542,Capital,CÓRDOBA,SILVICULTURA,,,,,,,,,,,,,,,,,,,,,,,,,,,,,,,,,,,,,,,,,,,,,,,,,,,
82,1216,Capitán Sarmiento,BUENOS AIRES,SILVICULTURA,,,,,,,,,,,,,,,,,,,,,,,,,,,,,,,,,,,,,,,,,,,,,,,,,,,
69,1203,Carlos Casares,BUENOS AIRES,SILVICULTURA,,,,,,,,,,,,,,,,,,,,,,,,,,,,,,,,,,,,,,,,,946/2024,946/2024,946/2024,,,,,,,,
70,1204,Carlos Tejedor,BUENOS AIRES,SILVICULTURA,,,,,,,,,,,,,,,,,,,,,,,,,,,,,,,,,,,,,,,,,946/2024,946/2024,946/2024,,,,,,,,
83,1217,Carmen de Areco,BUENOS AIRES,SILVICULTURA,,,,,,,,,,,,,,,,,,,,,,,,,,,,,,,,,,,,,,,,,,,,,,,,,,,
184,1464,Caseros,SANTA FE,SILVICULTURA,,,,,,,,,,,,,,,,,,,,,,,,,,,,,,,,,,,,,,,,,,,,,,,,,,,
351,1453,Castellanos,SANTA FE,SILVICULTURA,,,,,,,,,,,,,,,,,,,,,,,,,,,,,,,,,,,,,,,,,,,,,,,,,,,
65,1199,Castelli,BUENOS AIRES,SILVICULTURA,,,,,,,,,,,,,,,,,,,,,,,,,,,,,,,,,,,,,,,,,,,,,,,,,,,
187,1472,Catriló,LA PAMPA,SILVICULTURA,,,,,,,,,,,,,,,,,,,,,,,,,,,,,,,,,,,,,,,,,,,,,,,,,,,
94,1228,Chacabuco,BUENOS AIRES,SILVICULTURA,,,,,,,,,,,,,,,,,,,,,,,,,,,,,,,,,,,,,,,,,946/2024,946/2024,946/2024,,,,,,,,
308,1280,Chacabuco,CHACO,SILVICULTURA,,,,,,,,,,,,,,,,,,,,,,,,,,,,,,,,,,,,,,,,,,,,,,,,,,,
508,1445,Chalileo,LA PAMPA,SILVICULTURA,,,,,,,,,,,,,,,,,,,,,,,,,,,,,,,,,,,,,,,,,,,,,,,,,,,
166,1433,Chapaleufú,LA PAMPA,SILVICULTURA,,,,,,,,,,,,,,,,,,,,,,,,,,,,,,,,,,,,,,,,,,,,,,,,,,,
37,1111,Chascomús,BUENOS AIRES,SILVICULTURA,,,,,,,,,,,,,,,,,,,,,,,,,,,,,,,,,,,,,,,,,946/2024,946/2024,946/2024,,,,,,,,
507,1432,Chical Co,LA PAMPA,SILVICULTURA,,,,,,,,,,,,,,,,,,,,,,,,,,,,,,,,,,,,,,,,,,,,,,,,,,,
102,1237,Chivilcoy,BUENOS AIRES,SILVICULTURA,,,,,,,,,,,,,,,,,,,,,,,,,,,,,,,,,,,,,,,,,946/2024,946/2024,946/2024,,,,,,,,
131,1266,Colón,BUENOS AIRES,SILVICULTURA,,,,,,,,,,,,,,,,,,,,,,,,,,,,,,,,,,,,,,,,,,,,,,,,,,,
381,1499,Colón,ENTRE RÍOS,SILVICULTURA,,,,,,,,,,,,,,,,,,,39/2022,39/2022,39/2022,39/2022,39/2022,39/2022,39/2022,,,,,,,,,,,,,,,,,,,,,,,,,,
419,1544,Colón,CÓRDOBA,SILVICULTURA,,,,,,,,,,,,,,,,,,,,,,,,,,,,,,,,,600/23,600/23,600/23,600/23,600/23,600/23,1523/23,1523/23,1523/23,1523/23,1523/23,1523/23,,,,,,,
324,1325,Comandante Fernández,CHACO,SILVICULTURA,,,,,,,,,,,,,,,,,,,,,,,,,,,,,,,,,,,,,,,,,,,,,,,,,,,
372,1488,Concepción,MISIONES,SILVICULTURA,,,,,,,,,,,,,,,,,,,285/2020,285/2020,285/2020,285/2020,285/2020,285/2020,285/2020,,,,,,,,,,,,,,,,,,,,,,,,,,
385,1504,Concepción,CORRIENTES,SILVICULTURA,,,,,,,,,,,,,,,,,,,,,,,,,,,,,,,,,,,,,,,,,,,,,,,,,,,
382,1501,Concordia,ENTRE RÍOS,SILVICULTURA,,,,,,,,,,,,,,,,,,,39/2022,39/2022,39/2022,39/2022,39/2022,39/2022,39/2022,,,,,,,,,,,,,,,,,,,,,,,,,,
178,1447,Conhelo,LA PAMPA,SILVICULTURA,,,,,,,,,,,,,,,,,,,,,,,,,,,,,,,,,,,,,,,,,,,,,,,,,,,
162,1425,Constitución,SANTA FE,SILVICULTURA,,,,,,,,,,,,,,,,,,,,,,,,,,,,,,,,,,,,,,,,,,,,,,,,,,,
144,1303,Coronel de Marina Leonardo Rosales,BUENOS AIRES,SILVICULTURA,,,,,,,,,,,,,,,,,,,,,,,,,,,,,,,,,,,,,,,,,946/2024,946/2024,946/2024,,,,,,,,
34,1104,Coronel Dorrego,BUENOS AIRES,SILVICULTURA,,,,,,,,,,,,,,,,,,,,,,,,,,,,,,,,,,,,,,,,,,,,,,,,,,,
30,1100,Coronel Pringles,BUENOS AIRES,SILVICULTURA,,,,,,,,,,,,,,,,,,,,,,,,,,,,,,,,,,,,,,,,,,,,,,,,,,,
14,1078,Coronel Suárez,BUENOS AIRES,SILVICULTURA,,,,,,,,,,,,,,,,,,,,,,,,,,,,,,,,,,,,,,,,,,,,,,,,,,,
409,1528,Cruz del Eje,CÓRDOBA,SILVICULTURA,,,,,,,,,,,,,,,,,,,,,,,,,,,,,,,,,,,,,,,,,,,,,,,,,,,
189,1474,Curacó,LA PAMPA,SILVICULTURA,,,,,,,,,,,,,,,,,,,,,,,,,,,,,,,,,,,,,,,,,,,,,,,,,,,
396,1515,Curuzú Cuatiá,CORRIENTES,SILVICULTURA,,,,,,,,,,,,,,,,,,,,,,,,,,,,,,,,,,,,,,,,,,,,,,,,,,,
123,1258,Daireaux,BUENOS AIRES,SILVICULTURA,,,,,,,,,,,,,,,,,,,,,,,,,,,,,,,,,,,,,,,,,,,,,,,,,,,
343,1368,Diamante,ENTRE RÍOS,SILVICULTURA,,,,,,,,,,,,,,,,,,,39/2022,39/2022,39/2022,39/2022,39/2022,39/2022,39/2022,,,,,,,,,,,,,,,,,,,,,,,,,,
121,1256,Dolores,BUENOS AIRES,SILVICULTURA,,,,,,,,,,,,,,,,,,,,,,,,,,,,,,,,,,,,,,,,,946/2024,946/2024,946/2024,,,,,,,,
378,1494,Eldorado,MISIONES,SILVICULTURA,,,,,,,,,,,,,,,,,,,285/2020,285/2020,285/2020,285/2020,285/2020,285/2020,285/2020,,,,,,,,,,,,,,,,,,,,,,,,,,
389,1508,Empedrado,CORRIENTES,SILVICULTURA,,,,,,,,,,,,,,,,,,,,,,,,,,,,,,,,,,,,,,,,,,,,,,,,,,,
127,1262,Ensenada,BUENOS AIRES,SILVICULTURA,,,,,,,,,,,,,,,,,,,,,,,,,,,,,,,,,,,,,,,,,,,,,,,,,,,
4,1067,Escobar,BUENOS AIRES,SILVICULTURA,,,,,,,,,,,,,,,,,,,,,,,,,,,,,,,,,,,,,,,,,,,,,,,,,,,
394,1513,Esquina,CORRIENTES,SILVICULTURA,,,,,,,,,,,,,,,,,,,,,,,,,,,,,,,,,,,,,,,,,,,,,,,,,,,
80,1214,Esteban Echeverría,BUENOS AIRES,SILVICULTURA,,,,,,,,,,,,,,,,,,,,,,,,,,,,,,,,,,,,,,,,,,,,,,,,,,,
85,1219,Exaltación de la Cruz,BUENOS AIRES,SILVICULTURA,,,,,,,,,,,,,,,,,,,,,,,,,,,,,,,,,,,,,,,,,,,,,,,,,,,
108,1243,Ezeiza,BUENOS AIRES,SILVICULTURA,,,,,,,,,,,,,,,,,,,,,,,,,,,,,,,,,,,,,,,,,,,,,,,,,,,
380,1496,Federación,ENTRE RÍOS,SILVICULTURA,,,,,,,,,,,,,,,,,,,39/2022,39/2022,39/2022,39/2022,39/2022,39/2022,39/2022,,,,,,,,,,,,,,,,,,,,,,,,,,
336,1361,Federal,ENTRE RÍOS,SILVICULTURA,,,,,,,,,,,,,,,,,,,39/2022,39/2022,39/2022,39/2022,39/2022,39/2022,39/2022,,,,,,,,,,,,,,,,,,,,,,,,,,
341,1366,Feliciano,ENTRE RÍOS,SILVICULTURA,,,,,,,,,,,,,,,,,,,39/2022,39/2022,39/2022,39/2022,39/2022,39/2022,39/2022,,,,,,,,,,,,,,,,,,,,,,,,,,
109,1244,Florencio Varela,BUENOS AIRES,SILVICULTURA,,,,,,,,,,,,,,,,,,,,,,,,,,,,,,,,,,,,,,,,,,,,,,,,,,,
147,1313,Florentino Ameghino,BUENOS AIRES,SILVICULTURA,,,,,,,,,,,,,,,,,,,,,,,,,,,,,,,,,,,,,,,,,,,,,,,,,,,
310,1292,Formosa,FORMOSA,SILVICULTURA,,,,,,,,,,,,,,,,,,,,,,,,,,,,,,,,,,,,,,,,,,,,,,,,,,,
290,1163,Fray Justo Santa María de Oro,CHACO,SILVICULTURA,,,,,,,,,,,,,,,,,,,,,,,,,,,,,,,,,,,,,,,,,,,,,,,,,,,
361,1476,Garay,SANTA FE,SILVICULTURA,,,,,,,,,,,,,,,,,,,,,,,,,,,,,,,,,,,,,,,,,,,,,,,,,,,
17,1081,General Alvarado,BUENOS AIRES,SILVICULTURA,,,,,,,,,,,,,,,,,,,,,,,,,,,,,,,,,,,,,,,,,,,,,,,,,,,
114,1249,General Alvear,BUENOS AIRES,SILVICULTURA,,,,,,,,,,,,,,,,,,,,,,,,,,,,,,,,,,,,,,,,,946/2024,946/2024,946/2024,,,,,,,,
400,1519,General Alvear,CORRIENTES,SILVICULTURA,,,,,,,,,,,,,,,,,,,,,,,,,,,,,,,,,,,,,,,,,,,,,,,,,,,
141,1296,General Arenales,BUENOS AIRES,SILVICULTURA,,,,,,,,,,,,,,,,,,,,,,,,,,,,,,,,,,,,,,,,,946/2024,946/2024,946/2024,,,,,,,,
75,1209,General Belgrano,BUENOS AIRES,SILVICULTURA,,,,,,,,,,,,,,,,,,,,,,,,,,,,,,,,,,,,,,,,,946/2024,946/2024,946/2024,,,,,,,,
325,1326,General Belgrano,CHACO,SILVICULTURA,,,,,,,,,,,,,,,,,,,,,,,,,,,,,,,,,,,,,,,,,,,,,,,,,,,
326,1327,General Donovan,CHACO,SILVICULTURA,,,,,,,,,,,,,,,,,,,,,,,,,,,,,,,,,,,,,,,,,,,,,,,,,,,
280,1123,General Güemes,CHACO,SILVICULTURA,,,,,,,,,,,,,,,,,,,,,,,,,,,,,,,,,,,,,,,,,,,,,,,,,,,
11,1075,General Guido,BUENOS AIRES,SILVICULTURA,,,,,,,,,,,,,,,,,,,,,,,,,,,,,,,,,,,,,,,,,,,,,,,,,,,
12,1076,General Juan Madariaga,BUENOS AIRES,SILVICULTURA,,,,,,,,,,,,,,,,,,,,,,,,,,,,,,,,,,,,,,,,,946/2024,946/2024,946/2024,,,,,,,,
116,1251,General La Madrid,BUENOS AIRES,SILVICULTURA,,,,,,,,,,,,,,,,,,,,,,,,,,,,,,,,,,,,,,,,,,,,,,,,,,,
105,1240,General Las Heras,BUENOS AIRES,SILVICULTURA,,,,,,,,,,,,,,,,,,,,,,,,,,,,,,,,,,,,,,,,,946/2024,946/2024,946/2024,,,,,,,,
22,1086,General Lavalle,BUENOS AIRES,SILVICULTURA,,,,,,,,,,,,,,,,,,,,,,,,,,,,,,,,,,,,,,,,,946/2024,946/2024,946/2024,,,,,,,,
183,1463,General López,SANTA FE,SILVICULTURA,,,,,,,,,,,,,,,,,,,,,,,,,,,,,,,,,,,,,,,,,,,,,,,,,,,
377,1493,General Manuel Belgrano,MISIONES,SILVICULTURA,,,,,,,,,,,,,,,,,,,285/2020,285/2020,285/2020,285/2020,285/2020,285/2020,285/2020,,,,,,,,,,,,,,,,,,,,,,,,,,
355,1462,General Obligado,SANTA FE,SILVICULTURA,,,,,,,,,,,,,,,,,,,,,,,,,,,,,,,,,,,,,,,,,,,,,,,,,,,
10,1074,General Paz,BUENOS AIRES,SILVICULTURA,,,,,,,,,,,,,,,,,,,,,,,,,,,,,,,,,,,,,,,,,,,,,,,,,,,
388,1507,General Paz,CORRIENTES,SILVICULTURA,,,,,,,,,,,,,,,,,,,,,,,,,,,,,,,,,,,,,,,,,,,,,,,,,,,
31,1101,General Pinto,BUENOS AIRES,SILVICULTURA,,,,,,,,,,,,,,,,,,,,,,,,,,,,,,,,,,,,,,,,,,,,,,,,,,,
18,1082,General Pueyrredón,BUENOS AIRES,SILVICULTURA,,,,,,,,,,,,,,,,,,,,,,,,,,,,,,,,,,,,,,,,,,,,,,,,,,,
198,1539,General Roca,CÓRDOBA,SILVICULTURA,,,,,,,,,,,,,,,,,,,,,,,,,,,,,,,,,600/23,600/23,600/23,600/23,600/23,600/23,1523/23,1523/23,1523/23,1523/23,1523/23,1523/23,,,,,,,
99,1233,General Rodríguez,BUENOS AIRES,SILVICULTURA,,,,,,,,,,,,,,,,,,,,,,,,,,,,,,,,,,,,,,,,,,,,,,,,,,,
96,1230,General San Martín,BUENOS AIRES,SILVICULTURA,,,,,,,,,,,,,,,,,,,,,,,,,,,,,,,,,,,,,,,,,,,,,,,,,,,
200,1547,General San Martín,CÓRDOBA,SILVICULTURA,,,,,,,,,,,,,,,,,,,,,,,,,,,,,,,,,600/23,600/23,600/23,600/23,600/23,600/23,1523/23,1523/23,1523/23,1523/23,1523/23,1523/23,,,,,,,
107,1242,General Viamonte,BUENOS AIRES,SILVICULTURA,,,,,,,,,,,,,,,,,,,,,,,,,,,,,,,,,,,,,,,,,946/2024,946/2024,946/2024,,,,,,,,
48,1134,General Villegas,BUENOS AIRES,SILVICULTURA,,,,,,,,,,,,,,,,,,,,,,,,,,,,,,,,,,,,,,,,,946/2024,946/2024,946/2024,,,,,,,,
393,1512,Goya,CORRIENTES,SILVICULTURA,,,,,,,,,,,,,,,,,,,,,,,,,,,,,,,,,,,,,,,,,,,,,,,,,,,
155,1370,Gualeguay,ENTRE RÍOS,SILVICULTURA,,,,,,,,,,,,,,,,,,,39/2022,39/2022,39/2022,39/2022,39/2022,39/2022,39/2022,,,,,,,,,,,,,,,,,,,,,,,,,,
193,1500,Gualeguaychú,ENTRE RÍOS,SILVICULTURA,,,,,,,,,,,,,,,,,,,39/2022,39/2022,39/2022,39/2022,39/2022,39/2022,39/2022,,,,,,,,,,,,,,,,,,,,,,,,,,
126,1261,Guaminí,BUENOS AIRES,SILVICULTURA,,,,,,,,,,,,,,,,,,,,,,,,,,,,,,,,,,,,,,,,,946/2024,946/2024,946/2024,,,,,,,,
374,1490,Guaraní,MISIONES,SILVICULTURA,,,,,,,,,,,,,,,,,,,285/2020,285/2020,285/2020,285/2020,285/2020,285/2020,285/2020,,,,,,,,,,,,,,,,,,,,,,,,,,
171,1438,Guatraché,LA PAMPA,SILVICULTURA,,,,,,,,,,,,,,,,,,,,,,,,,,,,,,,,,,,,,,,,,,,,,,,,,,,
120,1255,Hipólito Yrigoyen,BUENOS AIRES,SILVICULTURA,,,,,,,,,,,,,,,,,,,,,,,,,,,,,,,,,,,,,,,,,,,,,,,,,,,
169,1436,Hucal,LA PAMPA,SILVICULTURA,,,,,,,,,,,,,,,,,,,,,,,,,,,,,,,,,,,,,,,,,,,,,,,,,,,
92,1226,Hurlingham,BUENOS AIRES,SILVICULTURA,,,,,,,,,,,,,,,,,,,,,,,,,,,,,,,,,,,,,,,,,,,,,,,,,,,
376,1492,Iguazú,MISIONES,SILVICULTURA,,,,,,,,,,,,,,,,,,,285/2020,285/2020,285/2020,285/2020,285/2020,285/2020,285/2020,,,,,,,,,,,,,,,,,,,,,,,,,,
288,1161,Independencia,CHACO,SILVICULTURA,,,,,,,,,,,,,,,,,,,,,,,,,,,,,,,,,,,,,,,,,,,,,,,,,,,
164,1427,Iriondo,SANTA FE,SILVICULTURA,,,,,,,,,,,,,,,,,,,,,,,,,,,,,,,,,,,,,,,,,,,,,,,,,,,
420,1545,Ischilín,CÓRDOBA,SILVICULTURA,,,,,,,,,,,,,,,,,,,,,,,,,,,,,,,,,600/23,600/23,600/23,600/23,600/23,600/23,1523/23,1523/23,1523/23,1523/23,1523/23,1523/23,,,,,,,
191,1497,Islas del Ibicuy,ENTRE RÍOS,SILVICULTURA,,,,,,,,,,,,,,,,,,,39/2022,39/2022,39/2022,39/2022,39/2022,39/2022,39/2022,,,,,,,,,,,,,,,,,,,,,,,,,,
405,1524,Itatí,CORRIENTES,SILVICULTURA,,,,,,,,,,,,,,,,,,,,,,,,,,,,,,,,,,,,,,,,,,,,,,,,,,,
98,1232,Ituzaingó,BUENOS AIRES,SILVICULTURA,,,,,,,,,,,,,,,,,,,,,,,,,,,,,,,,,,,,,,,,,,,,,,,,,,,
403,1522,Ituzaingó,CORRIENTES,SILVICULTURA,,,,,,,,,,,,,,,,,,,,,,,,,,,,,,,,,,,,,,,,,,,,,,,,,,,
5,1068,José C. Paz,BUENOS AIRES,SILVICULTURA,,,,,,,,,,,,,,,,,,,,,,,,,,,,,,,,,,,,,,,,,,,,,,,,,,,
199,1543,Juárez Celman,CÓRDOBA,SILVICULTURA,,,,,,,,,,,,,,,,,,,,,,,,,,,,,,,,,600/23,600/23,600/23,600/23,600/23,600/23,1523/23,1523/23,1523/23,1523/23,1523/23,1523/23,,,,,,,
88,1222,Junín,BUENOS AIRES,SILVICULTURA,,,,,,,,,,,,,,,,,,,,,,,,,,,,,,,,,,,,,,,,,946/2024,946/2024,946/2024,,,,,,,,
359,1469,La Capital,SANTA FE,SILVICULTURA,,,,,,,,,,,,,,,,,,,,,,,,,,,,,,,,,,,,,,,,,,,,,,,,,,,
23,1087,La Costa,BUENOS AIRES,SILVICULTURA,,,,,,,,,,,,,,,,,,,,,,,,,,,,,,,,,,,,,,,,,,,,,,,,,,,
9,1073,La Matanza,BUENOS AIRES,SILVICULTURA,,,,,,,,,,,,,,,,,,,,,,,,,,,,,,,,,,,,,,,,,,,,,,,,,,,
340,1365,La Paz,ENTRE RÍOS,SILVICULTURA,,,,,,,,,,,,,,,,,,,39/2022,39/2022,39/2022,39/2022,39/2022,39/2022,39/2022,,,,,,,,,,,,,,,,,,,,,,,,,,
152,1329,La Plata,BUENOS AIRES,SILVICULTURA,,,,,,,,,,,,,,,,,,,,,,,,,,,,,,,,,,,,,,,,,,,,,,,,,,,
278,1121,Laishi,FORMOSA,SILVICULTURA,,,,,,,,,,,,,,,,,,,,,,,,,,,,,,,,,,,,,,,,,,,,,,,,,,,
148,1320,Lanús,BUENOS AIRES,SILVICULTURA,,,,,,,,,,,,,,,,,,,,,,,,,,,,,,,,,,,,,,,,,,,,,,,,,,,
128,1263,Laprida,BUENOS AIRES,SILVICULTURA,,,,,,,,,,,,,,,,,,,,,,,,,,,,,,,,,,,,,,,,,,,,,,,,,,,
349,1428,Las Colonias,SANTA FE,SILVICULTURA,,,,,,,,,,,,,,,,,,,,,,,,,,,,,,,,,,,,,,,,,,,,,,,,,,,
2,1065,Las Flores,BUENOS AIRES,SILVICULTURA,,,,,,,,,,,,,,,,,,,,,,,,,,,,,,,,,,,,,,,,,,,,,,,,,,,
392,1511,Lavalle,CORRIENTES,SILVICULTURA,,,,,,,,,,,,,,,,,,,,,,,,,,,,,,,,,,,,,,,,,,,,,,,,,,,
140,1294,Leandro N. Alem,BUENOS AIRES,SILVICULTURA,,,,,,,,,,,,,,,,,,,,,,,,,,,,,,,,,,,,,,,,,,,,,,,,,,,
370,1486,Leandro N. Alem,MISIONES,SILVICULTURA,,,,,,,,,,,,,,,,,,,285/2020,285/2020,285/2020,285/2020,285/2020,285/2020,285/2020,,,,,,,,,,,,,,,,,,,,,,,,,,
36,1110,Lezama,BUENOS AIRES,SILVICULTURA,,,,,,,,,,,,,,,,,,,,,,,,,,,,,,,,,,,,,,,,,,,,,,,,,,,
323,1324,Libertad,CHACO,SILVICULTURA,,,,,,,,,,,,,,,,,,,,,,,,,,,,,,,,,,,,,,,,,,,,,,,,,,,
312,1295,Libertador General San Martín,CHACO,SILVICULTURA,,,,,,,,,,,,,,,,,,,,,,,,,,,,,,,,,,,,,,,,,,,,,,,,,,,
379,1495,Libertador General San Martín,MISIONES,SILVICULTURA,,,,,,,,,,,,,,,,,,,285/2020,285/2020,285/2020,285/2020,285/2020,285/2020,285/2020,,,,,,,,,,,,,,,,,,,,,,,,,,
168,1435,Lihuel Calel,LA PAMPA,SILVICULTURA,,,,,,,,,,,,,,,,,,,,,,,,,,,,,,,,,,,,,,,,,,,,,,,,,,,
170,1437,Limay Mahuida,LA PAMPA,SILVICULTURA,,,,,,,,,,,,,,,,,,,,,,,,,,,,,,,,,,,,,,,,,,,,,,,,,,,
97,1231,Lincoln,BUENOS AIRES,SILVICULTURA,,,,,,,,,,,,,,,,,,,,,,,,,,,,,,,,,,,,,,,,,946/2024,946/2024,946/2024,,,,,,,,
134,1270,Lobería,BUENOS AIRES,SILVICULTURA,,,,,,,,,,,,,,,,,,,,,,,,,,,,,,,,,,,,,,,,,,,,,,,,,,,
113,1248,Lobos,BUENOS AIRES,SILVICULTURA,,,,,,,,,,,,,,,,,,,,,,,,,,,,,,,,,,,,,,,,,946/2024,946/2024,946/2024,,,,,,,,
149,1321,Lomas de Zamora,BUENOS AIRES,SILVICULTURA,,,,,,,,,,,,,,,,,,,,,,,,,,,,,,,,,,,,,,,,,,,,,,,,,,,
179,1448,Loventué,LA PAMPA,SILVICULTURA,,,,,,,,,,,,,,,,,,,,,,,,,,,,,,,,,,,,,,,,,,,,,,,,,,,
91,1225,Luján,BUENOS AIRES,SILVICULTURA,,,,,,,,,,,,,,,,,,,,,,,,,,,,,,,,,,,,,,,,,946/2024,946/2024,946/2024,,,,,,,,
24,1088,Magdalena,BUENOS AIRES,SILVICULTURA,,,,,,,,,,,,,,,,,,,,,,,,,,,,,,,,,,,,,,,,,946/2024,946/2024,946/2024,,,,,,,,
7,1070,Maipú,BUENOS AIRES,SILVICULTURA,,,,,,,,,,,,,,,,,,,,,,,,,,,,,,,,,,,,,,,,,946/2024,946/2024,946/2024,,,,,,,,
297,1183,Maipú,CHACO,SILVICULTURA,,,,,,,,,,,,,,,,,,,,,,,,,,,,,,,,,,,,,,,,,,,,,,,,,,,
95,1229,Malvinas Argentinas,BUENOS AIRES,SILVICULTURA,,,,,,,,,,,,,,,,,,,,,,,,,,,,,,,,,,,,,,,,,,,,,,,,,,,
19,1083,Mar Chiquita,BUENOS AIRES,SILVICULTURA,,,,,,,,,,,,,,,,,,,,,,,,,,,,,,,,,,,,,,,,,,,,,,,,,,,
172,1439,Maracó,LA PAMPA,SILVICULTURA,,,,,,,,,,,,,,,,,,,,,,,,,,,,,,,,,,,,,,,,,,,,,,,,,,,
201,1550,Marcos Juárez,CÓRDOBA,SILVICULTURA,,,,,,,,,,,,,,,,,,,,,,,,,,,,,,,290/2023,290/2023,290/2023,290/2023,290/2023,290/2023,1523/2023,1523/2023,1523/23,1523/23,1523/23,1523/23,1523/23,1523/23,,,,,,,
106,1241,Marcos Paz,BUENOS AIRES,SILVICULTURA,,,,,,,,,,,,,,,,,,,,,,,,,,,,,,,,,,,,,,,,,,,,,,,,,,,
456,1152,Matacos,FORMOSA,SILVICULTURA,,,,,,,,,,,,,,,,,,,,,,,,,,,,,,,,,,,,,,,,,,,,,,,,,,,
289,1162,Mayor Luis J. Fontana,CHACO,SILVICULTURA,,,,,,,,,,,,,,,,,,,,,,,,,,,,,,,,,,,,,,,,,,,,,,,,,,,
384,1503,Mburucuyá,CORRIENTES,SILVICULTURA,,,,,,,,,,,,,,,,,,,,,,,,,,,,,,,,,,,,,,,,,,,,,,,,,,,
89,1223,Mercedes,BUENOS AIRES,SILVICULTURA,,,,,,,,,,,,,,,,,,,,,,,,,,,,,,,,,,,,,,,,,,,,,,,,,,,
386,1505,Mercedes,CORRIENTES,SILVICULTURA,,,,,,,,,,,,,,,,,,,,,,,,,,,,,,,,,,,,,,,,,,,,,,,,,,,
79,1213,Merlo,BUENOS AIRES,SILVICULTURA,,,,,,,,,,,,,,,,,,,,,,,,,,,,,,,,,,,,,,,,,,,,,,,,,,,
412,1531,Minas,CÓRDOBA,SILVICULTURA,,,,,,,,,,,,,,,,,,,,,,,,,,,,,,,,,,,,,,,,,,,,,,,,,,,
76,1210,Monte,BUENOS AIRES,SILVICULTURA,,,,,,,,,,,,,,,,,,,,,,,,,,,,,,,,,,,,,,,,,946/2024,946/2024,946/2024,,,,,,,,
397,1516,Monte Caseros,CORRIENTES,SILVICULTURA,,,,,,,,,,,,,,,,,,,,,,,,,,,,,,,,,,,,,,,,,,,,,,,,,,,
133,1269,Monte Hermoso,BUENOS AIRES,SILVICULTURA,,,,,,,,,,,,,,,,,,,,,,,,,,,,,,,,,,,,,,,,,,,,,,,,,,,
366,1482,Montecarlo,MISIONES,SILVICULTURA,,,,,,,,,,,,,,,,,,,285/2020,285/2020,285/2020,285/2020,285/2020,285/2020,285/2020,,,,,,,,,,,,,,,,,,,,,,,,,,
8,1072,Moreno,BUENOS AIRES,SILVICULTURA,,,,,,,,,,,,,,,,,,,,,,,,,,,,,,,,,,,,,,,,,,,,,,,,,,,
93,1227,Morón,BUENOS AIRES,SILVICULTURA,,,,,,,,,,,,,,,,,,,,,,,,,,,,,,,,,,,,,,,,,,,,,,,,,,,
110,1245,Navarro,BUENOS AIRES,SILVICULTURA,,,,,,,,,,,,,,,,,,,,,,,,,,,,,,,,,,,,,,,,,946/2024,946/2024,946/2024,,,,,,,,
35,1105,Necochea,BUENOS AIRES,SILVICULTURA,,,,,,,,,,,,,,,,,,,,,,,,,,,,,,,,,,,,,,,,,,,,,,,,,,,
338,1363,Nogoyá,ENTRE RÍOS,SILVICULTURA,,,,,,,,,,,,,,,,,,,39/2022,39/2022,39/2022,39/2022,39/2022,39/2022,39/2022,,,,,,,,,,,,,,,,,,,,,,,,,,
269,1071,O'Higgins,CHACO,SILVICULTURA,,,,,,,,,,,,,,,,,,,,,,,,,,,,,,,,,,,,,,,,,,,,,,,,,,,
368,1484,Oberá,MISIONES,SILVICULTURA,,,,,,,,,,,,,,,,,,,285/2020,285/2020,285/2020,285/2020,285/2020,285/2020,285/2020,,,,,,,,,,,,,,,,,,,,,,,,,,
78,1212,Olavarría,BUENOS AIRES,SILVICULTURA,,,,,,,,,,,,,,,,,,,,,,,,,,,,,,,,,,,,,,,,,,,,,,,,,,,
342,1367,Paraná,ENTRE RÍOS,SILVICULTURA,,,,,,,,,,,,,,,,,,,39/2022,39/2022,39/2022,39/2022,39/2022,39/2022,39/2022,,,,,,,,,,,,,,,,,,,,,,,,,,
398,1517,Paso de los Libres,CORRIENTES,SILVICULTURA,,,,,,,,,,,,,,,,,,,,,,,,,,,,,,,,,,,,,,,,,,,,,,,,,,,
142,1298,Patagones,BUENOS AIRES,SILVICULTURA,,,,,,,,,,,,,,,,,,,,,,,,,,,,,,,,,,,,,,,,,946/2024,946/2024,946/2024,,,,,,,,
282,1149,Patiño,FORMOSA,SILVICULTURA,,,,,,,,,,,,,,,,,,,,,,,,,,,,,,,,,,,,,,,,,,,,,,,,,,,
73,1207,Pehuajó,BUENOS AIRES,SILVICULTURA,,,,,,,,,,,,,,,,,,,,,,,,,,,,,,,,,,,,,,,,,,,,,,,,,,,
45,1131,Pellegrini,BUENOS AIRES,SILVICULTURA,,,,,,,,,,,,,,,,,,,,,,,,,,,,,,,,,,,,,,,,,,,,,,,,,,,
56,1159,Pergamino,BUENOS AIRES,SILVICULTURA,,,,,,,,,,,,,,,,,,,,,,,,,,,,,,,,,,,,,,,,,946/2024,946/2024,946/2024,,,,,,,,
153,1346,Pila,BUENOS AIRES,SILVICULTURA,,,,,,,,,,,,,,,,,,,,,,,,,,,,,,,,,,,,,,,,,946/2024,946/2024,946/2024,,,,,,,,
277,1120,Pilagás,FORMOSA,SILVICULTURA,,,,,,,,,,,,,,,,,,,,,,,,,,,,,,,,,,,,,,,,,,,,,,,,,,,
90,1224,Pilar,BUENOS AIRES,SILVICULTURA,,,,,,,,,,,,,,,,,,,,,,,,,,,,,,,,,,,,,,,,,,,,,,,,,,,
311,1293,Pilcomayo,FORMOSA,SILVICULTURA,,,,,,,,,,,,,,,,,,,,,,,,,,,,,,,,,,,,,,,,,,,,,,,,,,,
21,1085,Pinamar,BUENOS AIRES,SILVICULTURA,,,,,,,,,,,,,,,,,,,,,,,,,,,,,,,,,,,,,,,,,,,,,,,,,,,
279,1122,Pirané,FORMOSA,SILVICULTURA,,,,,,,,,,,,,,,,,,,,,,,,,,,,,,,,,,,,,,,,,,,,,,,,,,,
425,1552,Pocho,CÓRDOBA,SILVICULTURA,,,,,,,,,,,,,,,,,,,,,,,,,,,,,,,,,600/23,600/23,600/23,600/23,600/23,600/23,1523/23,1523/23,1523/23,1523/23,1523/23,1523/23,,,,,,,
286,1158,Presidencia de la Plaza,CHACO,SILVICULTURA,,,,,,,,,,,,,,,,,,,,,,,,,,,,,,,,,,,,,,,,,,,,,,,,,,,
67,1201,Presidente Perón,BUENOS AIRES,SILVICULTURA,,,,,,,,,,,,,,,,,,,,,,,,,,,,,,,,,,,,,,,,,,,,,,,,,,,
197,1538,Presidente Roque Sáenz Peña,CÓRDOBA,SILVICULTURA,,,,,,,,,,,,,,,,,,,,,,,,,,,,,,,,,600/23,600/23,600/23,600/23,600/23,600/23,1523/23,1523/23,1523/23,1523/23,1523/23,1523/23,,,,,,,
46,1132,Puán,BUENOS AIRES,SILVICULTURA,,,,,,,,,,,,,,,,,,,,,,,,,,,,,,,,,,,,,,,,,946/2024,946/2024,946/2024,,,,,,,,
509,1446,Puelén,LA PAMPA,SILVICULTURA,,,,,,,,,,,,,,,,,,,,,,,,,,,,,,,,,,,,,,,,,,,,,,,,,,,
410,1529,Punilla,CÓRDOBA,SILVICULTURA,,,,,,,,,,,,,,,,,,,,,,,,,,,,,,,,,600/23,600/23,600/23,600/23,600/23,600/23,1523/23,1523/23,1523/23,1523/23,1523/23,1523/23,,,,,,,
38,1112,Punta Indio,BUENOS AIRES,SILVICULTURA,,,,,,,,,,,,,,,,,,,,,,,,,,,,,,,,,,,,,,,,,,,,,,,,,,,
188,1473,Quemú Quemú,LA PAMPA,SILVICULTURA,,,,,,,,,,,,,,,,,,,,,,,,,,,,,,,,,,,,,,,,,,,,,,,,,,,
115,1250,Quilmes,BUENOS AIRES,SILVICULTURA,,,,,,,,,,,,,,,,,,,,,,,,,,,,,,,,,,,,,,,,,,,,,,,,,,,
285,1157,Quitilipi,CHACO,SILVICULTURA,,,,,,,,,,,,,,,,,,,,,,,,,,,,,,,,,,,,,,,,,,,,,,,,,,,
138,1274,Ramallo,BUENOS AIRES,SILVICULTURA,,,,,,,,,,,,,,,,,,,,,,,,,,,,,,,,,,,,,,,,,946/2024,946/2024,946/2024,,,,,,,,
479,1312,Ramón Lista,FORMOSA,SILVICULTURA,,,,,,,,,,,,,,,,,,,,,,,,,,,,,,,,,,,,,,,,,,,,,,,,,,,
167,1434,Rancul,LA PAMPA,SILVICULTURA,,,,,,,,,,,,,,,,,,,,,,,,,,,,,,,,,,,,,,,,,,,,,,,,,,,
26,1096,Rauch,BUENOS AIRES,SILVICULTURA,,,,,,,,,,,,,,,,,,,,,,,,,,,,,,,,,,,,,,,,,946/2024,946/2024,946/2024,,,,,,,,
173,1440,Realicó,LA PAMPA,SILVICULTURA,,,,,,,,,,,,,,,,,,,,,,,,,,,,,,,,,,,,,,,,,,,,,,,,,,,
196,1537,Río Cuarto,CÓRDOBA,SILVICULTURA,,,,,,,,,,,,,,,,,,,,,,,,,,,,,,,,,600/23,600/23,600/23,600/23,600/23,600/23,1523/23,1523/23,1523/23,1523/23,1523/23,1523/23,,,,,,,
423,1549,Río Primero,CÓRDOBA,SILVICULTURA,,,,,,,,,,,,,,,,,,,,,,,,,,,,,,,,,600/23,600/23,600/23,600/23,600/23,600/23,1523/23,1523/23,1523/23,1523/23,1523/23,1523/23,,,,,,,
416,1540,Río Seco,CÓRDOBA,SILVICULTURA,,,,,,,,,,,,,,,,,,,,,,,,,,,,,,,,,600/23,600/23,600/23,600/23,600/23,600/23,1523/23,1523/23,1523/23,1523/23,1523/23,1523/23,,,,,,,
414,1533,Río Segundo,CÓRDOBA,SILVICULTURA,,,,,,,,,,,,,,,,,,,,,,,,,,,,,,,,,600/23,600/23,600/23,600/23,600/23,600/23,1523/23,1523/23,1523/23,1523/23,1523/23,1523/23,,,,,,,
182,1456,Rivadavia,BUENOS AIRES,SILVICULTURA,,,,,,,,,,,,,,,,,,,,,,,,,,,,,,,,,,,,,,,,,946/2024,946/2024,946/2024,,,,,,,,
3,1066,Rojas,BUENOS AIRES,SILVICULTURA,,,,,,,,,,,,,,,,,,,,,,,,,,,,,,,,,,,,,,,,,946/2024,946/2024,946/2024,,,,,,,,
77,1211,Roque Pérez,BUENOS AIRES,SILVICULTURA,,,,,,,,,,,,,,,,,,,,,,,,,,,,,,,,,,,,,,,,,,,,,,,,,,,
163,1426,Rosario,SANTA FE,SILVICULTURA,,,,,,,,,,,,,,,,,,,,,,,,,,,,,,,,,,,,,,,,,,,,,,,,,,,
132,1268,Saavedra,BUENOS AIRES,SILVICULTURA,,,,,,,,,,,,,,,,,,,,,,,,,,,,,,,,,,,,,,,,,946/2024,946/2024,946/2024,,,,,,,,
390,1509,Saladas,CORRIENTES,SILVICULTURA,,,,,,,,,,,,,,,,,,,,,,,,,,,,,,,,,,,,,,,,,,,,,,,,,,,
1,1064,Saladillo,BUENOS AIRES,SILVICULTURA,,,,,,,,,,,,,,,,,,,,,,,,,,,,,,,,,,,,,,,,,946/2024,946/2024,946/2024,,,,,,,,
27,1097,Salliqueló,BUENOS AIRES,SILVICULTURA,,,,,,,,,,,,,,,,,,,,,,,,,,,,,,,,,,,,,,,,,,,,,,,,,,,
84,1218,Salto,BUENOS AIRES,SILVICULTURA,,,,,,,,,,,,,,,,,,,,,,,,,,,,,,,,,,,,,,,,,,,,,,,,,,,
413,1532,San Alberto,CÓRDOBA,SILVICULTURA,,,,,,,,,,,,,,,,,,,,,,,,,,,,,,,,,600/23,600/23,600/23,600/23,600/23,600/23,1523/23,1523/23,1523/23,1523/23,1523/23,1523/23,,,,,,,
87,1221,San Andrés de Giles,BUENOS AIRES,SILVICULTURA,,,,,,,,,,,,,,,,,,,,,,,,,,,,,,,,,,,,,,,,,946/2024,946/2024,946/2024,,,,,,,,
6,1069,San Antonio de Areco,BUENOS AIRES,SILVICULTURA,,,,,,,,,,,,,,,,,,,,,,,,,,,,,,,,,,,,,,,,,946/2024,946/2024,946/2024,,,,,,,,
32,1102,San Cayetano,BUENOS AIRES,SILVICULTURA,,,,,,,,,,,,,,,,,,,,,,,,,,,,,,,,,,,,,,,,,,,,,,,,,,,
406,1525,San Cosme,CORRIENTES,SILVICULTURA,,,,,,,,,,,,,,,,,,,,,,,,,,,,,,,,,,,,,,,,,,,,,,,,,,,
358,1468,San Cristóbal,SANTA FE,SILVICULTURA,,,,,,,,,,,,,,,,,,,,,,,,,,,,,,,,,,,,,,,,,,,,,,,,,,,
180,1450,San Fernando,BUENOS AIRES,SILVICULTURA,,,,,,,,,,,,,,,,,,,,,,,,,,,,,,,,,,,,,,,,,,,,,,,,,,,
319,1317,San Fernando,CHACO,SILVICULTURA,,,,,,,,,,,,,,,,,,,,,,,,,,,,,,,,,,,,,,,,,,,,,,,,,,,
364,1480,San Ignacio,MISIONES,SILVICULTURA,,,,,,,,,,,,,,,,,,,285/2020,285/2020,285/2020,285/2020,285/2020,285/2020,285/2020,,,,,,,,,,,,,,,,,,,,,,,,,,
129,1264,San Isidro,BUENOS AIRES,SILVICULTURA,,,,,,,,,,,,,,,,,,,,,,,,,,,,,,,,,,,,,,,,,,,,,,,,,,,
360,1470,San Javier,SANTA FE,SILVICULTURA,,,,,,,,,,,,,,,,,,,,,,,,,,,,,,,,,,,,,,,,,,,,,,,,,,,
371,1487,San Javier,MISIONES,SILVICULTURA,,,,,,,,,,,,,,,,,,,285/2020,285/2020,285/2020,285/2020,285/2020,285/2020,285/2020,,,,,,,,,,,,,,,,,,,,,,,,,,
422,1548,San Javier,CÓRDOBA,SILVICULTURA,,,,,,,,,,,,,,,,,,,,,,,,,,,,,,,,,,,,,,,,,,,,,,,,,,,
362,1478,San Jerónimo,SANTA FE,SILVICULTURA,,,,,,,,,,,,,,,,,,,,,,,,,,,,,,,,,,,,,,,,,,,,,,,,,,,
350,1429,San Justo,SANTA FE,SILVICULTURA,,,,,,,,,,,,,,,,,,,,,,,,,,,,,,,,,,,,,,,,,,,,,,,,,,,
415,1534,San Justo,CÓRDOBA,SILVICULTURA,,,,,,,,,,,,,,,,,,,,,,,,,,,,,,,290/2023,290/2023,290/2023,290/2023,290/2023,290/2023,1523/2023,1523/2023,1523/23,1523/23,1523/23,1523/23,1523/23,1523/23,,,,,,,
185,1465,San Lorenzo,SANTA FE,SILVICULTURA,,,,,,,,,,,,,,,,,,,,,,,,,,,,,,,,,,,,,,,,,,,,,,,,,,,
320,1318,San Lorenzo,CHACO,SILVICULTURA,,,,,,,,,,,,,,,,,,,,,,,,,,,,,,,,,,,,,,,,,,,,,,,,,,,
383,1502,San Luis del Palmar,CORRIENTES,SILVICULTURA,,,,,,,,,,,,,,,,,,,,,,,,,,,,,,,,,,,,,,,,,,,,,,,,,,,
352,1454,San Martín,SANTA FE,SILVICULTURA,,,,,,,,,,,,,,,,,,,,,,,,,,,,,,,,,,,,,,,,,,,,,,,,,,,
399,1518,San Martín,CORRIENTES,SILVICULTURA,,,,,,,,,,,,,,,,,,,,,,,,,,,,,,,,,,,,,,,,,,,,,,,,,,,
86,1220,San Miguel,BUENOS AIRES,SILVICULTURA,,,,,,,,,,,,,,,,,,,,,,,,,,,,,,,,,,,,,,,,,,,,,,,,,,,
402,1521,San Miguel,CORRIENTES,SILVICULTURA,,,,,,,,,,,,,,,,,,,,,,,,,,,,,,,,,,,,,,,,,,,,,,,,,,,
139,1275,San Nicolás,BUENOS AIRES,SILVICULTURA,,,,,,,,,,,,,,,,,,,,,,,,,,,,,,,,,,,,,,,,,,,,,,,,,,,
146,1305,San Pedro,BUENOS AIRES,SILVICULTURA,,,,,,,,,,,,,,,,,,,,,,,,,,,,,,,,,,,,,,,,,,,,,,,,,,,
375,1491,San Pedro,MISIONES,SILVICULTURA,,,,,,,,,,,,,,,,,,,285/2020,285/2020,285/2020,285/2020,285/2020,285/2020,285/2020,,,,,,,,,,,,,,,,,,,,,,,,,,
387,1506,San Roque,CORRIENTES,SILVICULTURA,,,,,,,,,,,,,,,,,,,,,,,,,,,,,,,,,,,,,,,,,,,,,,,,,,,
337,1362,San Salvador,ENTRE RÍOS,SILVICULTURA,,,,,,,,,,,,,,,,,,,39/2022,39/2022,39/2022,39/2022,39/2022,39/2022,39/2022,,,,,,,,,,,,,,,,,,,,,,,,,,
112,1247,San Vicente,BUENOS AIRES,SILVICULTURA,,,,,,,,,,,,,,,,,,,,,,,,,,,,,,,,,,,,,,,,,,,,,,,,,,,
411,1530,Santa María,CÓRDOBA,SILVICULTURA,,,,,,,,,,,,,,,,,,,,,,,,,,,,,,,,,600/23,600/23,600/23,600/23,600/23,600/23,1523/23,1523/23,1523/23,1523/23,1523/23,1523/23,,,,,,,
401,1520,Santo Tomé,CORRIENTES,SILVICULTURA,,,,,,,,,,,,,,,,,,,,,,,,,,,,,,,,,,,,,,,,,,,,,,,,,,,
287,1160,Sargento Cabral,CHACO,SILVICULTURA,,,,,,,,,,,,,,,,,,,,,,,,,,,,,,,,,,,,,,,,,,,,,,,,,,,
395,1514,Sauce,CORRIENTES,SILVICULTURA,,,,,,,,,,,,,,,,,,,,,,,,,,,,,,,,,,,,,,,,,,,,,,,,,,,
417,1541,Sobremonte,CÓRDOBA,SILVICULTURA,,,,,,,,,,,,,,,,,,,,,,,,,,,,,,,,,600/23,600/23,600/23,600/23,600/23,600/23,1523/23,1523/23,1523/23,1523/23,1523/23,1523/23,,,,,,,
100,1234,Suipacha,BUENOS AIRES,SILVICULTURA,,,,,,,,,,,,,,,,,,,,,,,,,,,,,,,,,,,,,,,,,946/2024,946/2024,946/2024,,,,,,,,
339,1364,Tala,ENTRE RÍOS,SILVICULTURA,,,,,,,,,,,,,,,,,,,39/2022,39/2022,39/2022,39/2022,39/2022,39/2022,39/2022,,,,,,,,,,,,,,,,,,,,,,,,,,
13,1077,Tandil,BUENOS AIRES,SILVICULTURA,,,,,,,,,,,,,,,,,,,,,,,,,,,,,,,,,,,,,,,,,,,,,,,,,,,
119,1254,Tapalqué,BUENOS AIRES,SILVICULTURA,,,,,,,,,,,,,,,,,,,,,,,,,,,,,,,,,,,,,,,,,,,,,,,,,,,
284,1156,Tapenagá,CHACO,SILVICULTURA,,,,,,,,,,,,,,,,,,,,,,,,,,,,,,,,,,,,,,,,,,,,,,,,,,,
195,1536,Tercero Arriba,CÓRDOBA,SILVICULTURA,,,,,,,,,,,,,,,,,,,,,,,,,,,,,,,,,600/23,600/23,600/23,600/23,600/23,600/23,1523/23,1523/23,1523/23,1523/23,1523/23,1523/23,,,,,,,
181,1451,Tigre,BUENOS AIRES,SILVICULTURA,,,,,,,,,,,,,,,,,,,,,,,,,,,,,,,,,,,,,,,,,,,,,,,,,,,
175,1442,Toay,LA PAMPA,SILVICULTURA,,,,,,,,,,,,,,,,,,,,,,,,,,,,,,,,,,,,,,,,,,,,,,,,,,,
136,1272,Tordillo,BUENOS AIRES,SILVICULTURA,,,,,,,,,,,,,,,,,,,,,,,,,,,,,,,,,,,,,,,,,946/2024,946/2024,946/2024,,,,,,,,
29,1099,Tornquist,BUENOS AIRES,SILVICULTURA,,,,,,,,,,,,,,,,,,,,,,,,,,,,,,,,,,,,,,,,,946/2024,946/2024,946/2024,,,,,,,,
421,1546,Totoral,CÓRDOBA,SILVICULTURA,,,,,,,,,,,,,,,,,,,,,,,,,,,,,,,,,600/23,600/23,600/23,600/23,600/23,600/23,1523/23,1523/23,1523/23,1523/23,1523/23,1523/23,,,,,,,
177,1444,Trenel,LA PAMPA,SILVICULTURA,,,,,,,,,,,,,,,,,,,,,,,,,,,,,,,,,,,,,,,,,,,,,,,,,,,
74,1208,Trenque Lauquen,BUENOS AIRES,SILVICULTURA,,,,,,,,,,,,,,,,,,,,,,,,,,,,,,,,,,,,,,,,,946/2024,946/2024,946/2024,,,,,,,,
33,1103,Tres Arroyos,BUENOS AIRES,SILVICULTURA,,,,,,,,,,,,,,,,,,,,,,,,,,,,,,,,,,,,,,,,,946/2024,946/2024,946/2024,,,,,,,,
101,1235,Tres de Febrero,BUENOS AIRES,SILVICULTURA,,,,,,,,,,,,,,,,,,,,,,,,,,,,,,,,,,,,,,,,,,,,,,,,,,,
124,1259,Tres Lomas,BUENOS AIRES,SILVICULTURA,,,,,,,,,,,,,,,,,,,,,,,,,,,,,,,,,,,,,,,,,,,,,,,,,,,
408,1527,Tulumba,CÓRDOBA,SILVICULTURA,,,,,,,,,,,,,,,,,,,,,,,,,,,,,,,,,600/23,600/23,600/23,600/23,600/23,600/23,1523/23,1523/23,1523/23,1523/23,1523/23,1523/23,,,,,,,
194,1535,Unión,CÓRDOBA,SILVICULTURA,,,,,,,,,,,,,,,,,,,,,,,,,,,,,,,290/2023,290/2023,290/2023,290/2023,290/2023,290/2023,1523/2023,1523/2023,1523/23,1523/23,1523/23,1523/23,1523/23,1523/23,,,,,,,
192,1498,Uruguay,ENTRE RÍOS,SILVICULTURA,,,,,,,,,,,,,,,,,,,39/2022,39/2022,39/2022,39/2022,39/2022,39/2022,39/2022,,,,,,,,,,,,,,,,,,,,,,,,,,
174,1441,Utracán,LA PAMPA,SILVICULTURA,,,,,,,,,,,,,,,,,,,,,,,,,,,,,,,,,,,,,,,,,,,,,,,,,,,
356,1466,Vera,SANTA FE,SILVICULTURA,,,,,,,,,,,,,,,,,,,,,,,,,,,,,,,,,,,,,,,,,,,,,,,,,,,
25,1089,Vicente López,BUENOS AIRES,SILVICULTURA,,,,,,,,,,,,,,,,,,,,,,,,,,,,,,,,,,,,,,,,,,,,,,,,,,,
154,1369,Victoria,ENTRE RÍOS,SILVICULTURA,,,,,,,,,,,,,,,,,,,39/2022,39/2022,39/2022,39/2022,39/2022,39/2022,39/2022,,,,,,,,,,,,,,,,,,,,,,,,,,
20,1084,Villa Gesell,BUENOS AIRES,SILVICULTURA,,,,,,,,,,,,,,,,,,,,,,,,,,,,,,,,,,,,,,,,,,,,,,,,,,,
335,1360,Villaguay,ENTRE RÍOS,SILVICULTURA,,,,,,,,,,,,,,,,,,,39/2022,39/2022,39/2022,39/2022,39/2022,39/2022,39/2022,,,,,,,,,,,,,,,,,,,,,,,,,,
47,1133,Villarino,BUENOS AIRES,SILVICULTURA,,,,,,,,,,,,,,,,,,,,,,,,,,,,,,,,,,,,,,,,,946/2024,946/2024,946/2024,,,,,,,,
137,1273,Zárate,BUENOS AIRES,SILVICULTURA,,,,,,,,,,,,,,,,,,,,,,,,,,,,,,,,,,,,,,,,,,,,,,,,,,,
317,1315,1° de Mayo,CHACO,PSICULTURA,,,,,,,,,,,,,,,,,,,,,,,,,,,,,,,,,,,,,,,,,,,,,,,,,,,
276,1119,12 de Octubre,CHACO,PSICULTURA,,,,,,,,,,,,,,,,,,,,,,,,,,,,,,,,,,,,,,,,,,,,,,,,,,,
321,1319,2 de Abril,CHACO,PSICULTURA,,,,,,,,,,,,,,,,,,,,,,,,,,,,,,,,,,,,,,,,,,,,,,,,,,,
71,1205,25 de Mayo,BUENOS AIRES,PSICULTURA,,,,,,,,,,,,,,,,,,,,,,,,,,,,,,,,,,,,,,,,,,,,,,,,,,,
322,1323,25 de Mayo,CHACO,PSICULTURA,,,,,,,,,,,,,,,,,,,,,,,,,,,,,,,,,,,,,,,,,,,,,,,,,,,
369,1485,25 de Mayo,MISIONES,PSICULTURA,,,,,285/2020,285/2020,285/2020,285/2020,285/2020,285/2020,285/2020,,,,,,,,,,,,,,,,,,,,,,,,,,,,,,,,,,,,,,,,
72,1206,9 de Julio,BUENOS AIRES,PSICULTURA,,,,,,,,,,,,,,,,,,,,,,,,,,,,,,,,,,,,,,,,,,,,,,,,,,,
318,1316,9 de Julio,CHACO,PSICULTURA,,,,,,,,,,,,,,,,,,,,,,,,,,,,,,,,,,,,,,,,,,,,,,,,,,,
357,1467,9 de Julio,SANTA FE,PSICULTURA,,,,,,,,,,,,,,,,,,,,,,,,,,,,,,,,,,,,,,,,,,,,,,,,,,,
44,1130,Adolfo Alsina,BUENOS AIRES,PSICULTURA,,,,,,,,,,,,,,,,,,,,,,,,,,,,,,,,,,,,,,,,,,,,,,,,,,,
15,1079,Adolfo Gonzales Chaves,BUENOS AIRES,PSICULTURA,,,,,,,,,,,,,,,,,,,,,,,,,,,,,,,,,,,,,,,,,,,,,,,,,,,
103,1238,Alberti,BUENOS AIRES,PSICULTURA,,,,,,,,,,,,,,,,,,,,,,,,,,,,,,,,,,,,,,,,,,,,,,,,,,,
66,1200,Almirante Brown,BUENOS AIRES,PSICULTURA,,,,,,,,,,,,,,,,,,,,,,,,,,,,,,,,,,,,,,,,,,,,,,,,,,,
299,1192,Almirante Brown,CHACO,PSICULTURA,,,,,,,,,,,,,,,,,,,,,,,,,,,,,,,,,,,,,,,,,,,,,,,,,,,
373,1489,Apóstoles,MISIONES,PSICULTURA,,,,,285/2020,285/2020,285/2020,285/2020,285/2020,285/2020,285/2020,,,,,,,,,,,,,,,,,,,,,,,,,,,,,,,,,,,,,,,,
81,1215,Arrecifes,BUENOS AIRES,PSICULTURA,,,,,,,,,,,,,,,,,,,,,,,,,,,,,,,,,,,,,,,,,,,,,,,,,,,
186,1471,Atreucó,LA PAMPA,PSICULTURA,,,,,,,,,,,,,,,,,,,,,,,,,,,,,,,,,,,,,,,,,,,,,,,,,,,
150,1322,Avellaneda,BUENOS AIRES,PSICULTURA,,,,,,,,,,,,,,,,,,,,,,,,,,,,,,,,,,,,,,,,,,,,,,,,,,,
125,1260,Ayacucho,BUENOS AIRES,PSICULTURA,,,,,,,,,,,,,,,,,,,,,,,,,,,,,,,,,,,,,,,,,,,,,,,,,,,
122,1257,Azul,BUENOS AIRES,PSICULTURA,,,,,,,,,,,,,,,,,,,,,,,,,,,,,,,,,,,,,,,,,,,,,,,,,,,
16,1080,Bahía Blanca,BUENOS AIRES,PSICULTURA,,,,,,,,,,,,,,,,,,,,,,,,,,,,,,,,,,,,,,,,,,,,,,,,,,,
118,1253,Balcarce,BUENOS AIRES,PSICULTURA,,,,,,,,,,,,,,,,,,,,,,,,,,,,,,,,,,,,,,,,,,,,,,,,,,,
145,1304,Baradero,BUENOS AIRES,PSICULTURA,,,,,,,,,,,,,,,,,,,,,,,,,,,,,,,,,,,,,,,,,,,,,,,,,,,
190,1477,Belgrano,SANTA FE,PSICULTURA,,,,,,,,,,,,,,,,,,,,,,,,,,,,,,,,,,,,,,,,,,,,,,,,,,,
391,1510,Bella Vista,CORRIENTES,PSICULTURA,,,,,,,,,,,,,,,,,,,,,,,,,,,,,,,,,,,,,,,,,,,,,,,,,,,
130,1265,Benito Juárez,BUENOS AIRES,PSICULTURA,,,,,,,,,,,,,,,,,,,,,,,,,,,,,,,,,,,,,,,,,,,,,,,,,,,
28,1098,Berazategui,BUENOS AIRES,PSICULTURA,,,,,,,,,,,,,,,,,,,,,,,,,,,,,,,,,,,,,,,,,,,,,,,,,,,
135,1271,Berisso,BUENOS AIRES,PSICULTURA,,,,,,,,,,,,,,,,,,,,,,,,,,,,,,,,,,,,,,,,,,,,,,,,,,,
313,1297,Bermejo,CHACO,PSICULTURA,,,,,,,,,,,,,,,,,,,,,,,,,,,,,,,,,,,,,,,,,,,,,,,,,,,
454,1150,Bermejo,FORMOSA,PSICULTURA,,,,,,,,,,,,,,,,,,,,,,,,,,,,,,,,,,,,,,,,,,,,,,,,,,,
404,1523,Berón de Astrada,CORRIENTES,PSICULTURA,,,,,,,,,,,,,,,,,,,,,,,,,,,,,,,,,,,,,,,,,,,,,,,,,,,
117,1252,Bolívar,BUENOS AIRES,PSICULTURA,,,,,,,,,,,,,,,,,,,,,,,,,,,,,,,,,,,,,,,,,,,,,,,,,,,
104,1239,Bragado,BUENOS AIRES,PSICULTURA,,,,,,,,,,,,,,,,,,,,,,,,,,,,,,,,,,,,,,,,,,,,,,,,,,,
68,1202,Brandsen,BUENOS AIRES,PSICULTURA,,,,,,,,,,,,,,,,,,,,,,,,,,,,,,,,,,,,,,,,,,,,,,,,,,,
367,1483,Cainguás,MISIONES,PSICULTURA,,,,,285/2020,285/2020,285/2020,285/2020,285/2020,285/2020,285/2020,,,,,,,,,,,,,,,,,,,,,,,,,,,,,,,,,,,,,,,,
424,1551,Calamuchita,CÓRDOBA,PSICULTURA,,,,,,,,,,,,,,,,,,,,,,,,,,,,,,,,,,,,,,,,,,,,,,,,,,,
165,1431,Caleu Caleu,LA PAMPA,PSICULTURA,,,,,,,,,,,,,,,,,,,,,,,,,,,,,,,,,,,,,,,,,,,,,,,,,,,
39,1114,Campana,BUENOS AIRES,PSICULTURA,,,,,,,,,,,,,,,,,,,,,,,,,,,,,,,,,,,,,,,,,,,,,,,,,,,
365,1481,Candelaria,MISIONES,PSICULTURA,,,,,285/2020,285/2020,285/2020,285/2020,285/2020,285/2020,285/2020,,,,,,,,,,,,,,,,,,,,,,,,,,,,,,,,,,,,,,,,
111,1246,Cañuelas,BUENOS AIRES,PSICULTURA,,,,,,,,,,,,,,,,,,,,,,,,,,,,,,,,,,,,,,,,,,,,,,,,,,,
176,1443,Capital,LA PAMPA,PSICULTURA,,,,,,,,,,,,,,,,,,,,,,,,,,,,,,,,,,,,,,,,,,,,,,,,,,,
363,1479,Capital,MISIONES,PSICULTURA,,,,,285/2020,285/2020,285/2020,285/2020,285/2020,285/2020,285/2020,,,,,,,,,,,,,,,,,,,,,,,,,,,,,,,,,,,,,,,,
407,1526,Capital,CORRIENTES,PSICULTURA,,,,,,,,,,,,,,,,,,,,,,,,,,,,,,,,,,,,,,,,,,,,,,,,,,,
418,1542,Capital,CÓRDOBA,PSICULTURA,,,,,,,,,,,,,,,,,,,,,,,,,,,,,,,,,,,,,,,,,,,,,,,,,,,
82,1216,Capitán Sarmiento,BUENOS AIRES,PSICULTURA,,,,,,,,,,,,,,,,,,,,,,,,,,,,,,,,,,,,,,,,,,,,,,,,,,,
69,1203,Carlos Casares,BUENOS AIRES,PSICULTURA,,,,,,,,,,,,,,,,,,,,,,,,,,,,,,,,,,,,,,,,,,,,,,,,,,,
70,1204,Carlos Tejedor,BUENOS AIRES,PSICULTURA,,,,,,,,,,,,,,,,,,,,,,,,,,,,,,,,,,,,,,,,,,,,,,,,,,,
83,1217,Carmen de Areco,BUENOS AIRES,PSICULTURA,,,,,,,,,,,,,,,,,,,,,,,,,,,,,,,,,,,,,,,,,,,,,,,,,,,
184,1464,Caseros,SANTA FE,PSICULTURA,,,,,,,,,,,,,,,,,,,,,,,,,,,,,,,,,,,,,,,,,,,,,,,,,,,
351,1453,Castellanos,SANTA FE,PSICULTURA,,,,,,,,,,,,,,,,,,,,,,,,,,,,,,,,,,,,,,,,,,,,,,,,,,,
65,1199,Castelli,BUENOS AIRES,PSICULTURA,,,,,,,,,,,,,,,,,,,,,,,,,,,,,,,,,,,,,,,,,,,,,,,,,,,
187,1472,Catriló,LA PAMPA,PSICULTURA,,,,,,,,,,,,,,,,,,,,,,,,,,,,,,,,,,,,,,,,,,,,,,,,,,,
94,1228,Chacabuco,BUENOS AIRES,PSICULTURA,,,,,,,,,,,,,,,,,,,,,,,,,,,,,,,,,,,,,,,,,,,,,,,,,,,
308,1280,Chacabuco,CHACO,PSICULTURA,,,,,,,,,,,,,,,,,,,,,,,,,,,,,,,,,,,,,,,,,,,,,,,,,,,
508,1445,Chalileo,LA PAMPA,PSICULTURA,,,,,,,,,,,,,,,,,,,,,,,,,,,,,,,,,,,,,,,,,,,,,,,,,,,
166,1433,Chapaleufú,LA PAMPA,PSICULTURA,,,,,,,,,,,,,,,,,,,,,,,,,,,,,,,,,,,,,,,,,,,,,,,,,,,
37,1111,Chascomús,BUENOS AIRES,PSICULTURA,,,,,,,,,,,,,,,,,,,,,,,,,,,,,,,,,,,,,,,,,,,,,,,,,,,
507,1432,Chical Co,LA PAMPA,PSICULTURA,,,,,,,,,,,,,,,,,,,,,,,,,,,,,,,,,,,,,,,,,,,,,,,,,,,
102,1237,Chivilcoy,BUENOS AIRES,PSICULTURA,,,,,,,,,,,,,,,,,,,,,,,,,,,,,,,,,,,,,,,,,,,,,,,,,,,
131,1266,Colón,BUENOS AIRES,PSICULTURA,,,,,,,,,,,,,,,,,,,,,,,,,,,,,,,,,,,,,,,,,,,,,,,,,,,
381,1499,Colón,ENTRE RÍOS,PSICULTURA,,,,,,,,,,,,,,,,,,,,,,,,,,,,,,,,,,,,,,,,,,,,,,,,,,,
419,1544,Colón,CÓRDOBA,PSICULTURA,,,,,,,,,,,,,,,,,,,,,,,,,,,,,,,,,,,,,,,,,,,,,,,,,,,
324,1325,Comandante Fernández,CHACO,PSICULTURA,,,,,,,,,,,,,,,,,,,,,,,,,,,,,,,,,,,,,,,,,,,,,,,,,,,
372,1488,Concepción,MISIONES,PSICULTURA,,,,,285/2020,285/2020,285/2020,285/2020,285/2020,285/2020,285/2020,,,,,,,,,,,,,,,,,,,,,,,,,,,,,,,,,,,,,,,,
385,1504,Concepción,CORRIENTES,PSICULTURA,,,,,,,,,,,,,,,,,,,,,,,,,,,,,,,,,,,,,,,,,,,,,,,,,,,
382,1501,Concordia,ENTRE RÍOS,PSICULTURA,,,,,,,,,,,,,,,,,,,,,,,,,,,,,,,,,,,,,,,,,,,,,,,,,,,
178,1447,Conhelo,LA PAMPA,PSICULTURA,,,,,,,,,,,,,,,,,,,,,,,,,,,,,,,,,,,,,,,,,,,,,,,,,,,
162,1425,Constitución,SANTA FE,PSICULTURA,,,,,,,,,,,,,,,,,,,,,,,,,,,,,,,,,,,,,,,,,,,,,,,,,,,
144,1303,Coronel de Marina Leonardo Rosales,BUENOS AIRES,PSICULTURA,,,,,,,,,,,,,,,,,,,,,,,,,,,,,,,,,,,,,,,,,,,,,,,,,,,
34,1104,Coronel Dorrego,BUENOS AIRES,PSICULTURA,,,,,,,,,,,,,,,,,,,,,,,,,,,,,,,,,,,,,,,,,,,,,,,,,,,
30,1100,Coronel Pringles,BUENOS AIRES,PSICULTURA,,,,,,,,,,,,,,,,,,,,,,,,,,,,,,,,,,,,,,,,,,,,,,,,,,,
14,1078,Coronel Suárez,BUENOS AIRES,PSICULTURA,,,,,,,,,,,,,,,,,,,,,,,,,,,,,,,,,,,,,,,,,,,,,,,,,,,
409,1528,Cruz del Eje,CÓRDOBA,PSICULTURA,,,,,,,,,,,,,,,,,,,,,,,,,,,,,,,,,,,,,,,,,,,,,,,,,,,
189,1474,Curacó,LA PAMPA,PSICULTURA,,,,,,,,,,,,,,,,,,,,,,,,,,,,,,,,,,,,,,,,,,,,,,,,,,,
396,1515,Curuzú Cuatiá,CORRIENTES,PSICULTURA,,,,,,,,,,,,,,,,,,,,,,,,,,,,,,,,,,,,,,,,,,,,,,,,,,,
123,1258,Daireaux,BUENOS AIRES,PSICULTURA,,,,,,,,,,,,,,,,,,,,,,,,,,,,,,,,,,,,,,,,,,,,,,,,,,,
343,1368,Diamante,ENTRE RÍOS,PSICULTURA,,,,,,,,,,,,,,,,,,,,,,,,,,,,,,,,,,,,,,,,,,,,,,,,,,,
121,1256,Dolores,BUENOS AIRES,PSICULTURA,,,,,,,,,,,,,,,,,,,,,,,,,,,,,,,,,,,,,,,,,,,,,,,,,,,
378,1494,Eldorado,MISIONES,PSICULTURA,,,,,285/2020,285/2020,285/2020,285/2020,285/2020,285/2020,285/2020,,,,,,,,,,,,,,,,,,,,,,,,,,,,,,,,,,,,,,,,
389,1508,Empedrado,CORRIENTES,PSICULTURA,,,,,,,,,,,,,,,,,,,,,,,,,,,,,,,,,,,,,,,,,,,,,,,,,,,
127,1262,Ensenada,BUENOS AIRES,PSICULTURA,,,,,,,,,,,,,,,,,,,,,,,,,,,,,,,,,,,,,,,,,,,,,,,,,,,
4,1067,Escobar,BUENOS AIRES,PSICULTURA,,,,,,,,,,,,,,,,,,,,,,,,,,,,,,,,,,,,,,,,,,,,,,,,,,,
394,1513,Esquina,CORRIENTES,PSICULTURA,,,,,,,,,,,,,,,,,,,,,,,,,,,,,,,,,,,,,,,,,,,,,,,,,,,
80,1214,Esteban Echeverría,BUENOS AIRES,PSICULTURA,,,,,,,,,,,,,,,,,,,,,,,,,,,,,,,,,,,,,,,,,,,,,,,,,,,
85,1219,Exaltación de la Cruz,BUENOS AIRES,PSICULTURA,,,,,,,,,,,,,,,,,,,,,,,,,,,,,,,,,,,,,,,,,,,,,,,,,,,
108,1243,Ezeiza,BUENOS AIRES,PSICULTURA,,,,,,,,,,,,,,,,,,,,,,,,,,,,,,,,,,,,,,,,,,,,,,,,,,,
380,1496,Federación,ENTRE RÍOS,PSICULTURA,,,,,,,,,,,,,,,,,,,,,,,,,,,,,,,,,,,,,,,,,,,,,,,,,,,
336,1361,Federal,ENTRE RÍOS,PSICULTURA,,,,,,,,,,,,,,,,,,,,,,,,,,,,,,,,,,,,,,,,,,,,,,,,,,,
341,1366,Feliciano,ENTRE RÍOS,PSICULTURA,,,,,,,,,,,,,,,,,,,,,,,,,,,,,,,,,,,,,,,,,,,,,,,,,,,
109,1244,Florencio Varela,BUENOS AIRES,PSICULTURA,,,,,,,,,,,,,,,,,,,,,,,,,,,,,,,,,,,,,,,,,,,,,,,,,,,
147,1313,Florentino Ameghino,BUENOS AIRES,PSICULTURA,,,,,,,,,,,,,,,,,,,,,,,,,,,,,,,,,,,,,,,,,,,,,,,,,,,
310,1292,Formosa,FORMOSA,PSICULTURA,,,,,,,,,,,,,,,,,,,,,,,,,,,,,,,,,,,,,,,,,,,,,,,,,,,
290,1163,Fray Justo Santa María de Oro,CHACO,PSICULTURA,,,,,,,,,,,,,,,,,,,,,,,,,,,,,,,,,,,,,,,,,,,,,,,,,,,
361,1476,Garay,SANTA FE,PSICULTURA,,,,,,,,,,,,,,,,,,,,,,,,,,,,,,,,,,,,,,,,,,,,,,,,,,,
17,1081,General Alvarado,BUENOS AIRES,PSICULTURA,,,,,,,,,,,,,,,,,,,,,,,,,,,,,,,,,,,,,,,,,,,,,,,,,,,
114,1249,General Alvear,BUENOS AIRES,PSICULTURA,,,,,,,,,,,,,,,,,,,,,,,,,,,,,,,,,,,,,,,,,,,,,,,,,,,
400,1519,General Alvear,CORRIENTES,PSICULTURA,,,,,,,,,,,,,,,,,,,,,,,,,,,,,,,,,,,,,,,,,,,,,,,,,,,
141,1296,General Arenales,BUENOS AIRES,PSICULTURA,,,,,,,,,,,,,,,,,,,,,,,,,,,,,,,,,,,,,,,,,,,,,,,,,,,
75,1209,General Belgrano,BUENOS AIRES,PSICULTURA,,,,,,,,,,,,,,,,,,,,,,,,,,,,,,,,,,,,,,,,,,,,,,,,,,,
325,1326,General Belgrano,CHACO,PSICULTURA,,,,,,,,,,,,,,,,,,,,,,,,,,,,,,,,,,,,,,,,,,,,,,,,,,,
326,1327,General Donovan,CHACO,PSICULTURA,,,,,,,,,,,,,,,,,,,,,,,,,,,,,,,,,,,,,,,,,,,,,,,,,,,
280,1123,General Güemes,CHACO,PSICULTURA,,,,,,,,,,,,,,,,,,,,,,,,,,,,,,,,,,,,,,,,,,,,,,,,,,,
11,1075,General Guido,BUENOS AIRES,PSICULTURA,,,,,,,,,,,,,,,,,,,,,,,,,,,,,,,,,,,,,,,,,,,,,,,,,,,
12,1076,General Juan Madariaga,BUENOS AIRES,PSICULTURA,,,,,,,,,,,,,,,,,,,,,,,,,,,,,,,,,,,,,,,,,,,,,,,,,,,
116,1251,General La Madrid,BUENOS AIRES,PSICULTURA,,,,,,,,,,,,,,,,,,,,,,,,,,,,,,,,,,,,,,,,,,,,,,,,,,,
105,1240,General Las Heras,BUENOS AIRES,PSICULTURA,,,,,,,,,,,,,,,,,,,,,,,,,,,,,,,,,,,,,,,,,,,,,,,,,,,
22,1086,General Lavalle,BUENOS AIRES,PSICULTURA,,,,,,,,,,,,,,,,,,,,,,,,,,,,,,,,,,,,,,,,,,,,,,,,,,,
183,1463,General López,SANTA FE,PSICULTURA,,,,,,,,,,,,,,,,,,,,,,,,,,,,,,,,,,,,,,,,,,,,,,,,,,,
377,1493,General Manuel Belgrano,MISIONES,PSICULTURA,,,,,285/2020,285/2020,285/2020,285/2020,285/2020,285/2020,285/2020,,,,,,,,,,,,,,,,,,,,,,,,,,,,,,,,,,,,,,,,
355,1462,General Obligado,SANTA FE,PSICULTURA,,,,,,,,,,,,,,,,,,,,,,,,,,,,,,,,,,,,,,,,,,,,,,,,,,,
10,1074,General Paz,BUENOS AIRES,PSICULTURA,,,,,,,,,,,,,,,,,,,,,,,,,,,,,,,,,,,,,,,,,,,,,,,,,,,
388,1507,General Paz,CORRIENTES,PSICULTURA,,,,,,,,,,,,,,,,,,,,,,,,,,,,,,,,,,,,,,,,,,,,,,,,,,,
31,1101,General Pinto,BUENOS AIRES,PSICULTURA,,,,,,,,,,,,,,,,,,,,,,,,,,,,,,,,,,,,,,,,,,,,,,,,,,,
18,1082,General Pueyrredón,BUENOS AIRES,PSICULTURA,,,,,,,,,,,,,,,,,,,,,,,,,,,,,,,,,,,,,,,,,,,,,,,,,,,
198,1539,General Roca,CÓRDOBA,PSICULTURA,,,,,,,,,,,,,,,,,,,,,,,,,,,,,,,,,,,,,,,,,,,,,,,,,,,
99,1233,General Rodríguez,BUENOS AIRES,PSICULTURA,,,,,,,,,,,,,,,,,,,,,,,,,,,,,,,,,,,,,,,,,,,,,,,,,,,
96,1230,General San Martín,BUENOS AIRES,PSICULTURA,,,,,,,,,,,,,,,,,,,,,,,,,,,,,,,,,,,,,,,,,,,,,,,,,,,
200,1547,General San Martín,CÓRDOBA,PSICULTURA,,,,,,,,,,,,,,,,,,,,,,,,,,,,,,,,,,,,,,,,,,,,,,,,,,,
107,1242,General Viamonte,BUENOS AIRES,PSICULTURA,,,,,,,,,,,,,,,,,,,,,,,,,,,,,,,,,,,,,,,,,,,,,,,,,,,
48,1134,General Villegas,BUENOS AIRES,PSICULTURA,,,,,,,,,,,,,,,,,,,,,,,,,,,,,,,,,,,,,,,,,,,,,,,,,,,
393,1512,Goya,CORRIENTES,PSICULTURA,,,,,,,,,,,,,,,,,,,,,,,,,,,,,,,,,,,,,,,,,,,,,,,,,,,
155,1370,Gualeguay,ENTRE RÍOS,PSICULTURA,,,,,,,,,,,,,,,,,,,,,,,,,,,,,,,,,,,,,,,,,,,,,,,,,,,
193,1500,Gualeguaychú,ENTRE RÍOS,PSICULTURA,,,,,,,,,,,,,,,,,,,,,,,,,,,,,,,,,,,,,,,,,,,,,,,,,,,
126,1261,Guaminí,BUENOS AIRES,PSICULTURA,,,,,,,,,,,,,,,,,,,,,,,,,,,,,,,,,,,,,,,,,,,,,,,,,,,
374,1490,Guaraní,MISIONES,PSICULTURA,,,,,285/2020,285/2020,285/2020,285/2020,285/2020,285/2020,285/2020,,,,,,,,,,,,,,,,,,,,,,,,,,,,,,,,,,,,,,,,
171,1438,Guatraché,LA PAMPA,PSICULTURA,,,,,,,,,,,,,,,,,,,,,,,,,,,,,,,,,,,,,,,,,,,,,,,,,,,
120,1255,Hipólito Yrigoyen,BUENOS AIRES,PSICULTURA,,,,,,,,,,,,,,,,,,,,,,,,,,,,,,,,,,,,,,,,,,,,,,,,,,,
169,1436,Hucal,LA PAMPA,PSICULTURA,,,,,,,,,,,,,,,,,,,,,,,,,,,,,,,,,,,,,,,,,,,,,,,,,,,
92,1226,Hurlingham,BUENOS AIRES,PSICULTURA,,,,,,,,,,,,,,,,,,,,,,,,,,,,,,,,,,,,,,,,,,,,,,,,,,,
376,1492,Iguazú,MISIONES,PSICULTURA,,,,,285/2020,285/2020,285/2020,285/2020,285/2020,285/2020,285/2020,,,,,,,,,,,,,,,,,,,,,,,,,,,,,,,,,,,,,,,,
288,1161,Independencia,CHACO,PSICULTURA,,,,,,,,,,,,,,,,,,,,,,,,,,,,,,,,,,,,,,,,,,,,,,,,,,,
164,1427,Iriondo,SANTA FE,PSICULTURA,,,,,,,,,,,,,,,,,,,,,,,,,,,,,,,,,,,,,,,,,,,,,,,,,,,
420,1545,Ischilín,CÓRDOBA,PSICULTURA,,,,,,,,,,,,,,,,,,,,,,,,,,,,,,,,,,,,,,,,,,,,,,,,,,,
191,1497,Islas del Ibicuy,ENTRE RÍOS,PSICULTURA,,,,,,,,,,,,,,,,,,,,,,,,,,,,,,,,,,,,,,,,,,,,,,,,,,,
405,1524,Itatí,CORRIENTES,PSICULTURA,,,,,,,,,,,,,,,,,,,,,,,,,,,,,,,,,,,,,,,,,,,,,,,,,,,
98,1232,Ituzaingó,BUENOS AIRES,PSICULTURA,,,,,,,,,,,,,,,,,,,,,,,,,,,,,,,,,,,,,,,,,,,,,,,,,,,
403,1522,Ituzaingó,CORRIENTES,PSICULTURA,,,,,,,,,,,,,,,,,,,,,,,,,,,,,,,,,,,,,,,,,,,,,,,,,,,
5,1068,José C. Paz,BUENOS AIRES,PSICULTURA,,,,,,,,,,,,,,,,,,,,,,,,,,,,,,,,,,,,,,,,,,,,,,,,,,,
199,1543,Juárez Celman,CÓRDOBA,PSICULTURA,,,,,,,,,,,,,,,,,,,,,,,,,,,,,,,,,,,,,,,,,,,,,,,,,,,
88,1222,Junín,BUENOS AIRES,PSICULTURA,,,,,,,,,,,,,,,,,,,,,,,,,,,,,,,,,,,,,,,,,,,,,,,,,,,
359,1469,La Capital,SANTA FE,PSICULTURA,,,,,,,,,,,,,,,,,,,,,,,,,,,,,,,,,,,,,,,,,,,,,,,,,,,
23,1087,La Costa,BUENOS AIRES,PSICULTURA,,,,,,,,,,,,,,,,,,,,,,,,,,,,,,,,,,,,,,,,,,,,,,,,,,,
9,1073,La Matanza,BUENOS AIRES,PSICULTURA,,,,,,,,,,,,,,,,,,,,,,,,,,,,,,,,,,,,,,,,,,,,,,,,,,,
340,1365,La Paz,ENTRE RÍOS,PSICULTURA,,,,,,,,,,,,,,,,,,,,,,,,,,,,,,,,,,,,,,,,,,,,,,,,,,,
152,1329,La Plata,BUENOS AIRES,PSICULTURA,,,,,,,,,,,,,,,,,,,,,,,,,,,,,,,,,,,,,,,,,,,,,,,,,,,
278,1121,Laishi,FORMOSA,PSICULTURA,,,,,,,,,,,,,,,,,,,,,,,,,,,,,,,,,,,,,,,,,,,,,,,,,,,
148,1320,Lanús,BUENOS AIRES,PSICULTURA,,,,,,,,,,,,,,,,,,,,,,,,,,,,,,,,,,,,,,,,,,,,,,,,,,,
128,1263,Laprida,BUENOS AIRES,PSICULTURA,,,,,,,,,,,,,,,,,,,,,,,,,,,,,,,,,,,,,,,,,,,,,,,,,,,
349,1428,Las Colonias,SANTA FE,PSICULTURA,,,,,,,,,,,,,,,,,,,,,,,,,,,,,,,,,,,,,,,,,,,,,,,,,,,
2,1065,Las Flores,BUENOS AIRES,PSICULTURA,,,,,,,,,,,,,,,,,,,,,,,,,,,,,,,,,,,,,,,,,,,,,,,,,,,
392,1511,Lavalle,CORRIENTES,PSICULTURA,,,,,,,,,,,,,,,,,,,,,,,,,,,,,,,,,,,,,,,,,,,,,,,,,,,
140,1294,Leandro N. Alem,BUENOS AIRES,PSICULTURA,,,,,,,,,,,,,,,,,,,,,,,,,,,,,,,,,,,,,,,,,,,,,,,,,,,
370,1486,Leandro N. Alem,MISIONES,PSICULTURA,,,,,285/2020,285/2020,285/2020,285/2020,285/2020,285/2020,285/2020,,,,,,,,,,,,,,,,,,,,,,,,,,,,,,,,,,,,,,,,
36,1110,Lezama,BUENOS AIRES,PSICULTURA,,,,,,,,,,,,,,,,,,,,,,,,,,,,,,,,,,,,,,,,,,,,,,,,,,,
323,1324,Libertad,CHACO,PSICULTURA,,,,,,,,,,,,,,,,,,,,,,,,,,,,,,,,,,,,,,,,,,,,,,,,,,,
312,1295,Libertador General San Martín,CHACO,PSICULTURA,,,,,,,,,,,,,,,,,,,,,,,,,,,,,,,,,,,,,,,,,,,,,,,,,,,
379,1495,Libertador General San Martín,MISIONES,PSICULTURA,,,,,285/2020,285/2020,285/2020,285/2020,285/2020,285/2020,285/2020,,,,,,,,,,,,,,,,,,,,,,,,,,,,,,,,,,,,,,,,
168,1435,Lihuel Calel,LA PAMPA,PSICULTURA,,,,,,,,,,,,,,,,,,,,,,,,,,,,,,,,,,,,,,,,,,,,,,,,,,,
170,1437,Limay Mahuida,LA PAMPA,PSICULTURA,,,,,,,,,,,,,,,,,,,,,,,,,,,,,,,,,,,,,,,,,,,,,,,,,,,
97,1231,Lincoln,BUENOS AIRES,PSICULTURA,,,,,,,,,,,,,,,,,,,,,,,,,,,,,,,,,,,,,,,,,,,,,,,,,,,
134,1270,Lobería,BUENOS AIRES,PSICULTURA,,,,,,,,,,,,,,,,,,,,,,,,,,,,,,,,,,,,,,,,,,,,,,,,,,,
113,1248,Lobos,BUENOS AIRES,PSICULTURA,,,,,,,,,,,,,,,,,,,,,,,,,,,,,,,,,,,,,,,,,,,,,,,,,,,
149,1321,Lomas de Zamora,BUENOS AIRES,PSICULTURA,,,,,,,,,,,,,,,,,,,,,,,,,,,,,,,,,,,,,,,,,,,,,,,,,,,
179,1448,Loventué,LA PAMPA,PSICULTURA,,,,,,,,,,,,,,,,,,,,,,,,,,,,,,,,,,,,,,,,,,,,,,,,,,,
91,1225,Luján,BUENOS AIRES,PSICULTURA,,,,,,,,,,,,,,,,,,,,,,,,,,,,,,,,,,,,,,,,,,,,,,,,,,,
24,1088,Magdalena,BUENOS AIRES,PSICULTURA,,,,,,,,,,,,,,,,,,,,,,,,,,,,,,,,,,,,,,,,,,,,,,,,,,,
7,1070,Maipú,BUENOS AIRES,PSICULTURA,,,,,,,,,,,,,,,,,,,,,,,,,,,,,,,,,,,,,,,,,,,,,,,,,,,
297,1183,Maipú,CHACO,PSICULTURA,,,,,,,,,,,,,,,,,,,,,,,,,,,,,,,,,,,,,,,,,,,,,,,,,,,
95,1229,Malvinas Argentinas,BUENOS AIRES,PSICULTURA,,,,,,,,,,,,,,,,,,,,,,,,,,,,,,,,,,,,,,,,,,,,,,,,,,,
19,1083,Mar Chiquita,BUENOS AIRES,PSICULTURA,,,,,,,,,,,,,,,,,,,,,,,,,,,,,,,,,,,,,,,,,,,,,,,,,,,
172,1439,Maracó,LA PAMPA,PSICULTURA,,,,,,,,,,,,,,,,,,,,,,,,,,,,,,,,,,,,,,,,,,,,,,,,,,,
201,1550,Marcos Juárez,CÓRDOBA,PSICULTURA,,,,,,,,,,,,,,,,,,,,,,,,,,,,,,,,,,,,,,,,,,,,,,,,,,,
106,1241,Marcos Paz,BUENOS AIRES,PSICULTURA,,,,,,,,,,,,,,,,,,,,,,,,,,,,,,,,,,,,,,,,,,,,,,,,,,,
456,1152,Matacos,FORMOSA,PSICULTURA,,,,,,,,,,,,,,,,,,,,,,,,,,,,,,,,,,,,,,,,,,,,,,,,,,,
289,1162,Mayor Luis J. Fontana,CHACO,PSICULTURA,,,,,,,,,,,,,,,,,,,,,,,,,,,,,,,,,,,,,,,,,,,,,,,,,,,
384,1503,Mburucuyá,CORRIENTES,PSICULTURA,,,,,,,,,,,,,,,,,,,,,,,,,,,,,,,,,,,,,,,,,,,,,,,,,,,
89,1223,Mercedes,BUENOS AIRES,PSICULTURA,,,,,,,,,,,,,,,,,,,,,,,,,,,,,,,,,,,,,,,,,,,,,,,,,,,
386,1505,Mercedes,CORRIENTES,PSICULTURA,,,,,,,,,,,,,,,,,,,,,,,,,,,,,,,,,,,,,,,,,,,,,,,,,,,
79,1213,Merlo,BUENOS AIRES,PSICULTURA,,,,,,,,,,,,,,,,,,,,,,,,,,,,,,,,,,,,,,,,,,,,,,,,,,,
412,1531,Minas,CÓRDOBA,PSICULTURA,,,,,,,,,,,,,,,,,,,,,,,,,,,,,,,,,,,,,,,,,,,,,,,,,,,
76,1210,Monte,BUENOS AIRES,PSICULTURA,,,,,,,,,,,,,,,,,,,,,,,,,,,,,,,,,,,,,,,,,,,,,,,,,,,
397,1516,Monte Caseros,CORRIENTES,PSICULTURA,,,,,,,,,,,,,,,,,,,,,,,,,,,,,,,,,,,,,,,,,,,,,,,,,,,
133,1269,Monte Hermoso,BUENOS AIRES,PSICULTURA,,,,,,,,,,,,,,,,,,,,,,,,,,,,,,,,,,,,,,,,,,,,,,,,,,,
366,1482,Montecarlo,MISIONES,PSICULTURA,,,,,285/2020,285/2020,285/2020,285/2020,285/2020,285/2020,285/2020,,,,,,,,,,,,,,,,,,,,,,,,,,,,,,,,,,,,,,,,
8,1072,Moreno,BUENOS AIRES,PSICULTURA,,,,,,,,,,,,,,,,,,,,,,,,,,,,,,,,,,,,,,,,,,,,,,,,,,,
93,1227,Morón,BUENOS AIRES,PSICULTURA,,,,,,,,,,,,,,,,,,,,,,,,,,,,,,,,,,,,,,,,,,,,,,,,,,,
110,1245,Navarro,BUENOS AIRES,PSICULTURA,,,,,,,,,,,,,,,,,,,,,,,,,,,,,,,,,,,,,,,,,,,,,,,,,,,
35,1105,Necochea,BUENOS AIRES,PSICULTURA,,,,,,,,,,,,,,,,,,,,,,,,,,,,,,,,,,,,,,,,,,,,,,,,,,,
338,1363,Nogoyá,ENTRE RÍOS,PSICULTURA,,,,,,,,,,,,,,,,,,,,,,,,,,,,,,,,,,,,,,,,,,,,,,,,,,,
269,1071,O'Higgins,CHACO,PSICULTURA,,,,,,,,,,,,,,,,,,,,,,,,,,,,,,,,,,,,,,,,,,,,,,,,,,,
368,1484,Oberá,MISIONES,PSICULTURA,,,,,285/2020,285/2020,285/2020,285/2020,285/2020,285/2020,285/2020,,,,,,,,,,,,,,,,,,,,,,,,,,,,,,,,,,,,,,,,
78,1212,Olavarría,BUENOS AIRES,PSICULTURA,,,,,,,,,,,,,,,,,,,,,,,,,,,,,,,,,,,,,,,,,,,,,,,,,,,
342,1367,Paraná,ENTRE RÍOS,PSICULTURA,,,,,,,,,,,,,,,,,,,,,,,,,,,,,,,,,,,,,,,,,,,,,,,,,,,
398,1517,Paso de los Libres,CORRIENTES,PSICULTURA,,,,,,,,,,,,,,,,,,,,,,,,,,,,,,,,,,,,,,,,,,,,,,,,,,,
142,1298,Patagones,BUENOS AIRES,PSICULTURA,,,,,,,,,,,,,,,,,,,,,,,,,,,,,,,,,,,,,,,,,,,,,,,,,,,
282,1149,Patiño,FORMOSA,PSICULTURA,,,,,,,,,,,,,,,,,,,,,,,,,,,,,,,,,,,,,,,,,,,,,,,,,,,
73,1207,Pehuajó,BUENOS AIRES,PSICULTURA,,,,,,,,,,,,,,,,,,,,,,,,,,,,,,,,,,,,,,,,,,,,,,,,,,,
45,1131,Pellegrini,BUENOS AIRES,PSICULTURA,,,,,,,,,,,,,,,,,,,,,,,,,,,,,,,,,,,,,,,,,,,,,,,,,,,
56,1159,Pergamino,BUENOS AIRES,PSICULTURA,,,,,,,,,,,,,,,,,,,,,,,,,,,,,,,,,,,,,,,,,,,,,,,,,,,
153,1346,Pila,BUENOS AIRES,PSICULTURA,,,,,,,,,,,,,,,,,,,,,,,,,,,,,,,,,,,,,,,,,,,,,,,,,,,
277,1120,Pilagás,FORMOSA,PSICULTURA,,,,,,,,,,,,,,,,,,,,,,,,,,,,,,,,,,,,,,,,,,,,,,,,,,,
90,1224,Pilar,BUENOS AIRES,PSICULTURA,,,,,,,,,,,,,,,,,,,,,,,,,,,,,,,,,,,,,,,,,,,,,,,,,,,
311,1293,Pilcomayo,FORMOSA,PSICULTURA,,,,,,,,,,,,,,,,,,,,,,,,,,,,,,,,,,,,,,,,,,,,,,,,,,,
21,1085,Pinamar,BUENOS AIRES,PSICULTURA,,,,,,,,,,,,,,,,,,,,,,,,,,,,,,,,,,,,,,,,,,,,,,,,,,,
279,1122,Pirané,FORMOSA,PSICULTURA,,,,,,,,,,,,,,,,,,,,,,,,,,,,,,,,,,,,,,,,,,,,,,,,,,,
425,1552,Pocho,CÓRDOBA,PSICULTURA,,,,,,,,,,,,,,,,,,,,,,,,,,,,,,,,,,,,,,,,,,,,,,,,,,,
286,1158,Presidencia de la Plaza,CHACO,PSICULTURA,,,,,,,,,,,,,,,,,,,,,,,,,,,,,,,,,,,,,,,,,,,,,,,,,,,
67,1201,Presidente Perón,BUENOS AIRES,PSICULTURA,,,,,,,,,,,,,,,,,,,,,,,,,,,,,,,,,,,,,,,,,,,,,,,,,,,
197,1538,Presidente Roque Sáenz Peña,CÓRDOBA,PSICULTURA,,,,,,,,,,,,,,,,,,,,,,,,,,,,,,,,,,,,,,,,,,,,,,,,,,,
46,1132,Puán,BUENOS AIRES,PSICULTURA,,,,,,,,,,,,,,,,,,,,,,,,,,,,,,,,,,,,,,,,,,,,,,,,,,,
509,1446,Puelén,LA PAMPA,PSICULTURA,,,,,,,,,,,,,,,,,,,,,,,,,,,,,,,,,,,,,,,,,,,,,,,,,,,
410,1529,Punilla,CÓRDOBA,PSICULTURA,,,,,,,,,,,,,,,,,,,,,,,,,,,,,,,,,,,,,,,,,,,,,,,,,,,
38,1112,Punta Indio,BUENOS AIRES,PSICULTURA,,,,,,,,,,,,,,,,,,,,,,,,,,,,,,,,,,,,,,,,,,,,,,,,,,,
188,1473,Quemú Quemú,LA PAMPA,PSICULTURA,,,,,,,,,,,,,,,,,,,,,,,,,,,,,,,,,,,,,,,,,,,,,,,,,,,
115,1250,Quilmes,BUENOS AIRES,PSICULTURA,,,,,,,,,,,,,,,,,,,,,,,,,,,,,,,,,,,,,,,,,,,,,,,,,,,
285,1157,Quitilipi,CHACO,PSICULTURA,,,,,,,,,,,,,,,,,,,,,,,,,,,,,,,,,,,,,,,,,,,,,,,,,,,
138,1274,Ramallo,BUENOS AIRES,PSICULTURA,,,,,,,,,,,,,,,,,,,,,,,,,,,,,,,,,,,,,,,,,,,,,,,,,,,
479,1312,Ramón Lista,FORMOSA,PSICULTURA,,,,,,,,,,,,,,,,,,,,,,,,,,,,,,,,,,,,,,,,,,,,,,,,,,,
167,1434,Rancul,LA PAMPA,PSICULTURA,,,,,,,,,,,,,,,,,,,,,,,,,,,,,,,,,,,,,,,,,,,,,,,,,,,
26,1096,Rauch,BUENOS AIRES,PSICULTURA,,,,,,,,,,,,,,,,,,,,,,,,,,,,,,,,,,,,,,,,,,,,,,,,,,,
173,1440,Realicó,LA PAMPA,PSICULTURA,,,,,,,,,,,,,,,,,,,,,,,,,,,,,,,,,,,,,,,,,,,,,,,,,,,
196,1537,Río Cuarto,CÓRDOBA,PSICULTURA,,,,,,,,,,,,,,,,,,,,,,,,,,,,,,,,,,,,,,,,,,,,,,,,,,,
423,1549,Río Primero,CÓRDOBA,PSICULTURA,,,,,,,,,,,,,,,,,,,,,,,,,,,,,,,,,,,,,,,,,,,,,,,,,,,
416,1540,Río Seco,CÓRDOBA,PSICULTURA,,,,,,,,,,,,,,,,,,,,,,,,,,,,,,,,,,,,,,,,,,,,,,,,,,,
414,1533,Río Segundo,CÓRDOBA,PSICULTURA,,,,,,,,,,,,,,,,,,,,,,,,,,,,,,,,,,,,,,,,,,,,,,,,,,,
182,1456,Rivadavia,BUENOS AIRES,PSICULTURA,,,,,,,,,,,,,,,,,,,,,,,,,,,,,,,,,,,,,,,,,,,,,,,,,,,
3,1066,Rojas,BUENOS AIRES,PSICULTURA,,,,,,,,,,,,,,,,,,,,,,,,,,,,,,,,,,,,,,,,,,,,,,,,,,,
77,1211,Roque Pérez,BUENOS AIRES,PSICULTURA,,,,,,,,,,,,,,,,,,,,,,,,,,,,,,,,,,,,,,,,,,,,,,,,,,,
163,1426,Rosario,SANTA FE,PSICULTURA,,,,,,,,,,,,,,,,,,,,,,,,,,,,,,,,,,,,,,,,,,,,,,,,,,,
132,1268,Saavedra,BUENOS AIRES,PSICULTURA,,,,,,,,,,,,,,,,,,,,,,,,,,,,,,,,,,,,,,,,,,,,,,,,,,,
390,1509,Saladas,CORRIENTES,PSICULTURA,,,,,,,,,,,,,,,,,,,,,,,,,,,,,,,,,,,,,,,,,,,,,,,,,,,
1,1064,Saladillo,BUENOS AIRES,PSICULTURA,,,,,,,,,,,,,,,,,,,,,,,,,,,,,,,,,,,,,,,,,,,,,,,,,,,
27,1097,Salliqueló,BUENOS AIRES,PSICULTURA,,,,,,,,,,,,,,,,,,,,,,,,,,,,,,,,,,,,,,,,,,,,,,,,,,,
84,1218,Salto,BUENOS AIRES,PSICULTURA,,,,,,,,,,,,,,,,,,,,,,,,,,,,,,,,,,,,,,,,,,,,,,,,,,,
413,1532,San Alberto,CÓRDOBA,PSICULTURA,,,,,,,,,,,,,,,,,,,,,,,,,,,,,,,,,,,,,,,,,,,,,,,,,,,
87,1221,San Andrés de Giles,BUENOS AIRES,PSICULTURA,,,,,,,,,,,,,,,,,,,,,,,,,,,,,,,,,,,,,,,,,,,,,,,,,,,
6,1069,San Antonio de Areco,BUENOS AIRES,PSICULTURA,,,,,,,,,,,,,,,,,,,,,,,,,,,,,,,,,,,,,,,,,,,,,,,,,,,
32,1102,San Cayetano,BUENOS AIRES,PSICULTURA,,,,,,,,,,,,,,,,,,,,,,,,,,,,,,,,,,,,,,,,,,,,,,,,,,,
406,1525,San Cosme,CORRIENTES,PSICULTURA,,,,,,,,,,,,,,,,,,,,,,,,,,,,,,,,,,,,,,,,,,,,,,,,,,,
358,1468,San Cristóbal,SANTA FE,PSICULTURA,,,,,,,,,,,,,,,,,,,,,,,,,,,,,,,,,,,,,,,,,,,,,,,,,,,
180,1450,San Fernando,BUENOS AIRES,PSICULTURA,,,,,,,,,,,,,,,,,,,,,,,,,,,,,,,,,,,,,,,,,,,,,,,,,,,
319,1317,San Fernando,CHACO,PSICULTURA,,,,,,,,,,,,,,,,,,,,,,,,,,,,,,,,,,,,,,,,,,,,,,,,,,,
364,1480,San Ignacio,MISIONES,PSICULTURA,,,,,285/2020,285/2020,285/2020,285/2020,285/2020,285/2020,285/2020,,,,,,,,,,,,,,,,,,,,,,,,,,,,,,,,,,,,,,,,
129,1264,San Isidro,BUENOS AIRES,PSICULTURA,,,,,,,,,,,,,,,,,,,,,,,,,,,,,,,,,,,,,,,,,,,,,,,,,,,
360,1470,San Javier,SANTA FE,PSICULTURA,,,,,,,,,,,,,,,,,,,,,,,,,,,,,,,,,,,,,,,,,,,,,,,,,,,
371,1487,San Javier,MISIONES,PSICULTURA,,,,,285/2020,285/2020,285/2020,285/2020,285/2020,285/2020,285/2020,,,,,,,,,,,,,,,,,,,,,,,,,,,,,,,,,,,,,,,,
422,1548,San Javier,CÓRDOBA,PSICULTURA,,,,,,,,,,,,,,,,,,,,,,,,,,,,,,,,,,,,,,,,,,,,,,,,,,,
362,1478,San Jerónimo,SANTA FE,PSICULTURA,,,,,,,,,,,,,,,,,,,,,,,,,,,,,,,,,,,,,,,,,,,,,,,,,,,
350,1429,San Justo,SANTA FE,PSICULTURA,,,,,,,,,,,,,,,,,,,,,,,,,,,,,,,,,,,,,,,,,,,,,,,,,,,
415,1534,San Justo,CÓRDOBA,PSICULTURA,,,,,,,,,,,,,,,,,,,,,,,,,,,,,,,,,,,,,,,,,,,,,,,,,,,
185,1465,San Lorenzo,SANTA FE,PSICULTURA,,,,,,,,,,,,,,,,,,,,,,,,,,,,,,,,,,,,,,,,,,,,,,,,,,,
320,1318,San Lorenzo,CHACO,PSICULTURA,,,,,,,,,,,,,,,,,,,,,,,,,,,,,,,,,,,,,,,,,,,,,,,,,,,
383,1502,San Luis del Palmar,CORRIENTES,PSICULTURA,,,,,,,,,,,,,,,,,,,,,,,,,,,,,,,,,,,,,,,,,,,,,,,,,,,
352,1454,San Martín,SANTA FE,PSICULTURA,,,,,,,,,,,,,,,,,,,,,,,,,,,,,,,,,,,,,,,,,,,,,,,,,,,
399,1518,San Martín,CORRIENTES,PSICULTURA,,,,,,,,,,,,,,,,,,,,,,,,,,,,,,,,,,,,,,,,,,,,,,,,,,,
86,1220,San Miguel,BUENOS AIRES,PSICULTURA,,,,,,,,,,,,,,,,,,,,,,,,,,,,,,,,,,,,,,,,,,,,,,,,,,,
402,1521,San Miguel,CORRIENTES,PSICULTURA,,,,,,,,,,,,,,,,,,,,,,,,,,,,,,,,,,,,,,,,,,,,,,,,,,,
139,1275,San Nicolás,BUENOS AIRES,PSICULTURA,,,,,,,,,,,,,,,,,,,,,,,,,,,,,,,,,,,,,,,,,,,,,,,,,,,
146,1305,San Pedro,BUENOS AIRES,PSICULTURA,,,,,,,,,,,,,,,,,,,,,,,,,,,,,,,,,,,,,,,,,,,,,,,,,,,
375,1491,San Pedro,MISIONES,PSICULTURA,,,,,285/2020,285/2020,285/2020,285/2020,285/2020,285/2020,285/2020,,,,,,,,,,,,,,,,,,,,,,,,,,,,,,,,,,,,,,,,
387,1506,San Roque,CORRIENTES,PSICULTURA,,,,,,,,,,,,,,,,,,,,,,,,,,,,,,,,,,,,,,,,,,,,,,,,,,,
337,1362,San Salvador,ENTRE RÍOS,PSICULTURA,,,,,,,,,,,,,,,,,,,,,,,,,,,,,,,,,,,,,,,,,,,,,,,,,,,
112,1247,San Vicente,BUENOS AIRES,PSICULTURA,,,,,,,,,,,,,,,,,,,,,,,,,,,,,,,,,,,,,,,,,,,,,,,,,,,
411,1530,Santa María,CÓRDOBA,PSICULTURA,,,,,,,,,,,,,,,,,,,,,,,,,,,,,,,,,,,,,,,,,,,,,,,,,,,
401,1520,Santo Tomé,CORRIENTES,PSICULTURA,,,,,,,,,,,,,,,,,,,,,,,,,,,,,,,,,,,,,,,,,,,,,,,,,,,
287,1160,Sargento Cabral,CHACO,PSICULTURA,,,,,,,,,,,,,,,,,,,,,,,,,,,,,,,,,,,,,,,,,,,,,,,,,,,
395,1514,Sauce,CORRIENTES,PSICULTURA,,,,,,,,,,,,,,,,,,,,,,,,,,,,,,,,,,,,,,,,,,,,,,,,,,,
417,1541,Sobremonte,CÓRDOBA,PSICULTURA,,,,,,,,,,,,,,,,,,,,,,,,,,,,,,,,,,,,,,,,,,,,,,,,,,,
100,1234,Suipacha,BUENOS AIRES,PSICULTURA,,,,,,,,,,,,,,,,,,,,,,,,,,,,,,,,,,,,,,,,,,,,,,,,,,,
339,1364,Tala,ENTRE RÍOS,PSICULTURA,,,,,,,,,,,,,,,,,,,,,,,,,,,,,,,,,,,,,,,,,,,,,,,,,,,
13,1077,Tandil,BUENOS AIRES,PSICULTURA,,,,,,,,,,,,,,,,,,,,,,,,,,,,,,,,,,,,,,,,,,,,,,,,,,,
119,1254,Tapalqué,BUENOS AIRES,PSICULTURA,,,,,,,,,,,,,,,,,,,,,,,,,,,,,,,,,,,,,,,,,,,,,,,,,,,
284,1156,Tapenagá,CHACO,PSICULTURA,,,,,,,,,,,,,,,,,,,,,,,,,,,,,,,,,,,,,,,,,,,,,,,,,,,
195,1536,Tercero Arriba,CÓRDOBA,PSICULTURA,,,,,,,,,,,,,,,,,,,,,,,,,,,,,,,,,,,,,,,,,,,,,,,,,,,
181,1451,Tigre,BUENOS AIRES,PSICULTURA,,,,,,,,,,,,,,,,,,,,,,,,,,,,,,,,,,,,,,,,,,,,,,,,,,,
175,1442,Toay,LA PAMPA,PSICULTURA,,,,,,,,,,,,,,,,,,,,,,,,,,,,,,,,,,,,,,,,,,,,,,,,,,,
136,1272,Tordillo,BUENOS AIRES,PSICULTURA,,,,,,,,,,,,,,,,,,,,,,,,,,,,,,,,,,,,,,,,,,,,,,,,,,,
29,1099,Tornquist,BUENOS AIRES,PSICULTURA,,,,,,,,,,,,,,,,,,,,,,,,,,,,,,,,,,,,,,,,,,,,,,,,,,,
421,1546,Totoral,CÓRDOBA,PSICULTURA,,,,,,,,,,,,,,,,,,,,,,,,,,,,,,,,,,,,,,,,,,,,,,,,,,,
177,1444,Trenel,LA PAMPA,PSICULTURA,,,,,,,,,,,,,,,,,,,,,,,,,,,,,,,,,,,,,,,,,,,,,,,,,,,
74,1208,Trenque Lauquen,BUENOS AIRES,PSICULTURA,,,,,,,,,,,,,,,,,,,,,,,,,,,,,,,,,,,,,,,,,,,,,,,,,,,
33,1103,Tres Arroyos,BUENOS AIRES,PSICULTURA,,,,,,,,,,,,,,,,,,,,,,,,,,,,,,,,,,,,,,,,,,,,,,,,,,,
101,1235,Tres de Febrero,BUENOS AIRES,PSICULTURA,,,,,,,,,,,,,,,,,,,,,,,,,,,,,,,,,,,,,,,,,,,,,,,,,,,
124,1259,Tres Lomas,BUENOS AIRES,PSICULTURA,,,,,,,,,,,,,,,,,,,,,,,,,,,,,,,,,,,,,,,,,,,,,,,,,,,
408,1527,Tulumba,CÓRDOBA,PSICULTURA,,,,,,,,,,,,,,,,,,,,,,,,,,,,,,,,,,,,,,,,,,,,,,,,,,,
194,1535,Unión,CÓRDOBA,PSICULTURA,,,,,,,,,,,,,,,,,,,,,,,,,,,,,,,,,,,,,,,,,,,,,,,,,,,
192,1498,Uruguay,ENTRE RÍOS,PSICULTURA,,,,,,,,,,,,,,,,,,,,,,,,,,,,,,,,,,,,,,,,,,,,,,,,,,,
174,1441,Utracán,LA PAMPA,PSICULTURA,,,,,,,,,,,,,,,,,,,,,,,,,,,,,,,,,,,,,,,,,,,,,,,,,,,
356,1466,Vera,SANTA FE,PSICULTURA,,,,,,,,,,,,,,,,,,,,,,,,,,,,,,,,,,,,,,,,,,,,,,,,,,,
25,1089,Vicente López,BUENOS AIRES,PSICULTURA,,,,,,,,,,,,,,,,,,,,,,,,,,,,,,,,,,,,,,,,,,,,,,,,,,,
154,1369,Victoria,ENTRE RÍOS,PSICULTURA,,,,,,,,,,,,,,,,,,,,,,,,,,,,,,,,,,,,,,,,,,,,,,,,,,,
20,1084,Villa Gesell,BUENOS AIRES,PSICULTURA,,,,,,,,,,,,,,,,,,,,,,,,,,,,,,,,,,,,,,,,,,,,,,,,,,,
335,1360,Villaguay,ENTRE RÍOS,PSICULTURA,,,,,,,,,,,,,,,,,,,,,,,,,,,,,,,,,,,,,,,,,,,,,,,,,,,
47,1133,Villarino,BUENOS AIRES,PSICULTURA,,,,,,,,,,,,,,,,,,,,,,,,,,,,,,,,,,,,,,,,,,,,,,,,,,,
137,1273,Zárate,BUENOS AIRES,PSICULTURA,,,,,,,,,,,,,,,,,,,,,,,,,,,,,,,,,,,,,,,,,,,,,,,,,,,
317,1315,1° de Mayo,CHACO,AGRIC_FAM,,,,,,,,,,,,,,,,,,,,,,,,,,,,,,,,,,,,,,,,,,,,,,,,,,,
276,1119,12 de Octubre,CHACO,AGRIC_FAM,,,,,,,,,,,,,,,,,,,,,,,,,,,,,,,,,,,,,,,,,,,,,,,,,,,
321,1319,2 de Abril,CHACO,AGRIC_FAM,,,,,,,,,,,,,,,,,,,,,,,,,,,,,,,,,,,,,,,,,,,,,,,,,,,
71,1205,25 de Mayo,BUENOS AIRES,AGRIC_FAM,,,,,,,,,,,,,,,,,,,,,,,,,,,,,,,,,,,,,,,,,,,,,,,,,,,
322,1323,25 de Mayo,CHACO,AGRIC_FAM,,,,,,,,,,,,,,,,,,,,,,,,,,,,,,,,,,,,,,,,,,,,,,,,,,,
369,1485,25 de Mayo,MISIONES,AGRIC_FAM,,,,,285/2020,285/2020,285/2020,285/2020,285/2020,285/2020,285/2020,,,,,,,,,,,,,,,,,,,,,,,,,,,,,,,,,,,,,,,,
72,1206,9 de Julio,BUENOS AIRES,AGRIC_FAM,,,,,,,,,,,,,,,,,,,,,,,,,,,,,,,,,,,,,,,,,,,,,,,,,,,
318,1316,9 de Julio,CHACO,AGRIC_FAM,,,,,,,,,,,,,,,,,,,,,,,,,,,,,,,,,,,,,,,,,,,,,,,,,,,
357,1467,9 de Julio,SANTA FE,AGRIC_FAM,,,,,,,,,,,,,,,,,,,,,,,,,,,,,,,,,,,,,,,,,,,,,,,,,,,
44,1130,Adolfo Alsina,BUENOS AIRES,AGRIC_FAM,,,,,,,,,,,,,,,,,,,,,,,,,,,,,,,,,,,,,,,,,,,,,,,,,,,
15,1079,Adolfo Gonzales Chaves,BUENOS AIRES,AGRIC_FAM,,,,,,,,,,,,,,,,,,,,,,,,,,,,,,,,,,,,,,,,,,,,,,,,,,,
103,1238,Alberti,BUENOS AIRES,AGRIC_FAM,,,,,,,,,,,,,,,,,,,,,,,,,,,,,,,,,,,,,,,,,,,,,,,,,,,
66,1200,Almirante Brown,BUENOS AIRES,AGRIC_FAM,,,,,,,,,,,,,,,,,,,,,,,,,,,,,,,,,,,,,,,,,,,,,,,,,,,
299,1192,Almirante Brown,CHACO,AGRIC_FAM,,,,,,,,,,,,,,,,,,,,,,,,,,,,,,,,,,,,,,,,,,,,,,,,,,,
373,1489,Apóstoles,MISIONES,AGRIC_FAM,,,,,285/2020,285/2020,285/2020,285/2020,285/2020,285/2020,285/2020,,,,,,,,,,,,,,,,,,,,,,,,,,,,,,,,,,,,,,,,
81,1215,Arrecifes,BUENOS AIRES,AGRIC_FAM,,,,,,,,,,,,,,,,,,,,,,,,,,,,,,,,,,,,,,,,,,,,,,,,,,,
186,1471,Atreucó,LA PAMPA,AGRIC_FAM,,,,,,,,,,,,,,,,,,,,,,,,,,,,,,,,,,,,,,,,,,,,,,,,,,,
150,1322,Avellaneda,BUENOS AIRES,AGRIC_FAM,,,,,,,,,,,,,,,,,,,,,,,,,,,,,,,,,,,,,,,,,,,,,,,,,,,
125,1260,Ayacucho,BUENOS AIRES,AGRIC_FAM,,,,,,,,,,,,,,,,,,,,,,,,,,,,,,,,,,,,,,,,,,,,,,,,,,,
122,1257,Azul,BUENOS AIRES,AGRIC_FAM,,,,,,,,,,,,,,,,,,,,,,,,,,,,,,,,,,,,,,,,,,,,,,,,,,,
16,1080,Bahía Blanca,BUENOS AIRES,AGRIC_FAM,,,,,,,,,,,,,,,,,,,,,,,,,,,,,,,,,,,,,,,,,,,,,,,,,,,
118,1253,Balcarce,BUENOS AIRES,AGRIC_FAM,,,,,,,,,,,,,,,,,,,,,,,,,,,,,,,,,,,,,,,,,,,,,,,,,,,
145,1304,Baradero,BUENOS AIRES,AGRIC_FAM,,,,,,,,,,,,,,,,,,,,,,,,,,,,,,,,,,,,,,,,,,,,,,,,,,,
190,1477,Belgrano,SANTA FE,AGRIC_FAM,,,,,,,,,,,,,,,,,,,,,,,,,,,,,,,,,,,,,,,,,,,,,,,,,,,
391,1510,Bella Vista,CORRIENTES,AGRIC_FAM,,,,,,,,,,,,,,,,,,,,,,,,,,,,,,,,,,,,,,,,,,,,,,,,,,,
130,1265,Benito Juárez,BUENOS AIRES,AGRIC_FAM,,,,,,,,,,,,,,,,,,,,,,,,,,,,,,,,,,,,,,,,,,,,,,,,,,,
28,1098,Berazategui,BUENOS AIRES,AGRIC_FAM,,,,,,,,,,,,,,,,,,,,,,,,,,,,,,,,,,,,,,,,,,,,,,,,,,,
135,1271,Berisso,BUENOS AIRES,AGRIC_FAM,,,,,,,,,,,,,,,,,,,,,,,,,,,,,,,,,,,,,,,,,,,,,,,,,,,
313,1297,Bermejo,CHACO,AGRIC_FAM,,,,,,,,,,,,,,,,,,,,,,,,,,,,,,,,,,,,,,,,,,,,,,,,,,,
454,1150,Bermejo,FORMOSA,AGRIC_FAM,,,,,,,,,,,,,,,,,,,,,,,,,,,,,,,,,,,,,,,,,,,,,,,,,,,
404,1523,Berón de Astrada,CORRIENTES,AGRIC_FAM,,,,,,,,,,,,,,,,,,,,,,,,,,,,,,,,,,,,,,,,,,,,,,,,,,,
117,1252,Bolívar,BUENOS AIRES,AGRIC_FAM,,,,,,,,,,,,,,,,,,,,,,,,,,,,,,,,,,,,,,,,,,,,,,,,,,,
104,1239,Bragado,BUENOS AIRES,AGRIC_FAM,,,,,,,,,,,,,,,,,,,,,,,,,,,,,,,,,,,,,,,,,,,,,,,,,,,
68,1202,Brandsen,BUENOS AIRES,AGRIC_FAM,,,,,,,,,,,,,,,,,,,,,,,,,,,,,,,,,,,,,,,,,,,,,,,,,,,
367,1483,Cainguás,MISIONES,AGRIC_FAM,,,,,285/2020,285/2020,285/2020,285/2020,285/2020,285/2020,285/2020,,,,,,,,,,,,,,,,,,,,,,,,,,,,,,,,,,,,,,,,
424,1551,Calamuchita,CÓRDOBA,AGRIC_FAM,,,,,,,,,,,,,,,,,,,,,,,,,,,,,,,,,,,,,,,,,,,,,,,,,,,
165,1431,Caleu Caleu,LA PAMPA,AGRIC_FAM,,,,,,,,,,,,,,,,,,,,,,,,,,,,,,,,,,,,,,,,,,,,,,,,,,,
39,1114,Campana,BUENOS AIRES,AGRIC_FAM,,,,,,,,,,,,,,,,,,,,,,,,,,,,,,,,,,,,,,,,,,,,,,,,,,,
365,1481,Candelaria,MISIONES,AGRIC_FAM,,,,,285/2020,285/2020,285/2020,285/2020,285/2020,285/2020,285/2020,,,,,,,,,,,,,,,,,,,,,,,,,,,,,,,,,,,,,,,,
111,1246,Cañuelas,BUENOS AIRES,AGRIC_FAM,,,,,,,,,,,,,,,,,,,,,,,,,,,,,,,,,,,,,,,,,,,,,,,,,,,
176,1443,Capital,LA PAMPA,AGRIC_FAM,,,,,,,,,,,,,,,,,,,,,,,,,,,,,,,,,,,,,,,,,,,,,,,,,,,
363,1479,Capital,MISIONES,AGRIC_FAM,,,,,285/2020,285/2020,285/2020,285/2020,285/2020,285/2020,285/2020,,,,,,,,,,,,,,,,,,,,,,,,,,,,,,,,,,,,,,,,
407,1526,Capital,CORRIENTES,AGRIC_FAM,,,,,,,,,,,,,,,,,,,,,,,,,,,,,,,,,,,,,,,,,,,,,,,,,,,
418,1542,Capital,CÓRDOBA,AGRIC_FAM,,,,,,,,,,,,,,,,,,,,,,,,,,,,,,,,,,,,,,,,,,,,,,,,,,,
82,1216,Capitán Sarmiento,BUENOS AIRES,AGRIC_FAM,,,,,,,,,,,,,,,,,,,,,,,,,,,,,,,,,,,,,,,,,,,,,,,,,,,
69,1203,Carlos Casares,BUENOS AIRES,AGRIC_FAM,,,,,,,,,,,,,,,,,,,,,,,,,,,,,,,,,,,,,,,,,,,,,,,,,,,
70,1204,Carlos Tejedor,BUENOS AIRES,AGRIC_FAM,,,,,,,,,,,,,,,,,,,,,,,,,,,,,,,,,,,,,,,,,,,,,,,,,,,
83,1217,Carmen de Areco,BUENOS AIRES,AGRIC_FAM,,,,,,,,,,,,,,,,,,,,,,,,,,,,,,,,,,,,,,,,,,,,,,,,,,,
184,1464,Caseros,SANTA FE,AGRIC_FAM,,,,,,,,,,,,,,,,,,,,,,,,,,,,,,,,,,,,,,,,,,,,,,,,,,,
351,1453,Castellanos,SANTA FE,AGRIC_FAM,,,,,,,,,,,,,,,,,,,,,,,,,,,,,,,,,,,,,,,,,,,,,,,,,,,
65,1199,Castelli,BUENOS AIRES,AGRIC_FAM,,,,,,,,,,,,,,,,,,,,,,,,,,,,,,,,,,,,,,,,,,,,,,,,,,,
187,1472,Catriló,LA PAMPA,AGRIC_FAM,,,,,,,,,,,,,,,,,,,,,,,,,,,,,,,,,,,,,,,,,,,,,,,,,,,
94,1228,Chacabuco,BUENOS AIRES,AGRIC_FAM,,,,,,,,,,,,,,,,,,,,,,,,,,,,,,,,,,,,,,,,,,,,,,,,,,,
308,1280,Chacabuco,CHACO,AGRIC_FAM,,,,,,,,,,,,,,,,,,,,,,,,,,,,,,,,,,,,,,,,,,,,,,,,,,,
508,1445,Chalileo,LA PAMPA,AGRIC_FAM,,,,,,,,,,,,,,,,,,,,,,,,,,,,,,,,,,,,,,,,,,,,,,,,,,,
166,1433,Chapaleufú,LA PAMPA,AGRIC_FAM,,,,,,,,,,,,,,,,,,,,,,,,,,,,,,,,,,,,,,,,,,,,,,,,,,,
37,1111,Chascomús,BUENOS AIRES,AGRIC_FAM,,,,,,,,,,,,,,,,,,,,,,,,,,,,,,,,,,,,,,,,,,,,,,,,,,,
507,1432,Chical Co,LA PAMPA,AGRIC_FAM,,,,,,,,,,,,,,,,,,,,,,,,,,,,,,,,,,,,,,,,,,,,,,,,,,,
102,1237,Chivilcoy,BUENOS AIRES,AGRIC_FAM,,,,,,,,,,,,,,,,,,,,,,,,,,,,,,,,,,,,,,,,,,,,,,,,,,,
131,1266,Colón,BUENOS AIRES,AGRIC_FAM,,,,,,,,,,,,,,,,,,,,,,,,,,,,,,,,,,,,,,,,,,,,,,,,,,,
381,1499,Colón,ENTRE RÍOS,AGRIC_FAM,,,,,,,,,,,,,,,,,,,,,,,,,,,,,,,,,,,,,,,,,,,,,,,,,,,
419,1544,Colón,CÓRDOBA,AGRIC_FAM,,,,,,,,,,,,,,,,,,,,,,,,,,,,,,,,,,,,,,,,,,,,,,,,,,,
324,1325,Comandante Fernández,CHACO,AGRIC_FAM,,,,,,,,,,,,,,,,,,,,,,,,,,,,,,,,,,,,,,,,,,,,,,,,,,,
372,1488,Concepción,MISIONES,AGRIC_FAM,,,,,285/2020,285/2020,285/2020,285/2020,285/2020,285/2020,285/2020,,,,,,,,,,,,,,,,,,,,,,,,,,,,,,,,,,,,,,,,
385,1504,Concepción,CORRIENTES,AGRIC_FAM,,,,,,,,,,,,,,,,,,,,,,,,,,,,,,,,,,,,,,,,,,,,,,,,,,,
382,1501,Concordia,ENTRE RÍOS,AGRIC_FAM,,,,,,,,,,,,,,,,,,,,,,,,,,,,,,,,,,,,,,,,,,,,,,,,,,,
178,1447,Conhelo,LA PAMPA,AGRIC_FAM,,,,,,,,,,,,,,,,,,,,,,,,,,,,,,,,,,,,,,,,,,,,,,,,,,,
162,1425,Constitución,SANTA FE,AGRIC_FAM,,,,,,,,,,,,,,,,,,,,,,,,,,,,,,,,,,,,,,,,,,,,,,,,,,,
144,1303,Coronel de Marina Leonardo Rosales,BUENOS AIRES,AGRIC_FAM,,,,,,,,,,,,,,,,,,,,,,,,,,,,,,,,,,,,,,,,,,,,,,,,,,,
34,1104,Coronel Dorrego,BUENOS AIRES,AGRIC_FAM,,,,,,,,,,,,,,,,,,,,,,,,,,,,,,,,,,,,,,,,,,,,,,,,,,,
30,1100,Coronel Pringles,BUENOS AIRES,AGRIC_FAM,,,,,,,,,,,,,,,,,,,,,,,,,,,,,,,,,,,,,,,,,,,,,,,,,,,
14,1078,Coronel Suárez,BUENOS AIRES,AGRIC_FAM,,,,,,,,,,,,,,,,,,,,,,,,,,,,,,,,,,,,,,,,,,,,,,,,,,,
409,1528,Cruz del Eje,CÓRDOBA,AGRIC_FAM,,,,,,,,,,,,,,,,,,,,,,,,,,,,,,,,,,,,,,,,,,,,,,,,,,,
189,1474,Curacó,LA PAMPA,AGRIC_FAM,,,,,,,,,,,,,,,,,,,,,,,,,,,,,,,,,,,,,,,,,,,,,,,,,,,
396,1515,Curuzú Cuatiá,CORRIENTES,AGRIC_FAM,,,,,,,,,,,,,,,,,,,,,,,,,,,,,,,,,,,,,,,,,,,,,,,,,,,
123,1258,Daireaux,BUENOS AIRES,AGRIC_FAM,,,,,,,,,,,,,,,,,,,,,,,,,,,,,,,,,,,,,,,,,,,,,,,,,,,
343,1368,Diamante,ENTRE RÍOS,AGRIC_FAM,,,,,,,,,,,,,,,,,,,,,,,,,,,,,,,,,,,,,,,,,,,,,,,,,,,
121,1256,Dolores,BUENOS AIRES,AGRIC_FAM,,,,,,,,,,,,,,,,,,,,,,,,,,,,,,,,,,,,,,,,,,,,,,,,,,,
378,1494,Eldorado,MISIONES,AGRIC_FAM,,,,,285/2020,285/2020,285/2020,285/2020,285/2020,285/2020,285/2020,,,,,,,,,,,,,,,,,,,,,,,,,,,,,,,,,,,,,,,,
389,1508,Empedrado,CORRIENTES,AGRIC_FAM,,,,,,,,,,,,,,,,,,,,,,,,,,,,,,,,,,,,,,,,,,,,,,,,,,,
127,1262,Ensenada,BUENOS AIRES,AGRIC_FAM,,,,,,,,,,,,,,,,,,,,,,,,,,,,,,,,,,,,,,,,,,,,,,,,,,,
4,1067,Escobar,BUENOS AIRES,AGRIC_FAM,,,,,,,,,,,,,,,,,,,,,,,,,,,,,,,,,,,,,,,,,,,,,,,,,,,
394,1513,Esquina,CORRIENTES,AGRIC_FAM,,,,,,,,,,,,,,,,,,,,,,,,,,,,,,,,,,,,,,,,,,,,,,,,,,,
80,1214,Esteban Echeverría,BUENOS AIRES,AGRIC_FAM,,,,,,,,,,,,,,,,,,,,,,,,,,,,,,,,,,,,,,,,,,,,,,,,,,,
85,1219,Exaltación de la Cruz,BUENOS AIRES,AGRIC_FAM,,,,,,,,,,,,,,,,,,,,,,,,,,,,,,,,,,,,,,,,,,,,,,,,,,,
108,1243,Ezeiza,BUENOS AIRES,AGRIC_FAM,,,,,,,,,,,,,,,,,,,,,,,,,,,,,,,,,,,,,,,,,,,,,,,,,,,
380,1496,Federación,ENTRE RÍOS,AGRIC_FAM,,,,,,,,,,,,,,,,,,,,,,,,,,,,,,,,,,,,,,,,,,,,,,,,,,,
336,1361,Federal,ENTRE RÍOS,AGRIC_FAM,,,,,,,,,,,,,,,,,,,,,,,,,,,,,,,,,,,,,,,,,,,,,,,,,,,
341,1366,Feliciano,ENTRE RÍOS,AGRIC_FAM,,,,,,,,,,,,,,,,,,,,,,,,,,,,,,,,,,,,,,,,,,,,,,,,,,,
109,1244,Florencio Varela,BUENOS AIRES,AGRIC_FAM,,,,,,,,,,,,,,,,,,,,,,,,,,,,,,,,,,,,,,,,,,,,,,,,,,,
147,1313,Florentino Ameghino,BUENOS AIRES,AGRIC_FAM,,,,,,,,,,,,,,,,,,,,,,,,,,,,,,,,,,,,,,,,,,,,,,,,,,,
310,1292,Formosa,FORMOSA,AGRIC_FAM,,,,,,,,,,,,,,,,,,,,,,,,,,,,,,,,,,,,,,,,,,,,,,,,,,,
290,1163,Fray Justo Santa María de Oro,CHACO,AGRIC_FAM,,,,,,,,,,,,,,,,,,,,,,,,,,,,,,,,,,,,,,,,,,,,,,,,,,,
361,1476,Garay,SANTA FE,AGRIC_FAM,,,,,,,,,,,,,,,,,,,,,,,,,,,,,,,,,,,,,,,,,,,,,,,,,,,
17,1081,General Alvarado,BUENOS AIRES,AGRIC_FAM,,,,,,,,,,,,,,,,,,,,,,,,,,,,,,,,,,,,,,,,,,,,,,,,,,,
114,1249,General Alvear,BUENOS AIRES,AGRIC_FAM,,,,,,,,,,,,,,,,,,,,,,,,,,,,,,,,,,,,,,,,,,,,,,,,,,,
400,1519,General Alvear,CORRIENTES,AGRIC_FAM,,,,,,,,,,,,,,,,,,,,,,,,,,,,,,,,,,,,,,,,,,,,,,,,,,,
141,1296,General Arenales,BUENOS AIRES,AGRIC_FAM,,,,,,,,,,,,,,,,,,,,,,,,,,,,,,,,,,,,,,,,,,,,,,,,,,,
75,1209,General Belgrano,BUENOS AIRES,AGRIC_FAM,,,,,,,,,,,,,,,,,,,,,,,,,,,,,,,,,,,,,,,,,,,,,,,,,,,
325,1326,General Belgrano,CHACO,AGRIC_FAM,,,,,,,,,,,,,,,,,,,,,,,,,,,,,,,,,,,,,,,,,,,,,,,,,,,
326,1327,General Donovan,CHACO,AGRIC_FAM,,,,,,,,,,,,,,,,,,,,,,,,,,,,,,,,,,,,,,,,,,,,,,,,,,,
280,1123,General Güemes,CHACO,AGRIC_FAM,,,,,,,,,,,,,,,,,,,,,,,,,,,,,,,,,,,,,,,,,,,,,,,,,,,
11,1075,General Guido,BUENOS AIRES,AGRIC_FAM,,,,,,,,,,,,,,,,,,,,,,,,,,,,,,,,,,,,,,,,,,,,,,,,,,,
12,1076,General Juan Madariaga,BUENOS AIRES,AGRIC_FAM,,,,,,,,,,,,,,,,,,,,,,,,,,,,,,,,,,,,,,,,,,,,,,,,,,,
116,1251,General La Madrid,BUENOS AIRES,AGRIC_FAM,,,,,,,,,,,,,,,,,,,,,,,,,,,,,,,,,,,,,,,,,,,,,,,,,,,
105,1240,General Las Heras,BUENOS AIRES,AGRIC_FAM,,,,,,,,,,,,,,,,,,,,,,,,,,,,,,,,,,,,,,,,,,,,,,,,,,,
22,1086,General Lavalle,BUENOS AIRES,AGRIC_FAM,,,,,,,,,,,,,,,,,,,,,,,,,,,,,,,,,,,,,,,,,,,,,,,,,,,
183,1463,General López,SANTA FE,AGRIC_FAM,,,,,,,,,,,,,,,,,,,,,,,,,,,,,,,,,,,,,,,,,,,,,,,,,,,
377,1493,General Manuel Belgrano,MISIONES,AGRIC_FAM,,,,,285/2020,285/2020,285/2020,285/2020,285/2020,285/2020,285/2020,,,,,,,,,,,,,,,,,,,,,,,,,,,,,,,,,,,,,,,,
355,1462,General Obligado,SANTA FE,AGRIC_FAM,,,,,,,,,,,,,,,,,,,,,,,,,,,,,,,,,,,,,,,,,,,,,,,,,,,
10,1074,General Paz,BUENOS AIRES,AGRIC_FAM,,,,,,,,,,,,,,,,,,,,,,,,,,,,,,,,,,,,,,,,,,,,,,,,,,,
388,1507,General Paz,CORRIENTES,AGRIC_FAM,,,,,,,,,,,,,,,,,,,,,,,,,,,,,,,,,,,,,,,,,,,,,,,,,,,
31,1101,General Pinto,BUENOS AIRES,AGRIC_FAM,,,,,,,,,,,,,,,,,,,,,,,,,,,,,,,,,,,,,,,,,,,,,,,,,,,
18,1082,General Pueyrredón,BUENOS AIRES,AGRIC_FAM,,,,,,,,,,,,,,,,,,,,,,,,,,,,,,,,,,,,,,,,,,,,,,,,,,,
198,1539,General Roca,CÓRDOBA,AGRIC_FAM,,,,,,,,,,,,,,,,,,,,,,,,,,,,,,,,,,,,,,,,,,,,,,,,,,,
99,1233,General Rodríguez,BUENOS AIRES,AGRIC_FAM,,,,,,,,,,,,,,,,,,,,,,,,,,,,,,,,,,,,,,,,,,,,,,,,,,,
96,1230,General San Martín,BUENOS AIRES,AGRIC_FAM,,,,,,,,,,,,,,,,,,,,,,,,,,,,,,,,,,,,,,,,,,,,,,,,,,,
200,1547,General San Martín,CÓRDOBA,AGRIC_FAM,,,,,,,,,,,,,,,,,,,,,,,,,,,,,,,,,,,,,,,,,,,,,,,,,,,
107,1242,General Viamonte,BUENOS AIRES,AGRIC_FAM,,,,,,,,,,,,,,,,,,,,,,,,,,,,,,,,,,,,,,,,,,,,,,,,,,,
48,1134,General Villegas,BUENOS AIRES,AGRIC_FAM,,,,,,,,,,,,,,,,,,,,,,,,,,,,,,,,,,,,,,,,,,,,,,,,,,,
393,1512,Goya,CORRIENTES,AGRIC_FAM,,,,,,,,,,,,,,,,,,,,,,,,,,,,,,,,,,,,,,,,,,,,,,,,,,,
155,1370,Gualeguay,ENTRE RÍOS,AGRIC_FAM,,,,,,,,,,,,,,,,,,,,,,,,,,,,,,,,,,,,,,,,,,,,,,,,,,,
193,1500,Gualeguaychú,ENTRE RÍOS,AGRIC_FAM,,,,,,,,,,,,,,,,,,,,,,,,,,,,,,,,,,,,,,,,,,,,,,,,,,,
126,1261,Guaminí,BUENOS AIRES,AGRIC_FAM,,,,,,,,,,,,,,,,,,,,,,,,,,,,,,,,,,,,,,,,,,,,,,,,,,,
374,1490,Guaraní,MISIONES,AGRIC_FAM,,,,,285/2020,285/2020,285/2020,285/2020,285/2020,285/2020,285/2020,,,,,,,,,,,,,,,,,,,,,,,,,,,,,,,,,,,,,,,,
171,1438,Guatraché,LA PAMPA,AGRIC_FAM,,,,,,,,,,,,,,,,,,,,,,,,,,,,,,,,,,,,,,,,,,,,,,,,,,,
120,1255,Hipólito Yrigoyen,BUENOS AIRES,AGRIC_FAM,,,,,,,,,,,,,,,,,,,,,,,,,,,,,,,,,,,,,,,,,,,,,,,,,,,
169,1436,Hucal,LA PAMPA,AGRIC_FAM,,,,,,,,,,,,,,,,,,,,,,,,,,,,,,,,,,,,,,,,,,,,,,,,,,,
92,1226,Hurlingham,BUENOS AIRES,AGRIC_FAM,,,,,,,,,,,,,,,,,,,,,,,,,,,,,,,,,,,,,,,,,,,,,,,,,,,
376,1492,Iguazú,MISIONES,AGRIC_FAM,,,,,285/2020,285/2020,285/2020,285/2020,285/2020,285/2020,285/2020,,,,,,,,,,,,,,,,,,,,,,,,,,,,,,,,,,,,,,,,
288,1161,Independencia,CHACO,AGRIC_FAM,,,,,,,,,,,,,,,,,,,,,,,,,,,,,,,,,,,,,,,,,,,,,,,,,,,
164,1427,Iriondo,SANTA FE,AGRIC_FAM,,,,,,,,,,,,,,,,,,,,,,,,,,,,,,,,,,,,,,,,,,,,,,,,,,,
420,1545,Ischilín,CÓRDOBA,AGRIC_FAM,,,,,,,,,,,,,,,,,,,,,,,,,,,,,,,,,,,,,,,,,,,,,,,,,,,
191,1497,Islas del Ibicuy,ENTRE RÍOS,AGRIC_FAM,,,,,,,,,,,,,,,,,,,,,,,,,,,,,,,,,,,,,,,,,,,,,,,,,,,
405,1524,Itatí,CORRIENTES,AGRIC_FAM,,,,,,,,,,,,,,,,,,,,,,,,,,,,,,,,,,,,,,,,,,,,,,,,,,,
98,1232,Ituzaingó,BUENOS AIRES,AGRIC_FAM,,,,,,,,,,,,,,,,,,,,,,,,,,,,,,,,,,,,,,,,,,,,,,,,,,,
403,1522,Ituzaingó,CORRIENTES,AGRIC_FAM,,,,,,,,,,,,,,,,,,,,,,,,,,,,,,,,,,,,,,,,,,,,,,,,,,,
5,1068,José C. Paz,BUENOS AIRES,AGRIC_FAM,,,,,,,,,,,,,,,,,,,,,,,,,,,,,,,,,,,,,,,,,,,,,,,,,,,
199,1543,Juárez Celman,CÓRDOBA,AGRIC_FAM,,,,,,,,,,,,,,,,,,,,,,,,,,,,,,,,,,,,,,,,,,,,,,,,,,,
88,1222,Junín,BUENOS AIRES,AGRIC_FAM,,,,,,,,,,,,,,,,,,,,,,,,,,,,,,,,,,,,,,,,,,,,,,,,,,,
359,1469,La Capital,SANTA FE,AGRIC_FAM,,,,,,,,,,,,,,,,,,,,,,,,,,,,,,,,,,,,,,,,,,,,,,,,,,,
23,1087,La Costa,BUENOS AIRES,AGRIC_FAM,,,,,,,,,,,,,,,,,,,,,,,,,,,,,,,,,,,,,,,,,,,,,,,,,,,
9,1073,La Matanza,BUENOS AIRES,AGRIC_FAM,,,,,,,,,,,,,,,,,,,,,,,,,,,,,,,,,,,,,,,,,,,,,,,,,,,
340,1365,La Paz,ENTRE RÍOS,AGRIC_FAM,,,,,,,,,,,,,,,,,,,,,,,,,,,,,,,,,,,,,,,,,,,,,,,,,,,
152,1329,La Plata,BUENOS AIRES,AGRIC_FAM,,,,,,,,,,,,,,,,,,,,,,,,,,,,,,,,,,,,,,,,,,,,,,,,,,,
278,1121,Laishi,FORMOSA,AGRIC_FAM,,,,,,,,,,,,,,,,,,,,,,,,,,,,,,,,,,,,,,,,,,,,,,,,,,,
148,1320,Lanús,BUENOS AIRES,AGRIC_FAM,,,,,,,,,,,,,,,,,,,,,,,,,,,,,,,,,,,,,,,,,,,,,,,,,,,
128,1263,Laprida,BUENOS AIRES,AGRIC_FAM,,,,,,,,,,,,,,,,,,,,,,,,,,,,,,,,,,,,,,,,,,,,,,,,,,,
349,1428,Las Colonias,SANTA FE,AGRIC_FAM,,,,,,,,,,,,,,,,,,,,,,,,,,,,,,,,,,,,,,,,,,,,,,,,,,,
2,1065,Las Flores,BUENOS AIRES,AGRIC_FAM,,,,,,,,,,,,,,,,,,,,,,,,,,,,,,,,,,,,,,,,,,,,,,,,,,,
392,1511,Lavalle,CORRIENTES,AGRIC_FAM,,,,,,,,,,,,,,,,,,,,,,,,,,,,,,,,,,,,,,,,,,,,,,,,,,,
140,1294,Leandro N. Alem,BUENOS AIRES,AGRIC_FAM,,,,,,,,,,,,,,,,,,,,,,,,,,,,,,,,,,,,,,,,,,,,,,,,,,,
370,1486,Leandro N. Alem,MISIONES,AGRIC_FAM,,,,,285/2020,285/2020,285/2020,285/2020,285/2020,285/2020,285/2020,,,,,,,,,,,,,,,,,,,,,,,,,,,,,,,,,,,,,,,,
36,1110,Lezama,BUENOS AIRES,AGRIC_FAM,,,,,,,,,,,,,,,,,,,,,,,,,,,,,,,,,,,,,,,,,,,,,,,,,,,
323,1324,Libertad,CHACO,AGRIC_FAM,,,,,,,,,,,,,,,,,,,,,,,,,,,,,,,,,,,,,,,,,,,,,,,,,,,
312,1295,Libertador General San Martín,CHACO,AGRIC_FAM,,,,,,,,,,,,,,,,,,,,,,,,,,,,,,,,,,,,,,,,,,,,,,,,,,,
379,1495,Libertador General San Martín,MISIONES,AGRIC_FAM,,,,,285/2020,285/2020,285/2020,285/2020,285/2020,285/2020,285/2020,,,,,,,,,,,,,,,,,,,,,,,,,,,,,,,,,,,,,,,,
168,1435,Lihuel Calel,LA PAMPA,AGRIC_FAM,,,,,,,,,,,,,,,,,,,,,,,,,,,,,,,,,,,,,,,,,,,,,,,,,,,
170,1437,Limay Mahuida,LA PAMPA,AGRIC_FAM,,,,,,,,,,,,,,,,,,,,,,,,,,,,,,,,,,,,,,,,,,,,,,,,,,,
97,1231,Lincoln,BUENOS AIRES,AGRIC_FAM,,,,,,,,,,,,,,,,,,,,,,,,,,,,,,,,,,,,,,,,,,,,,,,,,,,
134,1270,Lobería,BUENOS AIRES,AGRIC_FAM,,,,,,,,,,,,,,,,,,,,,,,,,,,,,,,,,,,,,,,,,,,,,,,,,,,
113,1248,Lobos,BUENOS AIRES,AGRIC_FAM,,,,,,,,,,,,,,,,,,,,,,,,,,,,,,,,,,,,,,,,,,,,,,,,,,,
149,1321,Lomas de Zamora,BUENOS AIRES,AGRIC_FAM,,,,,,,,,,,,,,,,,,,,,,,,,,,,,,,,,,,,,,,,,,,,,,,,,,,
179,1448,Loventué,LA PAMPA,AGRIC_FAM,,,,,,,,,,,,,,,,,,,,,,,,,,,,,,,,,,,,,,,,,,,,,,,,,,,
91,1225,Luján,BUENOS AIRES,AGRIC_FAM,,,,,,,,,,,,,,,,,,,,,,,,,,,,,,,,,,,,,,,,,,,,,,,,,,,
24,1088,Magdalena,BUENOS AIRES,AGRIC_FAM,,,,,,,,,,,,,,,,,,,,,,,,,,,,,,,,,,,,,,,,,,,,,,,,,,,
7,1070,Maipú,BUENOS AIRES,AGRIC_FAM,,,,,,,,,,,,,,,,,,,,,,,,,,,,,,,,,,,,,,,,,,,,,,,,,,,
297,1183,Maipú,CHACO,AGRIC_FAM,,,,,,,,,,,,,,,,,,,,,,,,,,,,,,,,,,,,,,,,,,,,,,,,,,,
95,1229,Malvinas Argentinas,BUENOS AIRES,AGRIC_FAM,,,,,,,,,,,,,,,,,,,,,,,,,,,,,,,,,,,,,,,,,,,,,,,,,,,
19,1083,Mar Chiquita,BUENOS AIRES,AGRIC_FAM,,,,,,,,,,,,,,,,,,,,,,,,,,,,,,,,,,,,,,,,,,,,,,,,,,,
172,1439,Maracó,LA PAMPA,AGRIC_FAM,,,,,,,,,,,,,,,,,,,,,,,,,,,,,,,,,,,,,,,,,,,,,,,,,,,
201,1550,Marcos Juárez,CÓRDOBA,AGRIC_FAM,,,,,,,,,,,,,,,,,,,,,,,,,,,,,,,,,,,,,,,,,,,,,,,,,,,
106,1241,Marcos Paz,BUENOS AIRES,AGRIC_FAM,,,,,,,,,,,,,,,,,,,,,,,,,,,,,,,,,,,,,,,,,,,,,,,,,,,
456,1152,Matacos,FORMOSA,AGRIC_FAM,,,,,,,,,,,,,,,,,,,,,,,,,,,,,,,,,,,,,,,,,,,,,,,,,,,
289,1162,Mayor Luis J. Fontana,CHACO,AGRIC_FAM,,,,,,,,,,,,,,,,,,,,,,,,,,,,,,,,,,,,,,,,,,,,,,,,,,,
384,1503,Mburucuyá,CORRIENTES,AGRIC_FAM,,,,,,,,,,,,,,,,,,,,,,,,,,,,,,,,,,,,,,,,,,,,,,,,,,,
89,1223,Mercedes,BUENOS AIRES,AGRIC_FAM,,,,,,,,,,,,,,,,,,,,,,,,,,,,,,,,,,,,,,,,,,,,,,,,,,,
386,1505,Mercedes,CORRIENTES,AGRIC_FAM,,,,,,,,,,,,,,,,,,,,,,,,,,,,,,,,,,,,,,,,,,,,,,,,,,,
79,1213,Merlo,BUENOS AIRES,AGRIC_FAM,,,,,,,,,,,,,,,,,,,,,,,,,,,,,,,,,,,,,,,,,,,,,,,,,,,
412,1531,Minas,CÓRDOBA,AGRIC_FAM,,,,,,,,,,,,,,,,,,,,,,,,,,,,,,,,,,,,,,,,,,,,,,,,,,,
76,1210,Monte,BUENOS AIRES,AGRIC_FAM,,,,,,,,,,,,,,,,,,,,,,,,,,,,,,,,,,,,,,,,,,,,,,,,,,,
397,1516,Monte Caseros,CORRIENTES,AGRIC_FAM,,,,,,,,,,,,,,,,,,,,,,,,,,,,,,,,,,,,,,,,,,,,,,,,,,,
133,1269,Monte Hermoso,BUENOS AIRES,AGRIC_FAM,,,,,,,,,,,,,,,,,,,,,,,,,,,,,,,,,,,,,,,,,,,,,,,,,,,
366,1482,Montecarlo,MISIONES,AGRIC_FAM,,,,,285/2020,285/2020,285/2020,285/2020,285/2020,285/2020,285/2020,,,,,,,,,,,,,,,,,,,,,,,,,,,,,,,,,,,,,,,,
8,1072,Moreno,BUENOS AIRES,AGRIC_FAM,,,,,,,,,,,,,,,,,,,,,,,,,,,,,,,,,,,,,,,,,,,,,,,,,,,
93,1227,Morón,BUENOS AIRES,AGRIC_FAM,,,,,,,,,,,,,,,,,,,,,,,,,,,,,,,,,,,,,,,,,,,,,,,,,,,
110,1245,Navarro,BUENOS AIRES,AGRIC_FAM,,,,,,,,,,,,,,,,,,,,,,,,,,,,,,,,,,,,,,,,,,,,,,,,,,,
35,1105,Necochea,BUENOS AIRES,AGRIC_FAM,,,,,,,,,,,,,,,,,,,,,,,,,,,,,,,,,,,,,,,,,,,,,,,,,,,
338,1363,Nogoyá,ENTRE RÍOS,AGRIC_FAM,,,,,,,,,,,,,,,,,,,,,,,,,,,,,,,,,,,,,,,,,,,,,,,,,,,
269,1071,O'Higgins,CHACO,AGRIC_FAM,,,,,,,,,,,,,,,,,,,,,,,,,,,,,,,,,,,,,,,,,,,,,,,,,,,
368,1484,Oberá,MISIONES,AGRIC_FAM,,,,,285/2020,285/2020,285/2020,285/2020,285/2020,285/2020,285/2020,,,,,,,,,,,,,,,,,,,,,,,,,,,,,,,,,,,,,,,,
78,1212,Olavarría,BUENOS AIRES,AGRIC_FAM,,,,,,,,,,,,,,,,,,,,,,,,,,,,,,,,,,,,,,,,,,,,,,,,,,,
342,1367,Paraná,ENTRE RÍOS,AGRIC_FAM,,,,,,,,,,,,,,,,,,,,,,,,,,,,,,,,,,,,,,,,,,,,,,,,,,,
398,1517,Paso de los Libres,CORRIENTES,AGRIC_FAM,,,,,,,,,,,,,,,,,,,,,,,,,,,,,,,,,,,,,,,,,,,,,,,,,,,
142,1298,Patagones,BUENOS AIRES,AGRIC_FAM,,,,,,,,,,,,,,,,,,,,,,,,,,,,,,,,,,,,,,,,,,,,,,,,,,,
282,1149,Patiño,FORMOSA,AGRIC_FAM,,,,,,,,,,,,,,,,,,,,,,,,,,,,,,,,,,,,,,,,,,,,,,,,,,,
73,1207,Pehuajó,BUENOS AIRES,AGRIC_FAM,,,,,,,,,,,,,,,,,,,,,,,,,,,,,,,,,,,,,,,,,,,,,,,,,,,
45,1131,Pellegrini,BUENOS AIRES,AGRIC_FAM,,,,,,,,,,,,,,,,,,,,,,,,,,,,,,,,,,,,,,,,,,,,,,,,,,,
56,1159,Pergamino,BUENOS AIRES,AGRIC_FAM,,,,,,,,,,,,,,,,,,,,,,,,,,,,,,,,,,,,,,,,,,,,,,,,,,,
153,1346,Pila,BUENOS AIRES,AGRIC_FAM,,,,,,,,,,,,,,,,,,,,,,,,,,,,,,,,,,,,,,,,,,,,,,,,,,,
277,1120,Pilagás,FORMOSA,AGRIC_FAM,,,,,,,,,,,,,,,,,,,,,,,,,,,,,,,,,,,,,,,,,,,,,,,,,,,
90,1224,Pilar,BUENOS AIRES,AGRIC_FAM,,,,,,,,,,,,,,,,,,,,,,,,,,,,,,,,,,,,,,,,,,,,,,,,,,,
311,1293,Pilcomayo,FORMOSA,AGRIC_FAM,,,,,,,,,,,,,,,,,,,,,,,,,,,,,,,,,,,,,,,,,,,,,,,,,,,
21,1085,Pinamar,BUENOS AIRES,AGRIC_FAM,,,,,,,,,,,,,,,,,,,,,,,,,,,,,,,,,,,,,,,,,,,,,,,,,,,
279,1122,Pirané,FORMOSA,AGRIC_FAM,,,,,,,,,,,,,,,,,,,,,,,,,,,,,,,,,,,,,,,,,,,,,,,,,,,
425,1552,Pocho,CÓRDOBA,AGRIC_FAM,,,,,,,,,,,,,,,,,,,,,,,,,,,,,,,,,,,,,,,,,,,,,,,,,,,
286,1158,Presidencia de la Plaza,CHACO,AGRIC_FAM,,,,,,,,,,,,,,,,,,,,,,,,,,,,,,,,,,,,,,,,,,,,,,,,,,,
67,1201,Presidente Perón,BUENOS AIRES,AGRIC_FAM,,,,,,,,,,,,,,,,,,,,,,,,,,,,,,,,,,,,,,,,,,,,,,,,,,,
197,1538,Presidente Roque Sáenz Peña,CÓRDOBA,AGRIC_FAM,,,,,,,,,,,,,,,,,,,,,,,,,,,,,,,,,,,,,,,,,,,,,,,,,,,
46,1132,Puán,BUENOS AIRES,AGRIC_FAM,,,,,,,,,,,,,,,,,,,,,,,,,,,,,,,,,,,,,,,,,,,,,,,,,,,
509,1446,Puelén,LA PAMPA,AGRIC_FAM,,,,,,,,,,,,,,,,,,,,,,,,,,,,,,,,,,,,,,,,,,,,,,,,,,,
410,1529,Punilla,CÓRDOBA,AGRIC_FAM,,,,,,,,,,,,,,,,,,,,,,,,,,,,,,,,,,,,,,,,,,,,,,,,,,,
38,1112,Punta Indio,BUENOS AIRES,AGRIC_FAM,,,,,,,,,,,,,,,,,,,,,,,,,,,,,,,,,,,,,,,,,,,,,,,,,,,
188,1473,Quemú Quemú,LA PAMPA,AGRIC_FAM,,,,,,,,,,,,,,,,,,,,,,,,,,,,,,,,,,,,,,,,,,,,,,,,,,,
115,1250,Quilmes,BUENOS AIRES,AGRIC_FAM,,,,,,,,,,,,,,,,,,,,,,,,,,,,,,,,,,,,,,,,,,,,,,,,,,,
285,1157,Quitilipi,CHACO,AGRIC_FAM,,,,,,,,,,,,,,,,,,,,,,,,,,,,,,,,,,,,,,,,,,,,,,,,,,,
138,1274,Ramallo,BUENOS AIRES,AGRIC_FAM,,,,,,,,,,,,,,,,,,,,,,,,,,,,,,,,,,,,,,,,,,,,,,,,,,,
479,1312,Ramón Lista,FORMOSA,AGRIC_FAM,,,,,,,,,,,,,,,,,,,,,,,,,,,,,,,,,,,,,,,,,,,,,,,,,,,
167,1434,Rancul,LA PAMPA,AGRIC_FAM,,,,,,,,,,,,,,,,,,,,,,,,,,,,,,,,,,,,,,,,,,,,,,,,,,,
26,1096,Rauch,BUENOS AIRES,AGRIC_FAM,,,,,,,,,,,,,,,,,,,,,,,,,,,,,,,,,,,,,,,,,,,,,,,,,,,
173,1440,Realicó,LA PAMPA,AGRIC_FAM,,,,,,,,,,,,,,,,,,,,,,,,,,,,,,,,,,,,,,,,,,,,,,,,,,,
196,1537,Río Cuarto,CÓRDOBA,AGRIC_FAM,,,,,,,,,,,,,,,,,,,,,,,,,,,,,,,,,,,,,,,,,,,,,,,,,,,
423,1549,Río Primero,CÓRDOBA,AGRIC_FAM,,,,,,,,,,,,,,,,,,,,,,,,,,,,,,,,,,,,,,,,,,,,,,,,,,,
416,1540,Río Seco,CÓRDOBA,AGRIC_FAM,,,,,,,,,,,,,,,,,,,,,,,,,,,,,,,,,,,,,,,,,,,,,,,,,,,
414,1533,Río Segundo,CÓRDOBA,AGRIC_FAM,,,,,,,,,,,,,,,,,,,,,,,,,,,,,,,,,,,,,,,,,,,,,,,,,,,
182,1456,Rivadavia,BUENOS AIRES,AGRIC_FAM,,,,,,,,,,,,,,,,,,,,,,,,,,,,,,,,,,,,,,,,,,,,,,,,,,,
3,1066,Rojas,BUENOS AIRES,AGRIC_FAM,,,,,,,,,,,,,,,,,,,,,,,,,,,,,,,,,,,,,,,,,,,,,,,,,,,
77,1211,Roque Pérez,BUENOS AIRES,AGRIC_FAM,,,,,,,,,,,,,,,,,,,,,,,,,,,,,,,,,,,,,,,,,,,,,,,,,,,
163,1426,Rosario,SANTA FE,AGRIC_FAM,,,,,,,,,,,,,,,,,,,,,,,,,,,,,,,,,,,,,,,,,,,,,,,,,,,
132,1268,Saavedra,BUENOS AIRES,AGRIC_FAM,,,,,,,,,,,,,,,,,,,,,,,,,,,,,,,,,,,,,,,,,,,,,,,,,,,
390,1509,Saladas,CORRIENTES,AGRIC_FAM,,,,,,,,,,,,,,,,,,,,,,,,,,,,,,,,,,,,,,,,,,,,,,,,,,,
1,1064,Saladillo,BUENOS AIRES,AGRIC_FAM,,,,,,,,,,,,,,,,,,,,,,,,,,,,,,,,,,,,,,,,,,,,,,,,,,,
27,1097,Salliqueló,BUENOS AIRES,AGRIC_FAM,,,,,,,,,,,,,,,,,,,,,,,,,,,,,,,,,,,,,,,,,,,,,,,,,,,
84,1218,Salto,BUENOS AIRES,AGRIC_FAM,,,,,,,,,,,,,,,,,,,,,,,,,,,,,,,,,,,,,,,,,,,,,,,,,,,
413,1532,San Alberto,CÓRDOBA,AGRIC_FAM,,,,,,,,,,,,,,,,,,,,,,,,,,,,,,,,,,,,,,,,,,,,,,,,,,,
87,1221,San Andrés de Giles,BUENOS AIRES,AGRIC_FAM,,,,,,,,,,,,,,,,,,,,,,,,,,,,,,,,,,,,,,,,,,,,,,,,,,,
6,1069,San Antonio de Areco,BUENOS AIRES,AGRIC_FAM,,,,,,,,,,,,,,,,,,,,,,,,,,,,,,,,,,,,,,,,,,,,,,,,,,,
32,1102,San Cayetano,BUENOS AIRES,AGRIC_FAM,,,,,,,,,,,,,,,,,,,,,,,,,,,,,,,,,,,,,,,,,,,,,,,,,,,
406,1525,San Cosme,CORRIENTES,AGRIC_FAM,,,,,,,,,,,,,,,,,,,,,,,,,,,,,,,,,,,,,,,,,,,,,,,,,,,
358,1468,San Cristóbal,SANTA FE,AGRIC_FAM,,,,,,,,,,,,,,,,,,,,,,,,,,,,,,,,,,,,,,,,,,,,,,,,,,,
180,1450,San Fernando,BUENOS AIRES,AGRIC_FAM,,,,,,,,,,,,,,,,,,,,,,,,,,,,,,,,,,,,,,,,,,,,,,,,,,,
319,1317,San Fernando,CHACO,AGRIC_FAM,,,,,,,,,,,,,,,,,,,,,,,,,,,,,,,,,,,,,,,,,,,,,,,,,,,
364,1480,San Ignacio,MISIONES,AGRIC_FAM,,,,,285/2020,285/2020,285/2020,285/2020,285/2020,285/2020,285/2020,,,,,,,,,,,,,,,,,,,,,,,,,,,,,,,,,,,,,,,,
129,1264,San Isidro,BUENOS AIRES,AGRIC_FAM,,,,,,,,,,,,,,,,,,,,,,,,,,,,,,,,,,,,,,,,,,,,,,,,,,,
360,1470,San Javier,SANTA FE,AGRIC_FAM,,,,,,,,,,,,,,,,,,,,,,,,,,,,,,,,,,,,,,,,,,,,,,,,,,,
371,1487,San Javier,MISIONES,AGRIC_FAM,,,,,285/2020,285/2020,285/2020,285/2020,285/2020,285/2020,285/2020,,,,,,,,,,,,,,,,,,,,,,,,,,,,,,,,,,,,,,,,
422,1548,San Javier,CÓRDOBA,AGRIC_FAM,,,,,,,,,,,,,,,,,,,,,,,,,,,,,,,,,,,,,,,,,,,,,,,,,,,
362,1478,San Jerónimo,SANTA FE,AGRIC_FAM,,,,,,,,,,,,,,,,,,,,,,,,,,,,,,,,,,,,,,,,,,,,,,,,,,,
350,1429,San Justo,SANTA FE,AGRIC_FAM,,,,,,,,,,,,,,,,,,,,,,,,,,,,,,,,,,,,,,,,,,,,,,,,,,,
415,1534,San Justo,CÓRDOBA,AGRIC_FAM,,,,,,,,,,,,,,,,,,,,,,,,,,,,,,,,,,,,,,,,,,,,,,,,,,,
185,1465,San Lorenzo,SANTA FE,AGRIC_FAM,,,,,,,,,,,,,,,,,,,,,,,,,,,,,,,,,,,,,,,,,,,,,,,,,,,
320,1318,San Lorenzo,CHACO,AGRIC_FAM,,,,,,,,,,,,,,,,,,,,,,,,,,,,,,,,,,,,,,,,,,,,,,,,,,,
383,1502,San Luis del Palmar,CORRIENTES,AGRIC_FAM,,,,,,,,,,,,,,,,,,,,,,,,,,,,,,,,,,,,,,,,,,,,,,,,,,,
352,1454,San Martín,SANTA FE,AGRIC_FAM,,,,,,,,,,,,,,,,,,,,,,,,,,,,,,,,,,,,,,,,,,,,,,,,,,,
399,1518,San Martín,CORRIENTES,AGRIC_FAM,,,,,,,,,,,,,,,,,,,,,,,,,,,,,,,,,,,,,,,,,,,,,,,,,,,
86,1220,San Miguel,BUENOS AIRES,AGRIC_FAM,,,,,,,,,,,,,,,,,,,,,,,,,,,,,,,,,,,,,,,,,,,,,,,,,,,
402,1521,San Miguel,CORRIENTES,AGRIC_FAM,,,,,,,,,,,,,,,,,,,,,,,,,,,,,,,,,,,,,,,,,,,,,,,,,,,
139,1275,San Nicolás,BUENOS AIRES,AGRIC_FAM,,,,,,,,,,,,,,,,,,,,,,,,,,,,,,,,,,,,,,,,,,,,,,,,,,,
146,1305,San Pedro,BUENOS AIRES,AGRIC_FAM,,,,,,,,,,,,,,,,,,,,,,,,,,,,,,,,,,,,,,,,,,,,,,,,,,,
375,1491,San Pedro,MISIONES,AGRIC_FAM,,,,,285/2020,285/2020,285/2020,285/2020,285/2020,285/2020,285/2020,,,,,,,,,,,,,,,,,,,,,,,,,,,,,,,,,,,,,,,,
387,1506,San Roque,CORRIENTES,AGRIC_FAM,,,,,,,,,,,,,,,,,,,,,,,,,,,,,,,,,,,,,,,,,,,,,,,,,,,
337,1362,San Salvador,ENTRE RÍOS,AGRIC_FAM,,,,,,,,,,,,,,,,,,,,,,,,,,,,,,,,,,,,,,,,,,,,,,,,,,,
112,1247,San Vicente,BUENOS AIRES,AGRIC_FAM,,,,,,,,,,,,,,,,,,,,,,,,,,,,,,,,,,,,,,,,,,,,,,,,,,,
411,1530,Santa María,CÓRDOBA,AGRIC_FAM,,,,,,,,,,,,,,,,,,,,,,,,,,,,,,,,,,,,,,,,,,,,,,,,,,,
401,1520,Santo Tomé,CORRIENTES,AGRIC_FAM,,,,,,,,,,,,,,,,,,,,,,,,,,,,,,,,,,,,,,,,,,,,,,,,,,,
287,1160,Sargento Cabral,CHACO,AGRIC_FAM,,,,,,,,,,,,,,,,,,,,,,,,,,,,,,,,,,,,,,,,,,,,,,,,,,,
395,1514,Sauce,CORRIENTES,AGRIC_FAM,,,,,,,,,,,,,,,,,,,,,,,,,,,,,,,,,,,,,,,,,,,,,,,,,,,
417,1541,Sobremonte,CÓRDOBA,AGRIC_FAM,,,,,,,,,,,,,,,,,,,,,,,,,,,,,,,,,,,,,,,,,,,,,,,,,,,
100,1234,Suipacha,BUENOS AIRES,AGRIC_FAM,,,,,,,,,,,,,,,,,,,,,,,,,,,,,,,,,,,,,,,,,,,,,,,,,,,
339,1364,Tala,ENTRE RÍOS,AGRIC_FAM,,,,,,,,,,,,,,,,,,,,,,,,,,,,,,,,,,,,,,,,,,,,,,,,,,,
13,1077,Tandil,BUENOS AIRES,AGRIC_FAM,,,,,,,,,,,,,,,,,,,,,,,,,,,,,,,,,,,,,,,,,,,,,,,,,,,
119,1254,Tapalqué,BUENOS AIRES,AGRIC_FAM,,,,,,,,,,,,,,,,,,,,,,,,,,,,,,,,,,,,,,,,,,,,,,,,,,,
284,1156,Tapenagá,CHACO,AGRIC_FAM,,,,,,,,,,,,,,,,,,,,,,,,,,,,,,,,,,,,,,,,,,,,,,,,,,,
195,1536,Tercero Arriba,CÓRDOBA,AGRIC_FAM,,,,,,,,,,,,,,,,,,,,,,,,,,,,,,,,,,,,,,,,,,,,,,,,,,,
181,1451,Tigre,BUENOS AIRES,AGRIC_FAM,,,,,,,,,,,,,,,,,,,,,,,,,,,,,,,,,,,,,,,,,,,,,,,,,,,
175,1442,Toay,LA PAMPA,AGRIC_FAM,,,,,,,,,,,,,,,,,,,,,,,,,,,,,,,,,,,,,,,,,,,,,,,,,,,
136,1272,Tordillo,BUENOS AIRES,AGRIC_FAM,,,,,,,,,,,,,,,,,,,,,,,,,,,,,,,,,,,,,,,,,,,,,,,,,,,
29,1099,Tornquist,BUENOS AIRES,AGRIC_FAM,,,,,,,,,,,,,,,,,,,,,,,,,,,,,,,,,,,,,,,,,,,,,,,,,,,
421,1546,Totoral,CÓRDOBA,AGRIC_FAM,,,,,,,,,,,,,,,,,,,,,,,,,,,,,,,,,,,,,,,,,,,,,,,,,,,
177,1444,Trenel,LA PAMPA,AGRIC_FAM,,,,,,,,,,,,,,,,,,,,,,,,,,,,,,,,,,,,,,,,,,,,,,,,,,,
74,1208,Trenque Lauquen,BUENOS AIRES,AGRIC_FAM,,,,,,,,,,,,,,,,,,,,,,,,,,,,,,,,,,,,,,,,,,,,,,,,,,,
33,1103,Tres Arroyos,BUENOS AIRES,AGRIC_FAM,,,,,,,,,,,,,,,,,,,,,,,,,,,,,,,,,,,,,,,,,,,,,,,,,,,
101,1235,Tres de Febrero,BUENOS AIRES,AGRIC_FAM,,,,,,,,,,,,,,,,,,,,,,,,,,,,,,,,,,,,,,,,,,,,,,,,,,,
124,1259,Tres Lomas,BUENOS AIRES,AGRIC_FAM,,,,,,,,,,,,,,,,,,,,,,,,,,,,,,,,,,,,,,,,,,,,,,,,,,,
408,1527,Tulumba,CÓRDOBA,AGRIC_FAM,,,,,,,,,,,,,,,,,,,,,,,,,,,,,,,,,,,,,,,,,,,,,,,,,,,
194,1535,Unión,CÓRDOBA,AGRIC_FAM,,,,,,,,,,,,,,,,,,,,,,,,,,,,,,,,,,,,,,,,,,,,,,,,,,,
192,1498,Uruguay,ENTRE RÍOS,AGRIC_FAM,,,,,,,,,,,,,,,,,,,,,,,,,,,,,,,,,,,,,,,,,,,,,,,,,,,
174,1441,Utracán,LA PAMPA,AGRIC_FAM,,,,,,,,,,,,,,,,,,,,,,,,,,,,,,,,,,,,,,,,,,,,,,,,,,,
356,1466,Vera,SANTA FE,AGRIC_FAM,,,,,,,,,,,,,,,,,,,,,,,,,,,,,,,,,,,,,,,,,,,,,,,,,,,
25,1089,Vicente López,BUENOS AIRES,AGRIC_FAM,,,,,,,,,,,,,,,,,,,,,,,,,,,,,,,,,,,,,,,,,,,,,,,,,,,
154,1369,Victoria,ENTRE RÍOS,AGRIC_FAM,,,,,,,,,,,,,,,,,,,,,,,,,,,,,,,,,,,,,,,,,,,,,,,,,,,
20,1084,Villa Gesell,BUENOS AIRES,AGRIC_FAM,,,,,,,,,,,,,,,,,,,,,,,,,,,,,,,,,,,,,,,,,,,,,,,,,,,
335,1360,Villaguay,ENTRE RÍOS,AGRIC_FAM,,,,,,,,,,,,,,,,,,,,,,,,,,,,,,,,,,,,,,,,,,,,,,,,,,,
47,1133,Villarino,BUENOS AIRES,AGRIC_FAM,,,,,,,,,,,,,,,,,,,,,,,,,,,,,,,,,,,,,,,,,,,,,,,,,,,
137,1273,Zárate,BUENOS AIRES,AGRIC_FAM,,,,,,,,,,,,,,,,,,,,,,,,,,,,,,,,,,,,,,,,,,,,,,,,,,,
