{
"type": "FeatureCollection",
"name": "Departamentos_area_estudio_v3",
"crs": { "type": "name", "properties": { "name": "urn:ogc:def:crs:OGC:1.3:CRS84" } },
"features": [
{ "type": "Feature", "properties": { "fid": 1, "gid": 1064, "DEPARTAMENTO": "Saladillo", "PROVINCIA": "Buenos Aires" }, "geometry": { "type": "MultiPolygon", "coordinates": [ [ [ [ -59.615169, -35.458376000000264 ], [ -59.550999, -35.462192000000258 ], [ -59.524477, -35.456402000000267 ], [ -59.495521, -35.493084000000266 ], [ -59.470936500000064, -35.493482630000251 ], [ -59.376959, -35.536879000000269 ], [ -59.349668, -35.529441000000254 ], [ -59.41261, -35.586127000000261 ], [ -59.330802, -35.646304000000256 ], [ -59.32663, -35.642713000000263 ], [ -59.18148, -35.755356000000255 ], [ -59.183348, -35.762860000000266 ], [ -59.240944, -35.793172000000276 ], [ -59.30299, -35.795039000000259 ], [ -59.318452, -35.809448000000259 ], [ -59.347268660000054, -35.803595160000278 ], [ -59.381614, -35.817228000000263 ], [ -59.38969, -35.806892000000275 ], [ -59.416425, -35.802200000000262 ], [ -59.458784, -35.814201000000246 ], [ -59.482563, -35.811733000000253 ], [ -59.481366, -35.820212000000261 ], [ -59.505701, -35.817001000000246 ], [ -59.569427, -35.853817000000262 ], [ -59.617197, -35.853152000000257 ], [ -59.647116, -35.86163700000025 ], [ -59.6747, -35.843686000000247 ], [ -59.673988, -35.834808000000265 ], [ -59.691909, -35.827586000000245 ], [ -59.752262, -35.834550000000256 ], [ -59.774311, -35.847173000000268 ], [ -59.792017, -35.841034000000256 ], [ -59.814612, -35.854275000000257 ], [ -59.831394, -35.847779000000259 ], [ -59.872342, -35.876673000000253 ], [ -59.871154, -35.899253000000257 ], [ -59.885596, -35.912586000000253 ], [ -60.05608, -35.780529000000257 ], [ -60.117957, -35.833675000000255 ], [ -60.2186, -35.752348000000232 ], [ -60.116733, -35.66444200000025 ], [ -60.059248, -35.70946400000026 ], [ -60.043907, -35.696925000000263 ], [ -60.024369, -35.695618000000259 ], [ -60.022987, -35.685752000000285 ], [ -60.030921, -35.683025000000249 ], [ -60.021042, -35.681762000000269 ], [ -60.025754, -35.672353000000264 ], [ -60.00544, -35.661698000000271 ], [ -60.017622, -35.653482000000281 ], [ -60.034843, -35.655265000000263 ], [ -60.030241, -35.638335000000261 ], [ -60.039969, -35.624195000000277 ], [ -60.031024, -35.624436000000266 ], [ -60.016255, -35.605495000000239 ], [ -60.008422, -35.579878000000257 ], [ -60.02802, -35.552580000000255 ], [ -60.011545, -35.543322000000266 ], [ -60.004894, -35.528916000000258 ], [ -59.994974, -35.529957000000273 ], [ -59.930062, -35.48817700000027 ], [ -59.886577, -35.480810000000247 ], [ -59.822701, -35.496493000000271 ], [ -59.780238, -35.476813000000256 ], [ -59.697493, -35.47621600000025 ], [ -59.687819, -35.469088000000255 ], [ -59.629537, -35.463431000000263 ], [ -59.620522140000048, -35.451379980000262 ], [ -59.615169, -35.458376000000264 ] ] ] ] } },
{ "type": "Feature", "properties": { "fid": 2, "gid": 1065, "DEPARTAMENTO": "Las Flores", "PROVINCIA": "Buenos Aires" }, "geometry": { "type": "MultiPolygon", "coordinates": [ [ [ [ -59.13975723000005, -35.666245650000256 ], [ -59.095855790000059, -35.696740960000255 ], [ -59.103382, -35.703118000000266 ], [ -58.974425, -35.816928000000253 ], [ -58.956746, -35.803191000000254 ], [ -58.900579960000051, -35.847451510000248 ], [ -58.891825, -35.840171000000254 ], [ -58.729174, -35.967546000000269 ], [ -58.749021, -35.984720000000273 ], [ -58.70753, -36.017280000000248 ], [ -58.809197, -36.105666000000269 ], [ -58.828857, -36.110816000000256 ], [ -58.844007, -36.144428000000261 ], [ -58.902118, -36.158973000000266 ], [ -58.914963, -36.171623000000253 ], [ -59.028677, -36.216834000000262 ], [ -59.071032, -36.221616000000253 ], [ -59.081017, -36.239487000000253 ], [ -59.103079, -36.247003000000262 ], [ -59.09923, -36.267681000000252 ], [ -59.105968, -36.274767000000267 ], [ -59.156455, -36.289369000000264 ], [ -59.191621, -36.313306000000253 ], [ -59.218405, -36.321212000000259 ], [ -59.240947, -36.344191000000251 ], [ -59.292984230000066, -36.374640150000261 ], [ -59.488195100000063, -36.227053190000262 ], [ -59.382453, -36.135384000000258 ], [ -59.553214320000059, -36.00679114000026 ], [ -59.516484, -35.975994000000263 ], [ -59.70006, -35.831667000000266 ], [ -59.676141, -35.833325000000265 ], [ -59.674459530000064, -35.843905180000263 ], [ -59.641602, -35.862003000000257 ], [ -59.617197, -35.853152000000257 ], [ -59.560083, -35.851030000000272 ], [ -59.531548, -35.828002000000247 ], [ -59.515994, -35.82707300000024 ], [ -59.503872, -35.816673000000264 ], [ -59.481366, -35.820212000000261 ], [ -59.479543, -35.810920000000287 ], [ -59.458784, -35.814201000000246 ], [ -59.416425, -35.802200000000262 ], [ -59.38969, -35.806892000000275 ], [ -59.379359530000066, -35.817386970000264 ], [ -59.347268660000054, -35.803595160000278 ], [ -59.318452, -35.809448000000259 ], [ -59.30299, -35.795039000000259 ], [ -59.240944, -35.793172000000276 ], [ -59.183348, -35.762860000000266 ], [ -59.174878, -35.712006000000265 ], [ -59.166624890000058, -35.706229310000282 ], [ -59.15556, -35.711294000000265 ], [ -59.131081, -35.698178000000262 ], [ -59.13975723000005, -35.666245650000256 ] ] ] ] } },
{ "type": "Feature", "properties": { "fid": 3, "gid": 1066, "DEPARTAMENTO": "Rojas", "PROVINCIA": "Buenos Aires" }, "geometry": { "type": "MultiPolygon", "coordinates": [ [ [ [ -60.895253, -33.886616000000274 ], [ -60.703284, -34.026870000000265 ], [ -60.715401, -34.035737000000267 ], [ -60.674744, -34.064331000000287 ], [ -60.655302, -34.093142000000277 ], [ -60.637418120000063, -34.096323130000279 ], [ -60.624474, -34.112153000000262 ], [ -60.578423, -34.116370000000281 ], [ -60.515266730000072, -34.143910380000271 ], [ -60.502159, -34.155524000000263 ], [ -60.488659, -34.187018000000272 ], [ -60.469889780000081, -34.199868180000266 ], [ -60.489968, -34.21964400000028 ], [ -60.49057, -34.231165000000267 ], [ -60.535958, -34.255810000000274 ], [ -60.549166, -34.275661000000284 ], [ -60.535877, -34.332020000000256 ], [ -60.538785, -34.349286000000269 ], [ -60.578268, -34.392173000000277 ], [ -60.559846, -34.406436000000276 ], [ -60.677205, -34.509355000000262 ], [ -60.758896, -34.44453300000027 ], [ -60.753261, -34.439446000000288 ], [ -60.902675, -34.32607800000028 ], [ -60.922984, -34.33613900000028 ], [ -60.952244, -34.333842000000267 ], [ -60.966442790000066, -34.345826970000275 ], [ -61.059106, -34.269008000000284 ], [ -61.013862, -34.231620000000284 ], [ -60.958291, -34.276695000000259 ], [ -60.91725, -34.24158700000028 ], [ -61.122081140000077, -34.07195024000027 ], [ -61.062694, -34.039381000000283 ], [ -60.949114, -33.923005000000266 ], [ -60.906516920000065, -33.887308800000248 ], [ -60.895253, -33.886616000000274 ] ] ] ] } },
{ "type": "Feature", "properties": { "fid": 4, "gid": 1067, "DEPARTAMENTO": "Escobar", "PROVINCIA": "Buenos Aires" }, "geometry": { "type": "MultiPolygon", "coordinates": [ [ [ [ -58.798512, -34.230221000000263 ], [ -58.649515, -34.266598000000272 ], [ -58.680813, -34.347213000000266 ], [ -58.720619, -34.363290000000262 ], [ -58.70532886000008, -34.372972570000286 ], [ -58.721358, -34.390084000000279 ], [ -58.715909, -34.392543000000295 ], [ -58.734634, -34.402460000000275 ], [ -58.705609760000073, -34.439337050000276 ], [ -58.737313180000065, -34.456415660000268 ], [ -58.777666, -34.404272000000269 ], [ -58.788323, -34.399672000000287 ], [ -58.816989, -34.415404000000287 ], [ -58.900643, -34.308488000000267 ], [ -58.880793, -34.297921000000279 ], [ -58.877921, -34.274441000000273 ], [ -58.863914, -34.277233000000273 ], [ -58.858387, -34.261979000000274 ], [ -58.776382, -34.285744000000278 ], [ -58.776544, -34.273815000000269 ], [ -58.803303, -34.236333000000272 ], [ -58.798512, -34.230221000000263 ] ] ] ] } },
{ "type": "Feature", "properties": { "fid": 5, "gid": 1068, "DEPARTAMENTO": "José C. Paz", "PROVINCIA": "Buenos Aires" }, "geometry": { "type": "MultiPolygon", "coordinates": [ [ [ [ -58.821687, -34.45195600000028 ], [ -58.720898760000068, -34.518234280000271 ], [ -58.753224, -34.548878000000279 ], [ -58.776028050000065, -34.557057760000291 ], [ -58.823584, -34.508215000000277 ], [ -58.811153, -34.48574400000026 ], [ -58.821687, -34.45195600000028 ] ] ] ] } },
{ "type": "Feature", "properties": { "fid": 6, "gid": 1069, "DEPARTAMENTO": "San Antonio de Areco", "PROVINCIA": "Buenos Aires" }, "geometry": { "type": "MultiPolygon", "coordinates": [ [ [ [ -59.321962, -33.99629800000028 ], [ -59.301105, -34.044103000000277 ], [ -59.302504, -34.064062000000291 ], [ -59.2662, -34.091783000000277 ], [ -59.279566730000049, -34.145966770000278 ], [ -59.324703, -34.163679000000258 ], [ -59.3666, -34.198921000000269 ], [ -59.378109, -34.226055000000272 ], [ -59.37423, -34.239991000000273 ], [ -59.396177, -34.262907000000283 ], [ -59.419483170000049, -34.268606950000276 ], [ -59.411872, -34.276257000000285 ], [ -59.422613, -34.282649000000269 ], [ -59.415838, -34.290935000000282 ], [ -59.427299, -34.297002000000262 ], [ -59.423801, -34.302611000000262 ], [ -59.431969, -34.30666600000027 ], [ -59.437825, -34.299091000000274 ], [ -59.49072687000006, -34.318916860000257 ], [ -59.542667, -34.350548000000288 ], [ -59.606599, -34.406140000000278 ], [ -59.618845, -34.396637000000268 ], [ -59.644583, -34.417529000000279 ], [ -59.670525, -34.397923000000269 ], [ -59.67533, -34.404053000000268 ], [ -59.69744, -34.288315000000274 ], [ -59.692702, -34.285921000000272 ], [ -59.781580210000065, -34.219316200000279 ], [ -59.676092570000058, -34.166664300000271 ], [ -59.642737, -34.158643000000261 ], [ -59.594586, -34.171730000000274 ], [ -59.562088, -34.167967000000274 ], [ -59.543323, -34.15212700000027 ], [ -59.510907, -34.099400000000273 ], [ -59.463094, -34.135008000000276 ], [ -59.395542, -34.074512000000276 ], [ -59.406464, -34.060950000000254 ], [ -59.334429, -34.038578000000285 ], [ -59.318215, -34.020659000000286 ], [ -59.321962, -33.99629800000028 ] ] ] ] } },
{ "type": "Feature", "properties": { "fid": 7, "gid": 1070, "DEPARTAMENTO": "Maipú", "PROVINCIA": "Buenos Aires" }, "geometry": { "type": "MultiPolygon", "coordinates": [ [ [ [ -57.464357, -36.570926000000256 ], [ -57.175822950000047, -36.784424560000254 ], [ -57.233511, -36.788497000000255 ], [ -57.223932, -36.908594000000264 ], [ -57.321658, -36.910633000000253 ], [ -57.304915, -37.003893000000254 ], [ -57.493385, -37.017144000000251 ], [ -57.486938, -37.104952000000253 ], [ -57.566404, -37.105267000000261 ], [ -57.674815380000048, -37.202944190000245 ], [ -58.010671260000052, -36.958719650000269 ], [ -57.943913, -36.898796000000239 ], [ -57.97236, -36.877823000000269 ], [ -57.919611, -36.833243000000266 ], [ -57.891641890000038, -36.85448878000026 ], [ -57.74572, -36.734260000000269 ], [ -57.70711, -36.763010000000264 ], [ -57.660648, -36.723097000000266 ], [ -57.653985, -36.728099000000263 ], [ -57.49374, -36.581361000000257 ], [ -57.464357, -36.570926000000256 ] ] ] ] } },
{ "type": "Feature", "properties": { "fid": 8, "gid": 1072, "DEPARTAMENTO": "Moreno", "PROVINCIA": "Buenos Aires" }, "geometry": { "type": "MultiPolygon", "coordinates": [ [ [ [ -58.823771, -34.508367000000277 ], [ -58.77694, -34.557917000000259 ], [ -58.713374, -34.605638000000269 ], [ -58.731742, -34.642561000000278 ], [ -58.757549, -34.660482000000258 ], [ -58.818311, -34.68558900000027 ], [ -58.860294, -34.685206000000278 ], [ -58.884468, -34.66879600000027 ], [ -58.884309, -34.627195000000256 ], [ -58.864113, -34.61688200000026 ], [ -58.890951, -34.579812000000274 ], [ -58.847501, -34.549171000000264 ], [ -58.823771, -34.508367000000277 ] ] ] ] } },
{ "type": "Feature", "properties": { "fid": 9, "gid": 1073, "DEPARTAMENTO": "La Matanza", "PROVINCIA": "Buenos Aires" }, "geometry": { "type": "MultiPolygon", "coordinates": [ [ [ [ -58.552206670000054, -34.637593970000253 ], [ -58.461655200000052, -34.705134960000279 ], [ -58.483901980000049, -34.732135770000291 ], [ -58.504473, -34.721278000000275 ], [ -58.512664, -34.739894000000277 ], [ -58.538749, -34.746805000000272 ], [ -58.537507, -34.756953000000259 ], [ -58.545882, -34.758892000000266 ], [ -58.551406, -34.750907000000289 ], [ -58.566983, -34.757761000000279 ], [ -58.572171, -34.775224000000279 ], [ -58.58634, -34.780372000000277 ], [ -58.594479, -34.80557300000028 ], [ -58.615506, -34.81852700000028 ], [ -58.646857, -34.88968500000027 ], [ -58.694106, -34.912194550000279 ], [ -58.762494, -34.858422000000267 ], [ -58.749862, -34.847367000000268 ], [ -58.773244, -34.827613000000277 ], [ -58.707051, -34.811268000000261 ], [ -58.75024716000005, -34.777588460000267 ], [ -58.728396420000045, -34.759307410000275 ], [ -58.703884, -34.778711000000278 ], [ -58.681935, -34.759500000000273 ], [ -58.67361, -34.766327000000281 ], [ -58.657915, -34.753297000000281 ], [ -58.675462, -34.739295000000283 ], [ -58.636154, -34.715029000000285 ], [ -58.642988520000053, -34.709608490000271 ], [ -58.639379050000066, -34.700620580000262 ], [ -58.580707, -34.649398000000261 ], [ -58.581876, -34.643170000000275 ], [ -58.552206670000054, -34.637593970000253 ] ] ] ] } },
{ "type": "Feature", "properties": { "fid": 10, "gid": 1074, "DEPARTAMENTO": "General Paz", "PROVINCIA": "Buenos Aires" }, "geometry": { "type": "MultiPolygon", "coordinates": [ [ [ [ -58.442962670000064, -35.21623826000026 ], [ -58.246816, -35.365325000000261 ], [ -58.259555, -35.37710900000026 ], [ -58.219269, -35.40803786000027 ], [ -58.18685, -35.382581000000279 ], [ -58.154861700000055, -35.40809093000027 ], [ -58.193911, -35.440953000000277 ], [ -58.152389, -35.47237300000026 ], [ -58.203818, -35.518666000000266 ], [ -58.199074, -35.522524000000274 ], [ -58.436248, -35.73305100000028 ], [ -58.441379, -35.702871000000272 ], [ -58.462586, -35.686593000000265 ], [ -58.474359, -35.705933000000265 ], [ -58.486524, -35.706937000000273 ], [ -58.506436, -35.650498000000262 ], [ -58.499362, -35.645138000000266 ], [ -58.568715, -35.595902000000279 ], [ -58.470486, -35.511942000000268 ], [ -58.58208475000005, -35.421434360000262 ], [ -58.525111360000054, -35.366573560000255 ], [ -58.571653740000059, -35.328204390000273 ], [ -58.442962670000064, -35.21623826000026 ] ] ] ] } },
{ "type": "Feature", "properties": { "fid": 11, "gid": 1075, "DEPARTAMENTO": "General Guido", "PROVINCIA": "Buenos Aires" }, "geometry": { "type": "MultiPolygon", "coordinates": [ [ [ [ -57.98675724000006, -36.27782831000026 ], [ -57.775461, -36.437637000000272 ], [ -57.80981, -36.467019000000263 ], [ -57.777945, -36.492944000000271 ], [ -57.848529, -36.555173000000266 ], [ -57.763506, -36.623935000000266 ], [ -57.776365, -36.634535000000255 ], [ -57.660584620000044, -36.72313700000025 ], [ -57.70711, -36.763010000000264 ], [ -57.74572, -36.734260000000269 ], [ -57.891641890000038, -36.85448878000026 ], [ -57.919611, -36.833243000000266 ], [ -57.97236, -36.877823000000269 ], [ -57.943913, -36.898796000000239 ], [ -58.010671260000052, -36.958719650000269 ], [ -57.944451, -37.007599000000262 ], [ -58.019866, -37.075971000000251 ], [ -58.286542610000048, -36.881029970000256 ], [ -58.11442203000005, -36.728124030000245 ], [ -58.226176030000047, -36.62766604000025 ], [ -58.101463270000053, -36.52129391000026 ], [ -58.189420540000057, -36.452360580000246 ], [ -57.98675724000006, -36.27782831000026 ] ] ] ] } },
{ "type": "Feature", "properties": { "fid": 12, "gid": 1076, "DEPARTAMENTO": "General Juan Madariaga", "PROVINCIA": "Buenos Aires" }, "geometry": { "type": "MultiPolygon", "coordinates": [ [ [ [ -57.106832240000045, -36.835510520000255 ], [ -57.08975, -36.829523000000265 ], [ -56.997182, -36.861819000000253 ], [ -56.991541, -36.88947800000026 ], [ -57.005922, -36.909715000000261 ], [ -56.993838, -36.901079000000259 ], [ -56.97939, -36.90336100000026 ], [ -56.985153, -36.949530000000266 ], [ -56.94007, -36.959358000000265 ], [ -56.954929, -36.989057000000258 ], [ -56.946978, -36.995091000000258 ], [ -56.900496, -37.000149000000256 ], [ -56.819485270000058, -37.025200910000258 ], [ -56.991969840000046, -37.237095100000253 ], [ -57.042519390000038, -37.231487650000268 ], [ -56.993576460000043, -37.241268030000263 ], [ -57.062295700000043, -37.333351550000245 ], [ -57.105641310000046, -37.378073220000239 ], [ -57.163379470000045, -37.485747180000253 ], [ -57.211120470000033, -37.533013310000285 ], [ -57.674815380000048, -37.202944190000245 ], [ -57.566404, -37.105267000000261 ], [ -57.486938, -37.104952000000253 ], [ -57.493385, -37.017144000000251 ], [ -57.304915, -37.003893000000254 ], [ -57.321658, -36.910633000000253 ], [ -57.223932, -36.908594000000264 ], [ -57.233511, -36.788497000000255 ], [ -57.175822950000047, -36.784424560000254 ], [ -57.106832240000045, -36.835510520000255 ] ] ] ] } },
{ "type": "Feature", "properties": { "fid": 13, "gid": 1077, "DEPARTAMENTO": "Tandil", "PROVINCIA": "Buenos Aires" }, "geometry": { "type": "MultiPolygon", "coordinates": [ [ [ [ -59.219499, -36.963933000000253 ], [ -58.610899, -37.411263000000247 ], [ -59.110395, -37.826431000000248 ], [ -59.114926, -37.790140000000264 ], [ -59.128224, -37.779204000000242 ], [ -59.133571, -37.757489000000227 ], [ -59.166233, -37.736502000000236 ], [ -59.170841, -37.700552000000236 ], [ -59.153019, -37.658956000000259 ], [ -59.162562, -37.631559000000252 ], [ -59.185495, -37.61675200000024 ], [ -59.225977070000063, -37.650843170000243 ], [ -59.779743460000049, -37.23838792000025 ], [ -59.736197, -37.233931000000226 ], [ -59.69936, -37.216611000000249 ], [ -59.66836, -37.181928000000248 ], [ -59.641373, -37.173492000000252 ], [ -59.625983, -37.153751000000241 ], [ -59.586567, -37.132493000000238 ], [ -59.582187, -37.112806000000262 ], [ -59.567639, -37.097809000000247 ], [ -59.552189, -37.094316000000262 ], [ -59.542111, -37.080834000000252 ], [ -59.520826, -37.082358000000248 ], [ -59.479846, -37.036738000000263 ], [ -59.436834, -37.021329000000257 ], [ -59.433526, -36.999462000000271 ], [ -59.399566, -36.970779000000256 ], [ -59.392563, -36.946608000000246 ], [ -59.359664, -36.897223000000253 ], [ -59.356129, -36.878559000000251 ], [ -59.365012, -36.851260000000245 ], [ -59.359311, -36.845140000000249 ], [ -59.210697, -36.956450000000252 ], [ -59.219499, -36.963933000000253 ] ] ] ] } },
{ "type": "Feature", "properties": { "fid": 14, "gid": 1078, "DEPARTAMENTO": "Coronel Suárez", "PROVINCIA": "Buenos Aires" }, "geometry": { "type": "MultiPolygon", "coordinates": [ [ [ [ -61.70785, -36.907189000000244 ], [ -61.604630290000088, -36.994425430000256 ], [ -61.735437, -37.093506000000247 ], [ -61.740514, -37.106126000000238 ], [ -61.716639, -37.135328000000243 ], [ -61.72499, -37.156033000000249 ], [ -61.715103, -37.168425000000241 ], [ -61.702772, -37.216555000000248 ], [ -61.712631, -37.23773300000024 ], [ -61.721111, -37.240355000000243 ], [ -61.717675, -37.248306000000241 ], [ -61.734243, -37.255978000000241 ], [ -61.744262, -37.271556000000238 ], [ -61.750076, -37.303527000000258 ], [ -61.53674, -37.483010000000235 ], [ -61.596799, -37.530862000000234 ], [ -61.488433, -37.618856000000235 ], [ -61.538169, -37.657284000000239 ], [ -61.44205, -37.734938000000241 ], [ -61.60554, -37.861534000000248 ], [ -61.509315, -37.937967000000228 ], [ -61.682948, -38.074200000000232 ], [ -61.662952, -38.090764000000242 ], [ -61.767389370000068, -38.17245044000024 ], [ -61.78332, -38.158214000000243 ], [ -61.775883, -38.14068200000024 ], [ -61.792692, -38.137492000000243 ], [ -61.799747, -38.109579000000224 ], [ -61.822305, -38.096474000000228 ], [ -61.818828, -38.082341000000241 ], [ -61.827134, -38.065352000000225 ], [ -61.831013, -38.07045800000023 ], [ -61.840201, -38.059660000000235 ], [ -61.857379, -38.057644000000231 ], [ -61.872035, -38.033518000000228 ], [ -61.883786, -38.035015000000236 ], [ -61.906406, -38.014226000000242 ], [ -61.930716, -38.008459000000251 ], [ -61.94947, -38.022806000000237 ], [ -61.92978, -38.039125000000233 ], [ -61.951627, -38.056987000000248 ], [ -62.050357, -37.990734000000252 ], [ -62.049601, -37.971499000000243 ], [ -62.071727, -37.963531000000224 ], [ -62.098933250000066, -37.935484320000235 ], [ -62.04469, -37.752474000000234 ], [ -62.10035, -37.72552400000022 ], [ -62.084609, -37.706456000000223 ], [ -62.10541, -37.69588600000025 ], [ -62.101971, -37.689930000000238 ], [ -62.131113, -37.656871000000244 ], [ -62.124791, -37.633517000000225 ], [ -62.191689, -37.595858000000234 ], [ -62.220578, -37.59080400000024 ], [ -62.211065, -37.57779900000024 ], [ -62.227353, -37.572384000000248 ], [ -62.218579, -37.560718000000229 ], [ -62.250001950000069, -37.544981030000258 ], [ -62.233507, -37.539010000000232 ], [ -62.283399, -37.453408000000245 ], [ -62.321996, -37.467866000000235 ], [ -62.373165940000085, -37.404070060000244 ], [ -62.390814, -37.412573000000251 ], [ -62.398402290000064, -37.399412230000259 ], [ -62.383878, -37.393046000000247 ], [ -62.397712, -37.378482000000233 ], [ -62.408146, -37.382880000000242 ], [ -62.425401, -37.348682000000238 ], [ -62.211774, -37.18026800000024 ], [ -62.202974, -37.187142000000243 ], [ -61.974843, -37.016773000000256 ], [ -61.916273, -37.067143000000257 ], [ -61.875676, -37.036577000000264 ], [ -61.892052, -37.02252900000024 ], [ -61.778158, -36.930425000000241 ], [ -61.760025, -36.945973000000244 ], [ -61.70785, -36.907189000000244 ] ] ] ] } },
{ "type": "Feature", "properties": { "fid": 15, "gid": 1079, "DEPARTAMENTO": "Adolfo Gonzales Chaves", "PROVINCIA": "Buenos Aires" }, "geometry": { "type": "MultiPolygon", "coordinates": [ [ [ [ -60.424207, -37.697668000000249 ], [ -60.323435, -37.776369000000237 ], [ -60.261959, -37.728752000000242 ], [ -60.146190640000064, -37.817559880000239 ], [ -60.139358, -37.811969000000254 ], [ -60.089129, -37.851671000000245 ], [ -60.060497, -37.828231000000258 ], [ -60.018164, -37.860745000000264 ], [ -59.936614, -37.794446000000242 ], [ -59.793922, -37.898450000000238 ], [ -59.754686, -37.914126000000245 ], [ -59.718345, -37.955978000000243 ], [ -59.673675, -37.979546000000255 ], [ -59.67703, -38.000114000000259 ], [ -59.641345140000055, -38.025150800000233 ], [ -59.777943, -38.137640000000225 ], [ -59.766701, -38.14624300000024 ], [ -59.788818870000064, -38.16497792000024 ], [ -59.75388, -38.191229000000249 ], [ -59.775876, -38.210258000000252 ], [ -59.793570530000054, -38.197329590000237 ], [ -59.834175, -38.231499000000227 ], [ -59.886661200000063, -38.157280810000238 ], [ -60.036304, -38.280844000000236 ], [ -60.370689, -38.016721000000238 ], [ -60.463204, -38.089503000000242 ], [ -60.442129740000055, -38.106980190000243 ], [ -60.549611, -38.192150000000225 ], [ -60.759493, -38.028543000000234 ], [ -60.74377, -38.016051000000253 ], [ -60.845653, -37.935799000000237 ], [ -60.653166580000068, -37.782602570000229 ], [ -60.644751, -37.789156000000247 ], [ -60.556671, -37.720854000000251 ], [ -60.58083, -37.700807000000253 ], [ -60.452736, -37.601036000000242 ], [ -60.378022, -37.662685000000259 ], [ -60.424207, -37.697668000000249 ] ] ] ] } },
{ "type": "Feature", "properties": { "fid": 16, "gid": 1080, "DEPARTAMENTO": "Bahía Blanca", "PROVINCIA": "Buenos Aires" }, "geometry": { "type": "MultiPolygon", "coordinates": [ [ [ [ -62.220692, -38.433410000000244 ], [ -62.196342, -38.452023000000231 ], [ -62.08465, -38.36273700000023 ], [ -61.99865, -38.426815000000232 ], [ -62.010183, -38.436228000000241 ], [ -61.988598, -38.452507000000232 ], [ -61.938614, -38.411211000000243 ], [ -61.925364, -38.45345900000023 ], [ -61.893041, -38.426141000000236 ], [ -61.81274, -38.485462000000226 ], [ -61.781602, -38.459945000000232 ], [ -61.780002, -38.459586000000236 ], [ -61.790409, -38.486933000000242 ], [ -61.785099, -38.518025000000243 ], [ -61.795043, -38.529671000000235 ], [ -61.78368, -38.541966000000258 ], [ -61.778637, -38.579577000000256 ], [ -61.747618, -38.59688900000026 ], [ -61.754178, -38.615251000000235 ], [ -61.742364720000062, -38.627210530000241 ], [ -61.818412, -38.687872000000226 ], [ -61.847934, -38.665363000000234 ], [ -61.925669, -38.731246000000219 ], [ -62.012158, -38.706767000000241 ], [ -62.030219, -38.714188000000235 ], [ -62.061985, -38.712333000000228 ], [ -62.060955, -38.719942000000223 ], [ -62.181981280000066, -38.817059370000237 ], [ -62.188329400000079, -38.805308770000231 ], [ -62.212169220000071, -38.798198940000226 ], [ -62.223105220000072, -38.809620350000245 ], [ -62.234512360000068, -38.805166000000227 ], [ -62.236268400000064, -38.789190300000236 ], [ -62.249602900000056, -38.795757610000237 ], [ -62.259054120000073, -38.789133190000221 ], [ -62.30177, -38.787188000000235 ], [ -62.354917, -38.755670000000229 ], [ -62.399023, -38.749466000000226 ], [ -62.427105, -38.760861000000233 ], [ -62.451382, -38.729970000000236 ], [ -62.45629, -38.692168000000237 ], [ -62.472886, -38.663293000000216 ], [ -62.611207, -38.611242000000225 ], [ -62.614457620000067, -38.591617680000226 ], [ -62.387813, -38.40854600000025 ], [ -62.341853, -38.442647000000242 ], [ -62.239765, -38.360879000000217 ], [ -62.20907217000007, -38.395427870000219 ], [ -62.227738, -38.410597000000223 ], [ -62.209487, -38.424421000000223 ], [ -62.220692, -38.433410000000244 ] ] ] ] } },
{ "type": "Feature", "properties": { "fid": 17, "gid": 1081, "DEPARTAMENTO": "General Alvarado", "PROVINCIA": "Buenos Aires" }, "geometry": { "type": "MultiPolygon", "coordinates": [ [ [ [ -57.959154, -38.022583000000232 ], [ -57.942573, -38.008937000000245 ], [ -57.881725, -38.055449000000259 ], [ -57.852768, -38.031892000000241 ], [ -57.829465, -38.049186000000248 ], [ -57.846514, -38.061607000000251 ], [ -57.83582, -38.072354000000253 ], [ -57.838016, -38.081460000000256 ], [ -57.818912, -38.083829000000257 ], [ -57.813187, -38.092879000000252 ], [ -57.821205, -38.120476000000252 ], [ -57.805014, -38.170731000000266 ], [ -57.781945, -38.206217000000244 ], [ -57.776630630000049, -38.245882610000251 ], [ -57.822125930000048, -38.268092500000257 ], [ -57.852730550000032, -38.296398570000235 ], [ -57.957050880000054, -38.331724050000226 ], [ -58.124318660000057, -38.40634870000023 ], [ -58.243044, -38.445854000000239 ], [ -58.256985, -38.435306000000246 ], [ -58.256314, -38.422719000000235 ], [ -58.284854, -38.385569000000238 ], [ -58.269505, -38.353988000000243 ], [ -58.283075, -38.315774000000239 ], [ -58.302268, -38.300195000000237 ], [ -58.311097, -38.273991000000244 ], [ -58.325869, -38.273208000000231 ], [ -58.338172, -38.250916000000231 ], [ -58.323622, -38.223385000000235 ], [ -58.343611, -38.15957000000023 ], [ -58.332219, -38.126992000000264 ], [ -58.33912, -38.106629000000247 ], [ -58.329685, -38.074677000000257 ], [ -58.255909, -38.130861000000245 ], [ -58.047284, -37.95562200000024 ], [ -57.959154, -38.022583000000232 ] ] ] ] } },
{ "type": "Feature", "properties": { "fid": 18, "gid": 1082, "DEPARTAMENTO": "General Pueyrredón", "PROVINCIA": "Buenos Aires" }, "geometry": { "type": "MultiPolygon", "coordinates": [ [ [ [ -57.673258, -37.748153000000258 ], [ -57.698054, -37.754267000000276 ], [ -57.519729740000059, -37.889482970000245 ], [ -57.544276260000046, -37.990028690000244 ], [ -57.524017530000052, -38.016616790000256 ], [ -57.531489040000039, -38.031493180000254 ], [ -57.522385220000039, -38.037122980000248 ], [ -57.533259360000059, -38.031969070000258 ], [ -57.540326360000051, -38.048501560000247 ], [ -57.534501440000057, -38.050300440000257 ], [ -57.526568320000074, -38.042781340000246 ], [ -57.521704700000029, -38.040044960000252 ], [ -57.517778590000049, -38.038969440000251 ], [ -57.539726730000055, -38.064220280000242 ], [ -57.535467500000053, -38.081276260000251 ], [ -57.544918720000041, -38.100635550000256 ], [ -57.593212260000037, -38.118943130000233 ], [ -57.636547, -38.173190080000253 ], [ -57.683374800000038, -38.205869600000248 ], [ -57.776797190000053, -38.24551618000023 ], [ -57.781945, -38.206217000000244 ], [ -57.805014, -38.170731000000266 ], [ -57.821205, -38.120476000000252 ], [ -57.813187, -38.092879000000252 ], [ -57.818912, -38.083829000000257 ], [ -57.838016, -38.081460000000256 ], [ -57.83582, -38.072354000000253 ], [ -57.846514, -38.061607000000251 ], [ -57.829465, -38.049186000000248 ], [ -57.852768, -38.031892000000241 ], [ -57.881725, -38.055449000000259 ], [ -57.942573, -38.008937000000245 ], [ -57.959004, -38.022687000000261 ], [ -58.047284, -37.95562200000024 ], [ -57.735836, -37.699552000000246 ], [ -57.673258, -37.748153000000258 ] ] ] ] } },
{ "type": "Feature", "properties": { "fid": 19, "gid": 1083, "DEPARTAMENTO": "Mar Chiquita", "PROVINCIA": "Buenos Aires" }, "geometry": { "type": "MultiPolygon", "coordinates": [ [ [ [ -57.768972040000058, -37.135971100000255 ], [ -57.187643360000045, -37.549753600000251 ], [ -57.411598230000052, -37.735228870000235 ], [ -57.491558830000059, -37.828237240000242 ], [ -57.519729740000059, -37.889482970000245 ], [ -57.698054, -37.754267000000276 ], [ -57.673208, -37.744981000000244 ], [ -58.094509700000053, -37.437403640000269 ], [ -57.768972040000058, -37.135971100000255 ] ] ] ] } },
{ "type": "Feature", "properties": { "fid": 20, "gid": 1084, "DEPARTAMENTO": "Villa Gesell", "PROVINCIA": "Buenos Aires" }, "geometry": { "type": "MultiPolygon", "coordinates": [ [ [ [ -56.909126520000036, -37.189025160000249 ], [ -56.989849480000046, -37.288487440000246 ], [ -57.062626480000056, -37.408532440000236 ], [ -57.125501360000051, -37.492774880000255 ], [ -57.187643360000045, -37.549753600000251 ], [ -57.211120470000033, -37.533013310000285 ], [ -57.163379470000045, -37.485747180000253 ], [ -57.105641310000046, -37.378073220000239 ], [ -57.062295700000043, -37.333351550000245 ], [ -56.993576460000043, -37.241268030000263 ], [ -57.042519390000038, -37.231487650000268 ], [ -56.991969840000046, -37.237095100000253 ], [ -56.949546930000039, -37.18457707000028 ], [ -56.909126520000036, -37.189025160000249 ] ] ] ] } },
{ "type": "Feature", "properties": { "fid": 21, "gid": 1085, "DEPARTAMENTO": "Pinamar", "PROVINCIA": "Buenos Aires" }, "geometry": { "type": "MultiPolygon", "coordinates": [ [ [ [ -56.819314150000032, -37.024916490000244 ], [ -56.79023454000005, -37.034131470000254 ], [ -56.885079430000054, -37.160146450000241 ], [ -56.909126520000036, -37.189025160000249 ], [ -56.949546930000039, -37.18457707000028 ], [ -56.819314150000032, -37.024916490000244 ] ] ] ] } },
{ "type": "Feature", "properties": { "fid": 22, "gid": 1086, "DEPARTAMENTO": "General Lavalle", "PROVINCIA": "Buenos Aires" }, "geometry": { "type": "MultiPolygon", "coordinates": [ [ [ [ -56.816003680000051, -36.334973170000275 ], [ -56.774120440000047, -36.321408700000262 ], [ -56.75281662000004, -36.337997190000273 ], [ -56.763493970000034, -36.331756050000259 ], [ -56.768856440000043, -36.332532540000273 ], [ -56.762063160000039, -36.338053950000266 ], [ -56.775929630000036, -36.338299970000257 ], [ -56.741516540000056, -36.364505360000265 ], [ -56.727298140000052, -36.366468060000265 ], [ -56.739364590000058, -36.388594650000258 ], [ -56.710626830000052, -36.432826700000255 ], [ -56.714994960000041, -36.533215580000252 ], [ -56.741890860000062, -36.531401150000249 ], [ -56.715611720000048, -36.560164130000267 ], [ -56.700744800000045, -36.705458170000256 ], [ -56.712419500000053, -36.820627450000266 ], [ -56.697922140000038, -36.853884300000274 ], [ -56.819485270000058, -37.025200910000258 ], [ -56.900496, -37.000149000000256 ], [ -56.946978, -36.995091000000258 ], [ -56.954929, -36.989057000000258 ], [ -56.94007, -36.959358000000265 ], [ -56.985153, -36.949530000000266 ], [ -56.97939, -36.90336100000026 ], [ -56.993838, -36.901079000000259 ], [ -57.005922, -36.909715000000261 ], [ -56.991541, -36.88947800000026 ], [ -56.997182, -36.861819000000253 ], [ -57.08975, -36.829523000000265 ], [ -57.106202, -36.835948000000279 ], [ -57.328779, -36.669157000000268 ], [ -57.16476932000004, -36.521000830000261 ], [ -57.176151870000041, -36.512813860000257 ], [ -57.098740400000047, -36.442126910000255 ], [ -57.082529440000044, -36.453713750000269 ], [ -57.074418100000059, -36.438746590000264 ], [ -57.04028598000005, -36.429194330000264 ], [ -57.04289877000005, -36.413064040000265 ], [ -57.064657200000049, -36.385594710000262 ], [ -57.015487700000051, -36.341638420000251 ], [ -57.014243240000035, -36.327587740000261 ], [ -56.904769470000048, -36.338185440000252 ], [ -56.875502100000048, -36.329024520000274 ], [ -56.816003680000051, -36.334973170000275 ] ] ] ] } },
{ "type": "Feature", "properties": { "fid": 23, "gid": 1087, "DEPARTAMENTO": "La Costa", "PROVINCIA": "Buenos Aires" }, "geometry": { "type": "MultiPolygon", "coordinates": [ [ [ [ -56.79023454000005, -37.034131470000254 ], [ -56.819314150000032, -37.024916490000244 ], [ -56.697922140000038, -36.853884300000274 ], [ -56.712419500000053, -36.820627450000266 ], [ -56.700744800000045, -36.705458170000256 ], [ -56.715611720000048, -36.560164130000267 ], [ -56.741890860000062, -36.531401150000249 ], [ -56.714994960000041, -36.533215580000252 ], [ -56.710626830000052, -36.432826700000255 ], [ -56.739364590000058, -36.388594650000258 ], [ -56.727298140000052, -36.366468060000265 ], [ -56.741516540000056, -36.364505360000265 ], [ -56.775929630000036, -36.338299970000257 ], [ -56.762063160000039, -36.338053950000266 ], [ -56.768856440000043, -36.332532540000273 ], [ -56.763493970000034, -36.331756050000259 ], [ -56.75281662000004, -36.337997190000273 ], [ -56.77406436000004, -36.322537800000262 ], [ -56.776528420000041, -36.293082760000253 ], [ -56.750152090000043, -36.304492280000254 ], [ -56.731675580000044, -36.325978810000251 ], [ -56.700242900000035, -36.412198580000258 ], [ -56.673747600000041, -36.709607410000267 ], [ -56.675401330000057, -36.820692550000253 ], [ -56.664991180000044, -36.871470240000257 ], [ -56.684978660000041, -36.907197850000252 ], [ -56.79023454000005, -37.034131470000254 ] ] ] ] } },
{ "type": "Feature", "properties": { "fid": 24, "gid": 1088, "DEPARTAMENTO": "Magdalena", "PROVINCIA": "Buenos Aires" }, "geometry": { "type": "MultiPolygon", "coordinates": [ [ [ [ -57.705682240000051, -34.930806420000259 ], [ -57.673074100000051, -34.937116750000257 ], [ -57.583339670000058, -34.998889940000275 ], [ -57.508455660000052, -35.024714230000285 ], [ -57.353931080000052, -35.146145260000274 ], [ -57.30370006000004, -35.197183510000272 ], [ -57.403877, -35.250512000000263 ], [ -57.425636, -35.234628000000278 ], [ -57.460123, -35.266761000000287 ], [ -57.492901, -35.243591000000258 ], [ -57.549436, -35.29622600000026 ], [ -57.503155, -35.302010000000266 ], [ -57.571344, -35.363429000000266 ], [ -57.588873, -35.350017000000257 ], [ -57.60218, -35.361657000000264 ], [ -57.581375, -35.294129000000268 ], [ -57.60794, -35.27395700000028 ], [ -57.602915, -35.269181000000287 ], [ -57.632982, -35.260864000000275 ], [ -57.667608, -35.293264000000264 ], [ -57.635128, -35.316856000000271 ], [ -57.637092, -35.324836000000246 ], [ -57.631442, -35.319587000000283 ], [ -57.613395, -35.333060000000273 ], [ -57.640069, -35.355562000000255 ], [ -57.664639, -35.342277000000273 ], [ -57.682058, -35.357892000000277 ], [ -57.670802, -35.366253000000285 ], [ -57.682662, -35.37679700000028 ], [ -57.726803, -35.349300000000262 ], [ -57.758665, -35.405284000000272 ], [ -57.796173880000055, -35.444920910000256 ], [ -57.814518, -35.441903000000281 ], [ -57.83267, -35.415544000000281 ], [ -57.852815, -35.412291000000266 ], [ -57.872737, -35.397149000000262 ], [ -57.873923, -35.385885000000279 ], [ -57.888711, -35.392016000000261 ], [ -57.888472, -35.38470100000027 ], [ -57.912907, -35.381844000000271 ], [ -57.917862, -35.371426000000284 ], [ -57.947196, -35.371952000000277 ], [ -57.952742, -35.359397000000278 ], [ -57.979357, -35.344686000000287 ], [ -57.985398, -35.328468000000271 ], [ -58.002873980000047, -35.33277434000027 ], [ -58.025003, -35.35378400000026 ], [ -58.035428, -35.346881000000273 ], [ -57.890143, -35.222141000000256 ], [ -57.968108, -35.15968900000027 ], [ -57.705682240000051, -34.930806420000259 ] ] ] ] } },
{ "type": "Feature", "properties": { "fid": 25, "gid": 1089, "DEPARTAMENTO": "Vicente López", "PROVINCIA": "Buenos Aires" }, "geometry": { "type": "MultiPolygon", "coordinates": [ [ [ [ -58.479285220000044, -34.494397450000285 ], [ -58.45956409000005, -34.527783900000287 ], [ -58.500803640000065, -34.549532850000269 ], [ -58.509959730000048, -34.569205140000271 ], [ -58.529811, -34.537332000000269 ], [ -58.537781, -34.544164000000279 ], [ -58.553764, -34.530205000000279 ], [ -58.53123, -34.513086000000285 ], [ -58.479285220000044, -34.494397450000285 ] ] ] ] } },
{ "type": "Feature", "properties": { "fid": 26, "gid": 1096, "DEPARTAMENTO": "Rauch", "PROVINCIA": "Buenos Aires" }, "geometry": { "type": "MultiPolygon", "coordinates": [ [ [ [ -58.841322360000063, -36.141395060000271 ], [ -58.763092, -36.208308000000265 ], [ -58.781514, -36.226881000000262 ], [ -58.597506460000055, -36.363678970000251 ], [ -58.579097, -36.347371000000251 ], [ -58.437240190000047, -36.452101470000258 ], [ -58.720954020000057, -36.700226680000256 ], [ -58.666852470000052, -36.74292604000027 ], [ -58.685123210000057, -36.740043240000261 ], [ -58.719955530000064, -36.752577040000268 ], [ -58.734034050000048, -36.768164570000259 ], [ -58.790869230000062, -36.789113010000243 ], [ -58.795175340000057, -36.805997180000247 ], [ -58.837011940000053, -36.836248870000261 ], [ -58.850489440000047, -36.830988940000246 ], [ -58.86682540000006, -36.838370990000257 ], [ -58.875447990000048, -36.84742290000024 ], [ -58.873094040000055, -36.860756490000249 ], [ -58.91120942000007, -36.876418570000247 ], [ -58.911629650000052, -36.896790740000256 ], [ -58.917474140000067, -36.908936250000259 ], [ -58.931110830000051, -36.912329200000251 ], [ -58.936877400000071, -36.936045780000264 ], [ -59.002666110000057, -36.944649910000251 ], [ -59.021494730000057, -36.960094980000264 ], [ -59.040746, -37.026078060000252 ], [ -59.090130160000051, -37.062779470000251 ], [ -59.219499, -36.963933000000253 ], [ -59.210697, -36.956450000000252 ], [ -59.359311, -36.845140000000249 ], [ -59.347678, -36.817041000000259 ], [ -59.281526, -36.764637000000256 ], [ -59.279774, -36.743570000000254 ], [ -59.263123, -36.713980000000255 ], [ -59.255322, -36.646878000000257 ], [ -59.226557, -36.616874000000266 ], [ -59.2219, -36.574394000000268 ], [ -59.195539310000065, -36.590874890000265 ], [ -59.13842, -36.542876000000284 ], [ -59.202807, -36.493230000000239 ], [ -59.1909, -36.483087000000261 ], [ -59.249996, -36.437525000000264 ], [ -59.229713, -36.420850000000272 ], [ -59.289162090000062, -36.374724170000249 ], [ -59.218405, -36.321212000000259 ], [ -59.191621, -36.313306000000253 ], [ -59.156455, -36.289369000000264 ], [ -59.105968, -36.274767000000267 ], [ -59.09923, -36.267681000000252 ], [ -59.103079, -36.247003000000262 ], [ -59.081017, -36.239487000000253 ], [ -59.070673, -36.221432000000249 ], [ -59.020652, -36.214024000000265 ], [ -58.914963, -36.171623000000253 ], [ -58.880729, -36.150618000000264 ], [ -58.841322360000063, -36.141395060000271 ] ] ] ] } },
{ "type": "Feature", "properties": { "fid": 27, "gid": 1097, "DEPARTAMENTO": "Salliqueló", "PROVINCIA": "Buenos Aires" }, "geometry": { "type": "MultiPolygon", "coordinates": [ [ [ [ -63.127555910000055, -36.479503530000251 ], [ -62.813186, -36.734267000000251 ], [ -62.970025300000081, -36.863033420000249 ], [ -63.282763430000095, -36.607562230000248 ], [ -63.127555910000055, -36.479503530000251 ] ] ] ] } },
{ "type": "Feature", "properties": { "fid": 28, "gid": 1098, "DEPARTAMENTO": "Berazategui", "PROVINCIA": "Buenos Aires" }, "geometry": { "type": "MultiPolygon", "coordinates": [ [ [ [ -58.191007570000046, -34.738197620000278 ], [ -58.16586619000006, -34.747777330000282 ], [ -58.116996820000061, -34.750704060000267 ], [ -58.065914550000066, -34.773047200000278 ], [ -58.01768779000006, -34.780318060000269 ], [ -58.147857, -34.887437000000276 ], [ -58.211084650000053, -34.951783350000277 ], [ -58.247414, -34.923592000000276 ], [ -58.179871, -34.866004000000281 ], [ -58.199915, -34.81377200000027 ], [ -58.238496, -34.800408000000282 ], [ -58.267461, -34.773646000000269 ], [ -58.191007570000046, -34.738197620000278 ] ] ] ] } },
{ "type": "Feature", "properties": { "fid": 29, "gid": 1099, "DEPARTAMENTO": "Tornquist", "PROVINCIA": "Buenos Aires" }, "geometry": { "type": "MultiPolygon", "coordinates": [ [ [ [ -62.100054, -37.93544600000024 ], [ -62.071727, -37.963531000000224 ], [ -62.049601, -37.971499000000243 ], [ -62.050357, -37.990734000000252 ], [ -61.951627, -38.056987000000248 ], [ -61.92978, -38.039125000000233 ], [ -61.94947, -38.022806000000237 ], [ -61.930716, -38.008459000000251 ], [ -61.906406, -38.014226000000242 ], [ -61.883786, -38.035015000000236 ], [ -61.872035, -38.033518000000228 ], [ -61.857379, -38.057644000000231 ], [ -61.840201, -38.059660000000235 ], [ -61.831013, -38.07045800000023 ], [ -61.826702, -38.065663000000242 ], [ -61.818828, -38.082341000000241 ], [ -61.821808, -38.097257000000234 ], [ -61.799747, -38.109579000000224 ], [ -61.792692, -38.137492000000243 ], [ -61.775676, -38.141153000000237 ], [ -61.78323, -38.158438000000238 ], [ -61.760324, -38.178676000000237 ], [ -61.759857, -38.192770000000252 ], [ -61.769883, -38.196911000000235 ], [ -61.737251, -38.218317000000241 ], [ -61.728712, -38.24463100000024 ], [ -61.69692, -38.285322000000235 ], [ -61.717518, -38.287593000000228 ], [ -61.717077, -38.309626000000243 ], [ -61.725682, -38.310884000000229 ], [ -61.723613, -38.320107000000235 ], [ -61.739473, -38.342108000000238 ], [ -61.737863, -38.35578300000023 ], [ -61.75125, -38.363748000000236 ], [ -61.756623, -38.384182000000244 ], [ -61.740866, -38.408559000000245 ], [ -61.765357, -38.423326000000237 ], [ -61.766246, -38.432787000000232 ], [ -61.781877, -38.437530000000237 ], [ -61.781602, -38.459945000000232 ], [ -61.81274, -38.485462000000226 ], [ -61.893041, -38.426141000000236 ], [ -61.925364, -38.45345900000023 ], [ -61.938614, -38.411211000000243 ], [ -61.988598, -38.452507000000232 ], [ -62.010183, -38.436228000000241 ], [ -61.99865, -38.426815000000232 ], [ -62.08465, -38.36273700000023 ], [ -62.196342, -38.452023000000231 ], [ -62.220692, -38.433410000000244 ], [ -62.209487, -38.424421000000223 ], [ -62.227738, -38.410597000000223 ], [ -62.20907217000007, -38.395427870000219 ], [ -62.239765, -38.360879000000217 ], [ -62.341853, -38.442647000000242 ], [ -62.387813, -38.40854600000025 ], [ -62.614457620000067, -38.591617680000226 ], [ -62.648968, -38.516606000000223 ], [ -62.737221, -38.585843000000231 ], [ -62.899669, -38.456661000000217 ], [ -62.654991, -38.267006000000237 ], [ -62.735947, -38.202478000000241 ], [ -62.654714, -38.139112000000246 ], [ -62.814394, -38.010744000000251 ], [ -62.73443127000008, -37.948673700000228 ], [ -62.575304440000068, -38.075171670000238 ], [ -62.489683, -38.008184000000234 ], [ -62.463136, -38.07199900000024 ], [ -62.442283, -38.055848000000232 ], [ -62.346075, -38.136294000000241 ], [ -62.330975, -38.108006000000238 ], [ -62.304932, -38.092294000000244 ], [ -62.28238, -38.090160000000232 ], [ -62.244844, -38.041732000000238 ], [ -62.208598, -38.026391000000238 ], [ -62.19942, -38.012222000000236 ], [ -62.177943, -38.002051000000243 ], [ -62.170571, -37.984276000000236 ], [ -62.156612, -37.974812000000242 ], [ -62.157986, -37.966556000000232 ], [ -62.100054, -37.93544600000024 ] ] ] ] } },
{ "type": "Feature", "properties": { "fid": 30, "gid": 1100, "DEPARTAMENTO": "Coronel Pringles", "PROVINCIA": "Buenos Aires" }, "geometry": { "type": "MultiPolygon", "coordinates": [ [ [ [ -61.178034, -37.680843000000245 ], [ -60.851948, -37.940792000000251 ], [ -60.845653, -37.935799000000237 ], [ -60.74377, -38.016051000000253 ], [ -60.759493, -38.028543000000234 ], [ -60.676254, -38.09313300000025 ], [ -60.701374, -38.115142000000226 ], [ -60.723798, -38.116853000000226 ], [ -60.729234, -38.13024200000023 ], [ -60.721021, -38.161982000000236 ], [ -60.729296, -38.196661000000233 ], [ -60.718722, -38.224226000000236 ], [ -60.746873, -38.229951000000248 ], [ -60.739857, -38.250423000000247 ], [ -60.74558, -38.271016000000238 ], [ -60.734134, -38.300103000000242 ], [ -60.740629, -38.330723000000233 ], [ -60.836122, -38.403817000000217 ], [ -60.878725230000072, -38.369680390000234 ], [ -60.935291, -38.352894000000241 ], [ -60.990836, -38.31062800000025 ], [ -61.077814, -38.293347000000239 ], [ -61.135785, -38.305524000000233 ], [ -61.188565, -38.29057900000025 ], [ -61.319178, -38.393090000000235 ], [ -61.328730740000061, -38.37533262000025 ], [ -61.46469, -38.483075000000234 ], [ -61.47271111000007, -38.47604782000024 ], [ -61.514364, -38.509193000000245 ], [ -61.525728870000066, -38.500701630000243 ], [ -61.590642, -38.550304000000231 ], [ -61.595917, -38.546246000000252 ], [ -61.728495, -38.657088000000236 ], [ -61.727293280000069, -38.644159420000243 ], [ -61.754178, -38.615251000000235 ], [ -61.747618, -38.59688900000026 ], [ -61.778637, -38.579577000000256 ], [ -61.78368, -38.541966000000258 ], [ -61.795176, -38.529009000000244 ], [ -61.785099, -38.518025000000243 ], [ -61.790409, -38.486933000000242 ], [ -61.784708, -38.485802000000227 ], [ -61.787008, -38.466297000000239 ], [ -61.779439, -38.461579000000242 ], [ -61.783931, -38.440791000000225 ], [ -61.740866, -38.408559000000245 ], [ -61.756623, -38.384182000000244 ], [ -61.75125, -38.363748000000236 ], [ -61.737863, -38.35578300000023 ], [ -61.739473, -38.342108000000238 ], [ -61.723613, -38.320107000000235 ], [ -61.725682, -38.310884000000229 ], [ -61.717077, -38.309626000000243 ], [ -61.717518, -38.287593000000228 ], [ -61.69692, -38.285322000000235 ], [ -61.728712, -38.24463100000024 ], [ -61.737251, -38.218317000000241 ], [ -61.769883, -38.196911000000235 ], [ -61.759614, -38.191956000000218 ], [ -61.767389370000068, -38.17245044000024 ], [ -61.662952, -38.090764000000242 ], [ -61.682948, -38.074200000000232 ], [ -61.178034, -37.680843000000245 ] ] ] ] } },
{ "type": "Feature", "properties": { "fid": 31, "gid": 1101, "DEPARTAMENTO": "General Pinto", "PROVINCIA": "Buenos Aires" }, "geometry": { "type": "MultiPolygon", "coordinates": [ [ [ [ -61.983941, -34.518249000000267 ], [ -61.845370050000085, -34.63741340000027 ], [ -61.769608, -34.576422000000278 ], [ -61.710567, -34.627116000000257 ], [ -61.772899, -34.676405000000265 ], [ -61.673472, -34.76095200000028 ], [ -61.902716, -34.952754000000262 ], [ -61.9832, -34.886031000000266 ], [ -62.104559, -34.98468900000028 ], [ -62.185201, -34.917797000000249 ], [ -62.205554, -34.890125000000261 ], [ -62.220666, -34.891339000000265 ], [ -62.22259, -34.85478500000027 ], [ -62.28306, -34.85677300000026 ], [ -62.28561, -34.813533000000255 ], [ -62.305054, -34.812823000000257 ], [ -62.240236, -34.762040000000255 ], [ -62.263804, -34.743064000000253 ], [ -62.188183, -34.682722000000254 ], [ -62.348164540000063, -34.653781630000253 ], [ -62.325575, -34.569268000000271 ], [ -62.316394660000078, -34.569729650000262 ], [ -62.26908308000008, -34.385821360000264 ], [ -61.81614973000007, -34.385601480000247 ], [ -61.983941, -34.518249000000267 ] ] ] ] } },
{ "type": "Feature", "properties": { "fid": 32, "gid": 1102, "DEPARTAMENTO": "San Cayetano", "PROVINCIA": "Buenos Aires" }, "geometry": { "type": "MultiPolygon", "coordinates": [ [ [ [ -59.621161, -38.045200000000243 ], [ -59.538113, -38.057257000000227 ], [ -59.508761, -38.079113000000248 ], [ -59.414878, -38.113729000000234 ], [ -59.355355, -38.11457100000024 ], [ -59.297563, -38.142368000000246 ], [ -59.246237, -38.153052000000258 ], [ -59.313765, -38.206970000000233 ], [ -59.325044, -38.253007000000238 ], [ -59.354178, -38.303417000000252 ], [ -59.335677, -38.321535000000232 ], [ -59.340167, -38.33642800000024 ], [ -59.315999, -38.383939000000225 ], [ -59.405854, -38.457143000000244 ], [ -59.346549240000066, -38.501553540000245 ], [ -59.335551, -38.501359000000235 ], [ -59.340307, -38.547752000000251 ], [ -59.444727, -38.588523000000265 ], [ -59.431478, -38.604434000000261 ], [ -59.407754, -38.593992000000235 ], [ -59.411341, -38.622959000000236 ], [ -59.397402, -38.627495000000231 ], [ -59.386784, -38.655652000000238 ], [ -59.371116, -38.659419000000248 ], [ -59.352198, -38.701214000000228 ], [ -59.355954, -38.708597000000239 ], [ -59.331259100000054, -38.719963150000247 ], [ -59.332795220000058, -38.736674950000243 ], [ -59.393259840000056, -38.752067730000235 ], [ -59.627294100000064, -38.785837040000231 ], [ -59.626778, -38.770019000000239 ], [ -59.635668, -38.762960000000234 ], [ -59.625865, -38.74289700000022 ], [ -59.647552, -38.735983000000232 ], [ -59.653956, -38.700235000000227 ], [ -59.686581, -38.680649000000216 ], [ -59.691425, -38.66213800000024 ], [ -59.703332, -38.65412400000023 ], [ -59.69057, -38.636993000000231 ], [ -59.733643, -38.533380000000228 ], [ -59.733663, -38.488938000000239 ], [ -59.767144, -38.515944000000246 ], [ -59.821474, -38.475385000000237 ], [ -59.886358, -38.529330000000236 ], [ -59.936714, -38.491444000000236 ], [ -59.874131, -38.439985000000249 ], [ -59.929522, -38.396505000000239 ], [ -59.942662, -38.407041000000234 ], [ -59.989967, -38.371421000000232 ], [ -59.833518, -38.242234000000245 ], [ -59.834175, -38.231499000000227 ], [ -59.793694, -38.19740200000026 ], [ -59.775876, -38.210258000000252 ], [ -59.75388, -38.191229000000249 ], [ -59.788818870000064, -38.16497792000024 ], [ -59.766701, -38.14624300000024 ], [ -59.777943, -38.137640000000225 ], [ -59.641345140000055, -38.025150800000233 ], [ -59.621161, -38.045200000000243 ] ] ] ] } },
{ "type": "Feature", "properties": { "fid": 33, "gid": 1103, "DEPARTAMENTO": "Tres Arroyos", "PROVINCIA": "Buenos Aires" }, "geometry": { "type": "MultiPolygon", "coordinates": [ [ [ [ -60.370689, -38.016721000000238 ], [ -60.036304, -38.280844000000236 ], [ -59.883207, -38.160282000000251 ], [ -59.861998, -38.19553000000024 ], [ -59.848167, -38.204320000000237 ], [ -59.833518, -38.242234000000245 ], [ -59.989967, -38.371421000000232 ], [ -59.942662, -38.407041000000234 ], [ -59.929522, -38.396505000000239 ], [ -59.874131, -38.439985000000249 ], [ -59.936714, -38.491444000000236 ], [ -59.886358, -38.529330000000236 ], [ -59.821474, -38.475385000000237 ], [ -59.767144, -38.515944000000246 ], [ -59.733663, -38.488938000000239 ], [ -59.733643, -38.533380000000228 ], [ -59.69057, -38.636993000000231 ], [ -59.703332, -38.65412400000023 ], [ -59.691425, -38.66213800000024 ], [ -59.686581, -38.680649000000216 ], [ -59.653956, -38.700235000000227 ], [ -59.647552, -38.735983000000232 ], [ -59.625865, -38.74289700000022 ], [ -59.635668, -38.762960000000234 ], [ -59.626778, -38.770019000000239 ], [ -59.627294100000064, -38.785837040000231 ], [ -59.853961560000066, -38.83737617000024 ], [ -60.116530320000066, -38.865748860000231 ], [ -60.492720130000052, -38.928536290000231 ], [ -60.522134, -38.919145000000221 ], [ -60.530466, -38.910441000000226 ], [ -60.521986, -38.883800000000221 ], [ -60.537102, -38.844916000000225 ], [ -60.536752, -38.822310000000236 ], [ -60.563141, -38.769196000000221 ], [ -60.562382, -38.750387000000231 ], [ -60.578087, -38.725122000000255 ], [ -60.579993, -38.692041000000216 ], [ -60.610567, -38.619491000000238 ], [ -60.612497, -38.586931000000234 ], [ -60.592595, -38.569425000000244 ], [ -60.591468, -38.556975000000257 ], [ -60.616194, -38.499200000000236 ], [ -60.619604, -38.471277000000249 ], [ -60.678698, -38.431400000000224 ], [ -60.745015, -38.365778000000248 ], [ -60.734013, -38.338955000000233 ], [ -60.742409, -38.326672000000229 ], [ -60.733598, -38.314775000000225 ], [ -60.74558, -38.271016000000238 ], [ -60.739857, -38.250423000000247 ], [ -60.746873, -38.229951000000248 ], [ -60.718722, -38.224226000000236 ], [ -60.729296, -38.196661000000233 ], [ -60.721161, -38.173401000000219 ], [ -60.730835, -38.142147000000243 ], [ -60.724811, -38.11840100000024 ], [ -60.701374, -38.115142000000226 ], [ -60.676254, -38.09313300000025 ], [ -60.549611, -38.192150000000225 ], [ -60.442129740000055, -38.106980190000243 ], [ -60.463204, -38.089503000000242 ], [ -60.370689, -38.016721000000238 ] ] ] ] } },
{ "type": "Feature", "properties": { "fid": 34, "gid": 1104, "DEPARTAMENTO": "Coronel Dorrego", "PROVINCIA": "Buenos Aires" }, "geometry": { "type": "MultiPolygon", "coordinates": [ [ [ [ -61.145155, -38.303406000000258 ], [ -61.077814, -38.293347000000239 ], [ -60.990836, -38.31062800000025 ], [ -60.935291, -38.352894000000241 ], [ -60.878725230000072, -38.369680390000234 ], [ -60.836122, -38.403817000000217 ], [ -60.740629, -38.330723000000233 ], [ -60.734013, -38.338955000000233 ], [ -60.744968, -38.364765000000247 ], [ -60.738558, -38.375650000000242 ], [ -60.676462, -38.433221000000231 ], [ -60.619604, -38.471277000000249 ], [ -60.616194, -38.499200000000236 ], [ -60.591468, -38.556975000000257 ], [ -60.592595, -38.569425000000244 ], [ -60.612497, -38.586931000000234 ], [ -60.610224, -38.620860000000228 ], [ -60.579993, -38.692041000000216 ], [ -60.578087, -38.725122000000255 ], [ -60.562382, -38.750387000000231 ], [ -60.563141, -38.769196000000221 ], [ -60.536752, -38.822310000000236 ], [ -60.537102, -38.844916000000225 ], [ -60.521986, -38.883800000000221 ], [ -60.529336, -38.914328000000218 ], [ -60.497335580000062, -38.92892555000023 ], [ -60.689145230000065, -38.949095430000227 ], [ -60.852137720000073, -38.979713740000228 ], [ -61.01359307000007, -38.981499530000235 ], [ -61.110166560000067, -38.995889790000234 ], [ -61.11804, -38.994318000000213 ], [ -61.119522, -38.981966000000241 ], [ -61.105256, -38.979585000000228 ], [ -61.13784, -38.929388000000245 ], [ -61.292016, -38.947668000000249 ], [ -61.314896, -38.946281000000241 ], [ -61.342348, -38.915479000000246 ], [ -61.424366, -38.916338000000231 ], [ -61.452679690000068, -38.92403435000022 ], [ -61.45324973000006, -38.93971615000023 ], [ -61.47367, -38.945992000000231 ], [ -61.5797, -38.888941000000216 ], [ -61.62435, -38.879252000000228 ], [ -61.638436, -38.86419500000023 ], [ -61.649609, -38.867139000000229 ], [ -61.663146, -38.85799500000023 ], [ -61.673488, -38.834806000000235 ], [ -61.699669, -38.816850000000237 ], [ -61.691709, -38.80676800000024 ], [ -61.698761, -38.781423000000238 ], [ -61.724071, -38.748980000000245 ], [ -61.725257, -38.732235000000237 ], [ -61.715450750000059, -38.714321580000231 ], [ -61.726915, -38.691053000000224 ], [ -61.722207, -38.675212000000236 ], [ -61.728495, -38.657088000000236 ], [ -61.595917, -38.546246000000252 ], [ -61.590642, -38.550304000000231 ], [ -61.525728870000066, -38.500701630000243 ], [ -61.514364, -38.509193000000245 ], [ -61.47271111000007, -38.47604782000024 ], [ -61.46469, -38.483075000000234 ], [ -61.328730740000061, -38.37533262000025 ], [ -61.319178, -38.393090000000235 ], [ -61.188565, -38.29057900000025 ], [ -61.145155, -38.303406000000258 ] ] ] ] } },
{ "type": "Feature", "properties": { "fid": 35, "gid": 1105, "DEPARTAMENTO": "Necochea", "PROVINCIA": "Buenos Aires" }, "geometry": { "type": "MultiPolygon", "coordinates": [ [ [ [ -59.184695, -37.616925000000279 ], [ -59.162562, -37.631559000000252 ], [ -59.153057, -37.657436000000239 ], [ -59.170841, -37.700552000000236 ], [ -59.166082, -37.73703800000024 ], [ -59.133571, -37.757489000000227 ], [ -59.109382, -37.808157000000243 ], [ -59.10968, -37.83884100000023 ], [ -59.165399, -37.880647000000231 ], [ -59.168236, -37.936124000000255 ], [ -59.148484, -37.961428000000232 ], [ -59.127687, -37.973595000000252 ], [ -59.12478, -37.995556000000263 ], [ -59.078459, -38.020392000000243 ], [ -59.053632, -38.047064000000233 ], [ -59.041941, -38.065550000000243 ], [ -59.04497, -38.073615000000245 ], [ -59.036047, -38.078385000000232 ], [ -59.038385, -38.086962000000234 ], [ -58.954343, -38.155103000000238 ], [ -58.951095, -38.182675000000252 ], [ -58.940145, -38.180775000000224 ], [ -58.912809, -38.20197900000025 ], [ -58.916544, -38.208004000000244 ], [ -58.900221, -38.239991000000252 ], [ -58.906566, -38.245204000000236 ], [ -58.878227, -38.268272000000252 ], [ -58.880912, -38.27587800000024 ], [ -58.867225, -38.292093000000243 ], [ -58.843769, -38.298532000000236 ], [ -58.808984, -38.32881800000024 ], [ -58.813194, -38.339971000000247 ], [ -58.80186, -38.345725000000243 ], [ -58.782252, -38.377960000000236 ], [ -58.78752, -38.400697000000243 ], [ -58.768677, -38.429803000000248 ], [ -58.774151, -38.435772000000249 ], [ -58.757809, -38.453900000000246 ], [ -58.757114, -38.472455000000238 ], [ -58.740069, -38.480590000000248 ], [ -58.752001, -38.488722000000237 ], [ -58.733957, -38.508205000000238 ], [ -58.740167, -38.514995000000241 ], [ -58.708025, -38.495017000000246 ], [ -58.619451570000052, -38.56187357000023 ], [ -58.690906400000053, -38.575019180000247 ], [ -58.697673590000051, -38.583661380000244 ], [ -58.692952740000059, -38.585231820000217 ], [ -58.689459690000049, -38.587934890000234 ], [ -58.697978160000062, -38.583832700000229 ], [ -58.702194560000059, -38.580977350000246 ], [ -58.735002570000049, -38.587259120000247 ], [ -59.012209780000056, -38.678535250000252 ], [ -59.332795220000058, -38.736674950000243 ], [ -59.331259100000054, -38.719963150000247 ], [ -59.355954, -38.708597000000239 ], [ -59.352198, -38.701214000000228 ], [ -59.371116, -38.659419000000248 ], [ -59.386784, -38.655652000000238 ], [ -59.397402, -38.627495000000231 ], [ -59.411341, -38.622959000000236 ], [ -59.407754, -38.593992000000235 ], [ -59.431478, -38.604434000000261 ], [ -59.444727, -38.588523000000265 ], [ -59.340307, -38.547752000000251 ], [ -59.335551, -38.501359000000235 ], [ -59.346549240000066, -38.501553540000245 ], [ -59.405854, -38.457143000000244 ], [ -59.315999, -38.383939000000225 ], [ -59.340167, -38.33642800000024 ], [ -59.335677, -38.321535000000232 ], [ -59.354178, -38.303417000000252 ], [ -59.325044, -38.253007000000238 ], [ -59.313765, -38.206970000000233 ], [ -59.246237, -38.153052000000258 ], [ -59.297563, -38.142368000000246 ], [ -59.355355, -38.11457100000024 ], [ -59.414878, -38.113729000000234 ], [ -59.508761, -38.079113000000248 ], [ -59.538113, -38.057257000000227 ], [ -59.622564, -38.044881000000245 ], [ -59.63209, -38.029577000000252 ], [ -59.67703, -38.000114000000259 ], [ -59.400375, -37.782169000000273 ], [ -59.383349, -37.758604000000233 ], [ -59.370155, -37.757787000000235 ], [ -59.34073, -37.733469000000241 ], [ -59.2925, -37.710327000000248 ], [ -59.184695, -37.616925000000279 ] ] ] ] } },
{ "type": "Feature", "properties": { "fid": 36, "gid": 1110, "DEPARTAMENTO": "Lezama", "PROVINCIA": "Buenos Aires" }, "geometry": { "type": "MultiPolygon", "coordinates": [ [ [ [ -57.860225930000055, -35.686348120000254 ], [ -57.749839, -35.766104000000254 ], [ -57.68731, -35.778562000000257 ], [ -57.611979, -35.777251000000263 ], [ -57.543792, -35.805579000000279 ], [ -57.489636, -35.811521000000276 ], [ -57.488967, -35.826301000000264 ], [ -57.512525, -35.824484000000261 ], [ -57.529591, -35.841732000000263 ], [ -57.555733, -35.844884000000263 ], [ -57.567896, -35.857068000000254 ], [ -57.588031, -35.830725000000257 ], [ -57.64928, -35.836993000000248 ], [ -57.656266, -35.850059000000265 ], [ -57.682247, -35.831627000000267 ], [ -57.707655, -35.832283000000267 ], [ -57.712284, -35.872672000000271 ], [ -57.732453, -35.896473000000263 ], [ -57.722929, -35.911909000000286 ], [ -57.726066, -35.919780000000266 ], [ -57.736121, -35.92557400000026 ], [ -57.763848, -35.921993000000263 ], [ -57.775481, -35.934341000000266 ], [ -57.832917, -35.943709000000254 ], [ -57.846441, -35.961540000000262 ], [ -57.904089, -35.973552000000254 ], [ -57.914185, -35.993806000000262 ], [ -57.939434, -35.993010000000261 ], [ -57.957449, -36.027831000000255 ], [ -57.983311, -36.028719000000272 ], [ -57.9772, -36.019488000000273 ], [ -57.983668, -36.017318000000287 ], [ -58.010747, -36.043076000000262 ], [ -58.025426200000055, -36.032048460000276 ], [ -58.034742, -36.002286000000275 ], [ -58.008142, -35.960545000000273 ], [ -58.014456, -35.947367000000256 ], [ -58.092805, -35.949398000000272 ], [ -58.090674, -35.939232000000253 ], [ -58.111201, -35.933429000000245 ], [ -58.102518, -35.921674000000266 ], [ -58.120931, -35.918891000000265 ], [ -58.137536430000061, -35.905452460000276 ], [ -58.13551, -35.895957000000266 ], [ -58.148481, -35.886026000000257 ], [ -58.142594, -35.879181000000266 ], [ -58.147228, -35.866575000000253 ], [ -58.164954660000049, -35.867561140000262 ], [ -58.163896, -35.848891000000258 ], [ -58.137578, -35.825410000000261 ], [ -58.145892, -35.819341000000264 ], [ -58.131665, -35.802863000000265 ], [ -58.096865, -35.775036000000277 ], [ -58.080036, -35.786898000000257 ], [ -58.073649, -35.775110000000261 ], [ -58.045334750000073, -35.756429450000248 ], [ -58.036079, -35.761691000000276 ], [ -58.011616, -35.739704000000259 ], [ -57.980307, -35.757316000000252 ], [ -57.898183, -35.691496000000264 ], [ -57.887372, -35.69987000000026 ], [ -57.860225930000055, -35.686348120000254 ] ] ] ] } },
{ "type": "Feature", "properties": { "fid": 37, "gid": 1111, "DEPARTAMENTO": "Chascomús", "PROVINCIA": "Buenos Aires" }, "geometry": { "type": "MultiPolygon", "coordinates": [ [ [ [ -57.982331, -35.332376000000281 ], [ -57.979357, -35.344686000000287 ], [ -57.952742, -35.359397000000278 ], [ -57.947196, -35.371952000000277 ], [ -57.917862, -35.371426000000284 ], [ -57.912907, -35.381844000000271 ], [ -57.888472, -35.38470100000027 ], [ -57.888711, -35.392016000000261 ], [ -57.873923, -35.385885000000279 ], [ -57.872737, -35.397149000000262 ], [ -57.852815, -35.412291000000266 ], [ -57.83267, -35.415544000000281 ], [ -57.814018, -35.442193000000273 ], [ -57.770626, -35.439820000000267 ], [ -57.766904, -35.463264000000258 ], [ -57.754955430000059, -35.460260390000258 ], [ -57.744897, -35.473618000000265 ], [ -57.687935, -35.484713000000262 ], [ -57.670746, -35.463502000000283 ], [ -57.630019, -35.469502000000254 ], [ -57.608564, -35.458370000000265 ], [ -57.557392, -35.456196000000254 ], [ -57.550832, -35.469703000000273 ], [ -57.521841, -35.473093000000269 ], [ -57.502565, -35.466375000000269 ], [ -57.493241, -35.47205800000026 ], [ -57.486559, -35.461156000000265 ], [ -57.48086, -35.487542000000261 ], [ -57.461671, -35.494074000000261 ], [ -57.469903, -35.50057300000028 ], [ -57.435254, -35.518227000000273 ], [ -57.453546, -35.544500000000255 ], [ -57.450818, -35.554714000000274 ], [ -57.458502, -35.556762000000269 ], [ -57.454394, -35.577682000000266 ], [ -57.464048, -35.594505000000268 ], [ -57.426357, -35.615791000000264 ], [ -57.438795, -35.636334000000268 ], [ -57.416614, -35.644629000000272 ], [ -57.411009, -35.664217000000285 ], [ -57.387453, -35.670238000000261 ], [ -57.383423, -35.679720000000266 ], [ -57.365867, -35.677432000000259 ], [ -57.382962, -35.694198000000284 ], [ -57.381139, -35.712275000000268 ], [ -57.357498, -35.710416000000272 ], [ -57.34698255000005, -35.716226960000256 ], [ -57.350417800000052, -35.727615480000253 ], [ -57.36496821000005, -35.745996820000265 ], [ -57.383073, -35.745291000000257 ], [ -57.386741, -35.736655000000276 ], [ -57.409583, -35.743100000000261 ], [ -57.402058, -35.757487000000268 ], [ -57.408457, -35.769013000000271 ], [ -57.416557, -35.763835000000277 ], [ -57.428362, -35.776256000000267 ], [ -57.425432, -35.784908000000271 ], [ -57.455582, -35.776992000000249 ], [ -57.458649, -35.789050000000259 ], [ -57.470016, -35.780546000000271 ], [ -57.485366, -35.809579000000262 ], [ -57.523469, -35.809695000000254 ], [ -57.613477, -35.776941000000271 ], [ -57.68731, -35.778562000000257 ], [ -57.749839, -35.766104000000254 ], [ -57.860994, -35.685779000000259 ], [ -57.887372, -35.69987000000026 ], [ -57.898183, -35.691496000000264 ], [ -57.980307, -35.757316000000252 ], [ -58.011616, -35.739704000000259 ], [ -58.036079, -35.761691000000276 ], [ -58.045334750000073, -35.756429450000248 ], [ -58.073649, -35.775110000000261 ], [ -58.080036, -35.786898000000257 ], [ -58.096865, -35.775036000000277 ], [ -58.145892, -35.819341000000264 ], [ -58.137578, -35.825410000000261 ], [ -58.163896, -35.848891000000258 ], [ -58.166883, -35.868074000000277 ], [ -58.185232, -35.863478000000271 ], [ -58.204317, -35.838745000000273 ], [ -58.204319, -35.825715000000244 ], [ -58.221508, -35.819630000000252 ], [ -58.229137, -35.826843000000252 ], [ -58.24933, -35.818802000000275 ], [ -58.263821, -35.823052000000239 ], [ -58.275211, -35.846463000000249 ], [ -58.271799, -35.858634000000265 ], [ -58.281058, -35.861839000000259 ], [ -58.296258, -35.853406000000263 ], [ -58.313735540000053, -35.867853860000267 ], [ -58.338598, -35.861720000000254 ], [ -58.342751, -35.843587000000269 ], [ -58.371184720000059, -35.833336390000262 ], [ -58.382961, -35.819335000000251 ], [ -58.41355, -35.814737000000264 ], [ -58.41757, -35.790222000000263 ], [ -58.433283, -35.774058000000274 ], [ -58.453639, -35.769544000000273 ], [ -58.451663, -35.74119300000028 ], [ -58.341543, -35.652005000000273 ], [ -58.332206, -35.63506400000027 ], [ -58.199074, -35.522524000000274 ], [ -58.203818, -35.518666000000266 ], [ -58.152389, -35.47237300000026 ], [ -58.193911, -35.440953000000277 ], [ -58.15486, -35.408153000000262 ], [ -58.138618, -35.420373000000268 ], [ -58.044821, -35.334563000000266 ], [ -58.025003, -35.35378400000026 ], [ -58.002451, -35.332541000000241 ], [ -57.982331, -35.332376000000281 ] ] ] ] } },
{ "type": "Feature", "properties": { "fid": 38, "gid": 1112, "DEPARTAMENTO": "Punta Indio", "PROVINCIA": "Buenos Aires" }, "geometry": { "type": "MultiPolygon", "coordinates": [ [ [ [ -57.30370006000004, -35.197183510000272 ], [ -57.223345660000042, -35.272802780000262 ], [ -57.204238590000053, -35.300107090000282 ], [ -57.14703635000005, -35.389777080000286 ], [ -57.13060617000005, -35.42194739000027 ], [ -57.12793820000006, -35.445757620000265 ], [ -57.152469250000046, -35.495099310000278 ], [ -57.235380380000045, -35.577069370000274 ], [ -57.344754690000059, -35.715337470000257 ], [ -57.364189, -35.70860000000026 ], [ -57.380923, -35.712849000000269 ], [ -57.382962, -35.694198000000284 ], [ -57.365867, -35.677432000000259 ], [ -57.383423, -35.679720000000266 ], [ -57.387453, -35.670238000000261 ], [ -57.411009, -35.664217000000285 ], [ -57.416614, -35.644629000000272 ], [ -57.438795, -35.636334000000268 ], [ -57.426357, -35.615791000000264 ], [ -57.463652, -35.595253000000262 ], [ -57.452516, -35.563904000000271 ], [ -57.458502, -35.556762000000269 ], [ -57.450818, -35.554714000000274 ], [ -57.453546, -35.544500000000255 ], [ -57.435254, -35.518227000000273 ], [ -57.469903, -35.50057300000028 ], [ -57.461671, -35.494074000000261 ], [ -57.48086, -35.487542000000261 ], [ -57.486559, -35.461156000000265 ], [ -57.493241, -35.47205800000026 ], [ -57.502565, -35.466375000000269 ], [ -57.521841, -35.473093000000269 ], [ -57.550832, -35.469703000000273 ], [ -57.557392, -35.456196000000254 ], [ -57.608564, -35.458370000000265 ], [ -57.630019, -35.469502000000254 ], [ -57.670746, -35.463502000000283 ], [ -57.687935, -35.484713000000262 ], [ -57.745393, -35.47346400000027 ], [ -57.755263, -35.460165000000281 ], [ -57.766312, -35.463685000000268 ], [ -57.770626, -35.439820000000267 ], [ -57.796396, -35.445249000000267 ], [ -57.758665, -35.405284000000272 ], [ -57.726803, -35.349300000000262 ], [ -57.682662, -35.37679700000028 ], [ -57.670802, -35.366253000000285 ], [ -57.682058, -35.357892000000277 ], [ -57.664639, -35.342277000000273 ], [ -57.640069, -35.355562000000255 ], [ -57.613395, -35.333060000000273 ], [ -57.631442, -35.319587000000283 ], [ -57.637092, -35.324836000000246 ], [ -57.635128, -35.316856000000271 ], [ -57.667608, -35.293264000000264 ], [ -57.632982, -35.260864000000275 ], [ -57.602915, -35.269181000000287 ], [ -57.60794, -35.27395700000028 ], [ -57.581375, -35.294129000000268 ], [ -57.60218, -35.361657000000264 ], [ -57.588873, -35.350017000000257 ], [ -57.571344, -35.363429000000266 ], [ -57.503155, -35.302010000000266 ], [ -57.549436, -35.29622600000026 ], [ -57.492901, -35.243591000000258 ], [ -57.460123, -35.266761000000287 ], [ -57.425636, -35.234628000000278 ], [ -57.403877, -35.250512000000263 ], [ -57.30370006000004, -35.197183510000272 ] ] ] ] } },
{ "type": "Feature", "properties": { "fid": 39, "gid": 1114, "DEPARTAMENTO": "Campana", "PROVINCIA": "Buenos Aires" }, "geometry": { "type": "MultiPolygon", "coordinates": [ [ [ [ -58.749461830000058, -33.954590150000271 ], [ -58.675300050000054, -34.025466790000273 ], [ -58.804028, -34.080777000000275 ], [ -58.80475, -34.08751500000028 ], [ -58.76385, -34.126474000000286 ], [ -58.764556, -34.144121000000268 ], [ -58.74679, -34.154412000000285 ], [ -58.7467, -34.165507000000275 ], [ -58.6914, -34.172432000000306 ], [ -58.694356, -34.200590000000268 ], [ -58.710837, -34.219097000000268 ], [ -58.712152, -34.248902000000285 ], [ -58.798512, -34.230221000000263 ], [ -58.803303, -34.236333000000272 ], [ -58.776544, -34.273815000000269 ], [ -58.778742, -34.286755000000277 ], [ -58.862832, -34.264175000000272 ], [ -58.863914, -34.277233000000273 ], [ -58.877921, -34.274441000000273 ], [ -58.880793, -34.297921000000279 ], [ -58.914931, -34.320724000000268 ], [ -58.91798, -34.35230700000028 ], [ -58.907739, -34.359949000000285 ], [ -58.921214, -34.37154700000027 ], [ -58.919735, -34.38103500000026 ], [ -59.061558, -34.248040000000287 ], [ -59.057152, -34.241501000000277 ], [ -59.078202, -34.224516000000278 ], [ -59.091502, -34.228217000000278 ], [ -59.105807, -34.213902000000282 ], [ -59.102264, -34.197450000000288 ], [ -58.973315, -34.129096000000267 ], [ -58.977497, -34.113277000000267 ], [ -59.009521, -34.099071000000286 ], [ -59.000536, -34.087853000000266 ], [ -58.966046, -33.960581000000268 ], [ -58.815610840000062, -33.954590150000278 ], [ -58.777709960000074, -33.942626950000282 ], [ -58.749461830000058, -33.954590150000271 ] ] ] ] } },
{ "type": "Feature", "properties": { "fid": 44, "gid": 1130, "DEPARTAMENTO": "Adolfo Alsina", "PROVINCIA": "Buenos Aires" }, "geometry": { "type": "MultiPolygon", "coordinates": [ [ [ [ -63.385367010000088, -36.524945140000256 ], [ -62.647306, -37.123047000000234 ], [ -62.59499, -37.096394000000231 ], [ -62.556695, -37.149958000000225 ], [ -62.51102, -37.196019000000256 ], [ -62.509555, -37.233769000000223 ], [ -62.538814, -37.257424000000228 ], [ -62.425401, -37.348682000000238 ], [ -62.642151, -37.519813000000227 ], [ -62.813196, -37.373926000000246 ], [ -63.377659, -37.815182000000227 ], [ -63.38568187000007, -37.808788640000238 ], [ -63.385367010000088, -36.524945140000256 ] ] ] ] } },
{ "type": "Feature", "properties": { "fid": 45, "gid": 1131, "DEPARTAMENTO": "Pellegrini", "PROVINCIA": "Buenos Aires" }, "geometry": { "type": "MultiPolygon", "coordinates": [ [ [ [ -63.385470740000081, -35.883676630000245 ], [ -62.939103, -36.248324000000245 ], [ -62.978901, -36.280138000000242 ], [ -62.959267, -36.296075000000251 ], [ -63.03995, -36.359075000000253 ], [ -63.028399, -36.368805000000265 ], [ -63.067976, -36.399478000000251 ], [ -63.048637, -36.41541400000024 ], [ -63.282763430000095, -36.607562230000248 ], [ -63.385367010000088, -36.524945140000256 ], [ -63.385470740000081, -35.883676630000245 ] ] ] ] } },
{ "type": "Feature", "properties": { "fid": 46, "gid": 1132, "DEPARTAMENTO": "Puán", "PROVINCIA": "Buenos Aires" }, "geometry": { "type": "MultiPolygon", "coordinates": [ [ [ [ -62.813196, -37.373926000000246 ], [ -62.642151, -37.519813000000227 ], [ -62.629893, -37.510153000000258 ], [ -62.581433, -37.549222000000235 ], [ -62.735477, -37.671840000000245 ], [ -62.730764, -37.690504000000232 ], [ -62.895559100000064, -37.819164730000232 ], [ -62.73478, -37.947923000000245 ], [ -62.814394, -38.010744000000251 ], [ -62.654714, -38.139112000000246 ], [ -62.735947, -38.202478000000241 ], [ -62.654991, -38.267006000000237 ], [ -63.384240360000078, -38.829224030000212 ], [ -63.38568187000007, -37.808788640000238 ], [ -63.377337, -37.815126000000248 ], [ -62.813196, -37.373926000000246 ] ] ] ] } },
{ "type": "Feature", "properties": { "fid": 47, "gid": 1133, "DEPARTAMENTO": "Villarino", "PROVINCIA": "Buenos Aires" }, "geometry": { "type": "MultiPolygon", "coordinates": [ [ [ [ -62.737337, -38.585753000000224 ], [ -62.648968, -38.516606000000223 ], [ -62.607112, -38.616323000000229 ], [ -62.519467, -38.640745000000223 ], [ -62.472886, -38.663293000000216 ], [ -62.45629, -38.692168000000237 ], [ -62.451382, -38.729970000000236 ], [ -62.427105, -38.760861000000233 ], [ -62.399023, -38.749466000000226 ], [ -62.354917, -38.755670000000229 ], [ -62.295423, -38.788584000000235 ], [ -62.31437, -38.805262000000234 ], [ -62.341201640000058, -38.810805720000225 ], [ -62.337216040000051, -38.814464140000226 ], [ -62.351819980000073, -38.802685810000234 ], [ -62.350362560000065, -38.813512360000232 ], [ -62.360713220000072, -38.813720560000242 ], [ -62.357887610000063, -38.806433460000235 ], [ -62.37142079000008, -38.799295080000242 ], [ -62.363806520000068, -38.814345170000244 ], [ -62.379273020000078, -38.80122839000024 ], [ -62.374960240000057, -38.811400580000225 ], [ -62.385013460000074, -38.810508290000222 ], [ -62.38623294000007, -38.803637590000243 ], [ -62.397267690000071, -38.795606910000217 ], [ -62.388523170000077, -38.815029260000237 ], [ -62.414013140000066, -38.817497950000238 ], [ -62.393341580000069, -38.820680480000235 ], [ -62.387333440000063, -38.830882420000236 ], [ -62.395304630000062, -38.834451610000215 ], [ -62.387158550000073, -38.838058870000218 ], [ -62.386825420000058, -38.827755810000227 ], [ -62.377854860000078, -38.831705710000222 ], [ -62.383470380000055, -38.826923000000228 ], [ -62.375784730000071, -38.825638090000226 ], [ -62.371953790000077, -38.843674400000232 ], [ -62.362721480000062, -38.845459000000218 ], [ -62.369693310000073, -38.832086430000238 ], [ -62.360794120000065, -38.826685050000236 ], [ -62.347897440000068, -38.84641078000022 ], [ -62.336047730000068, -38.836440840000236 ], [ -62.326149170000065, -38.838177850000228 ], [ -62.338569960000072, -38.843269890000229 ], [ -62.334134640000066, -38.851339440000224 ], [ -62.344185480000064, -38.864892850000224 ], [ -62.351952040000064, -38.863036870000244 ], [ -62.339102950000054, -38.870089590000227 ], [ -62.33918862000008, -38.88472328000023 ], [ -62.328252610000071, -38.884166480000225 ], [ -62.320528880000062, -38.904268170000229 ], [ -62.345713100000062, -38.950310740000226 ], [ -62.321742410000056, -38.968442230000228 ], [ -62.314061510000066, -38.991299340000232 ], [ -62.320186240000076, -38.992127390000228 ], [ -62.321371210000073, -38.995753690000221 ], [ -62.300384370000081, -38.993398020000221 ], [ -62.316945410000073, -39.002992010000227 ], [ -62.304353310000067, -39.013299830000214 ], [ -62.304734020000062, -39.027885930000224 ], [ -62.30299701000007, -39.025601650000219 ], [ -62.299285050000066, -39.025006780000218 ], [ -62.306613790000057, -39.052894060000234 ], [ -62.354160180000072, -39.10110670000023 ], [ -62.330546410000061, -39.116582720000245 ], [ -62.352018670000071, -39.113004010000239 ], [ -62.332335770000064, -39.132496550000219 ], [ -62.342234330000061, -39.162953650000219 ], [ -62.331193630000058, -39.169064110000228 ], [ -62.329461380000062, -39.184806620000245 ], [ -62.310892060000064, -39.210966420000226 ], [ -62.284137410000056, -39.225804740000235 ], [ -62.286364580000068, -39.233295280000227 ], [ -62.282785870000062, -39.227318070000237 ], [ -62.260295210000059, -39.231239430000237 ], [ -62.237414310000077, -39.251588580000224 ], [ -62.266889880000065, -39.248707440000224 ], [ -62.286011230000078, -39.256666740000227 ], [ -62.301687120000061, -39.245043070000222 ], [ -62.318486110000066, -39.256564430000232 ], [ -62.312280480000062, -39.258753530000213 ], [ -62.316915670000071, -39.26605372000023 ], [ -62.279367780000065, -39.265701560000231 ], [ -62.12989004000007, -39.292722710000234 ], [ -62.062294310000055, -39.319829530000213 ], [ -62.040764940000059, -39.349125460000231 ], [ -62.013786620000062, -39.364865590000228 ], [ -62.010943160000068, -39.35781049000024 ], [ -62.009967580000065, -39.379927580000228 ], [ -62.022638210000061, -39.390611360000229 ], [ -62.085586850000062, -39.390105730000215 ], [ -62.167464100000061, -39.331118890000212 ], [ -62.185013820000059, -39.298358470000231 ], [ -62.199944940000051, -39.307400420000235 ], [ -62.229896400000058, -39.29660361000024 ], [ -62.252471540000066, -39.304723530000217 ], [ -62.288496580000064, -39.298638050000221 ], [ -62.277146550000055, -39.306752020000232 ], [ -62.285902970000066, -39.317316820000222 ], [ -62.274314990000065, -39.308988710000236 ], [ -62.260561710000069, -39.315431100000225 ], [ -62.262512860000072, -39.318911060000239 ], [ -62.274433960000067, -39.317364410000231 ], [ -62.286830960000081, -39.322932350000222 ], [ -62.259824070000064, -39.322289900000222 ], [ -62.279930520000065, -39.325859090000236 ], [ -62.275504720000065, -39.336804610000215 ], [ -62.259229210000051, -39.342087010000228 ], [ -62.262608040000067, -39.347226650000223 ], [ -62.238813430000064, -39.345204110000203 ], [ -62.23031876000006, -39.353008740000227 ], [ -62.203121520000067, -39.346845930000235 ], [ -62.211568600000064, -39.360932340000232 ], [ -62.239313120000062, -39.360194710000229 ], [ -62.224679430000066, -39.363716310000228 ], [ -62.229676300000072, -39.369308050000249 ], [ -62.21299628000007, -39.364334970000236 ], [ -62.213258020000069, -39.370735720000212 ], [ -62.194174740000065, -39.37696991000022 ], [ -62.199072530000066, -39.398540680000224 ], [ -62.212968580000066, -39.395970860000233 ], [ -62.207591, -39.40103911000022 ], [ -62.195312980000061, -39.398921390000218 ], [ -62.192433830000056, -39.382265160000216 ], [ -62.180441350000066, -39.387690330000218 ], [ -62.182463890000065, -39.393424840000222 ], [ -62.180441350000066, -39.396970230000214 ], [ -62.167068780000079, -39.375269550000219 ], [ -62.162476420000068, -39.382051010000232 ], [ -62.172256010000062, -39.387618950000231 ], [ -62.172227450000072, -39.390774120000231 ], [ -62.166145550000074, -39.38787593000022 ], [ -62.164032590000062, -39.397455640000231 ], [ -62.162919, -39.384549450000215 ], [ -62.149855760000065, -39.380023710000245 ], [ -62.147191950000085, -39.397808990000229 ], [ -62.160487190000055, -39.400039740000217 ], [ -62.147995020000067, -39.402865350000226 ], [ -62.141213560000061, -39.395013130000237 ], [ -62.045499740000061, -39.447420750000212 ], [ -62.066468740000062, -39.505658060000243 ], [ -62.089579250000064, -39.540100760000229 ], [ -62.119054830000074, -39.66255377000023 ], [ -62.099305300000061, -39.68560480000022 ], [ -62.106205740000064, -39.666836800000212 ], [ -62.092226400000072, -39.679834610000221 ], [ -62.122713250000061, -39.707674300000242 ], [ -62.111767730000068, -39.706068160000228 ], [ -62.123605550000057, -39.731171480000228 ], [ -62.126044490000069, -39.766863390000218 ], [ -62.114831810000062, -39.839987280000223 ], [ -62.127309, -39.859106000000217 ], [ -62.14634, -39.857576000000236 ], [ -62.166528, -39.830179000000221 ], [ -62.215012, -39.839946000000197 ], [ -62.233544, -39.816233000000224 ], [ -62.261409, -39.815273000000218 ], [ -62.299668, -39.797213000000227 ], [ -62.337825, -39.802274000000232 ], [ -62.370786, -39.77566200000021 ], [ -62.389115, -39.780794000000242 ], [ -62.393903, -39.771984000000231 ], [ -62.375086, -39.764014000000216 ], [ -62.397579, -39.753615000000217 ], [ -62.392409, -39.743937000000223 ], [ -62.408911, -39.725017000000229 ], [ -62.431023, -39.724771000000203 ], [ -62.476386, -39.693672000000234 ], [ -62.486565, -39.665615000000223 ], [ -62.474934, -39.653077000000216 ], [ -62.48054, -39.642773000000233 ], [ -62.475051, -39.628245000000227 ], [ -62.491401, -39.619808000000226 ], [ -62.49034, -39.607507000000233 ], [ -62.519525, -39.594880000000195 ], [ -62.537037, -39.575165000000212 ], [ -62.570111, -39.57074300000022 ], [ -62.601103, -39.549884000000226 ], [ -62.616835, -39.548087000000223 ], [ -62.626618, -39.529866000000226 ], [ -62.639437, -39.536620000000227 ], [ -62.645167, -39.527949000000206 ], [ -62.677189, -39.526407000000212 ], [ -62.69157, -39.534790000000214 ], [ -62.720243, -39.528015000000238 ], [ -62.734073, -39.511500000000225 ], [ -62.754412, -39.506181000000218 ], [ -62.770382, -39.51338500000022 ], [ -62.809029, -39.511341000000222 ], [ -62.858025, -39.530495000000201 ], [ -62.88329, -39.51156300000023 ], [ -62.908678, -39.505141000000222 ], [ -62.958821, -39.51756600000023 ], [ -62.973158, -39.503729000000213 ], [ -63.013383, -39.503276000000234 ], [ -63.016958, -39.485694000000223 ], [ -63.028319, -39.494873000000219 ], [ -63.032677, -39.480968000000232 ], [ -63.046818, -39.486484000000218 ], [ -63.072178, -39.47805600000023 ], [ -63.066023, -39.46019200000022 ], [ -63.083463, -39.461809000000208 ], [ -63.092351, -39.47285900000022 ], [ -63.099691, -39.468154000000204 ], [ -63.09173, -39.451579000000223 ], [ -63.113111, -39.451769000000226 ], [ -63.101848, -39.424406000000225 ], [ -63.136655, -39.393722000000224 ], [ -63.173454, -39.413021000000235 ], [ -63.198924, -39.387691000000217 ], [ -63.219061, -39.386662000000221 ], [ -63.239324, -39.36634600000022 ], [ -63.323077, -39.335726000000221 ], [ -63.383269420000069, -39.32849160000022 ], [ -63.384240360000078, -38.829224030000212 ], [ -62.899669, -38.456661000000217 ], [ -62.737337, -38.585753000000224 ] ] ], [ [ [ -62.020732880000061, -39.087177280000233 ], [ -61.986709590000061, -39.097568510000222 ], [ -62.001483920000069, -39.104743960000228 ], [ -61.998741150000058, -39.109157560000227 ], [ -61.989612580000063, -39.109512330000229 ], [ -62.002937320000065, -39.116168980000225 ], [ -62.002883910000065, -39.126445770000224 ], [ -61.993396760000074, -39.124729160000243 ], [ -61.999111180000064, -39.130046840000226 ], [ -61.989719390000083, -39.126037600000238 ], [ -61.998222350000063, -39.116786960000212 ], [ -61.987735750000063, -39.109088900000231 ], [ -61.999538420000057, -39.10545349000023 ], [ -61.985652920000078, -39.100769040000216 ], [ -61.984703060000065, -39.095676420000231 ], [ -61.990295410000073, -39.089706420000219 ], [ -61.977245330000066, -39.090061190000242 ], [ -61.980503080000076, -39.101375580000223 ], [ -61.966880800000062, -39.11453628000023 ], [ -61.964244840000063, -39.110008240000234 ], [ -61.978939060000073, -39.101829530000217 ], [ -61.97523498000006, -39.09019089000023 ], [ -61.931720730000066, -39.095596310000232 ], [ -61.928100590000064, -39.09920501000024 ], [ -61.932449340000069, -39.102527620000224 ], [ -61.930080410000066, -39.106281280000232 ], [ -61.936897280000068, -39.10226440000023 ], [ -61.941417690000073, -39.102664950000218 ], [ -61.945064540000047, -39.106739040000228 ], [ -61.943164820000071, -39.114185330000225 ], [ -61.940395350000053, -39.103561400000217 ], [ -61.928768160000061, -39.107425690000234 ], [ -61.924041750000065, -39.098541260000211 ], [ -61.912868500000059, -39.101657870000238 ], [ -61.926403050000069, -39.111644740000237 ], [ -61.923858640000049, -39.117427820000231 ], [ -61.923843380000058, -39.10985946000023 ], [ -61.917346950000059, -39.111469270000221 ], [ -61.924839020000071, -39.120628360000225 ], [ -61.913486480000074, -39.131542200000233 ], [ -61.923145290000072, -39.141258240000234 ], [ -61.934108730000055, -39.13850021000021 ], [ -61.947246550000067, -39.147335050000223 ], [ -61.928699490000071, -39.140003200000223 ], [ -61.90929413000007, -39.162647250000234 ], [ -61.904693600000073, -39.145477290000223 ], [ -61.888645170000068, -39.158645630000208 ], [ -61.895786280000067, -39.137023930000232 ], [ -61.888328550000061, -39.128360750000219 ], [ -61.887756350000053, -39.106651310000217 ], [ -61.895580290000055, -39.090900420000231 ], [ -61.884796140000063, -39.096584320000211 ], [ -61.883384700000065, -39.126148220000225 ], [ -61.870716090000052, -39.15018082000023 ], [ -61.876071930000073, -39.151657100000236 ], [ -61.878059390000075, -39.161670680000242 ], [ -61.885463710000074, -39.159057610000218 ], [ -61.87973022000007, -39.165023800000249 ], [ -61.869010920000058, -39.165000920000224 ], [ -61.865036010000068, -39.194015500000226 ], [ -61.873592380000062, -39.19202042000024 ], [ -61.883399960000062, -39.199890140000235 ], [ -61.863586420000061, -39.193923950000212 ], [ -61.864940640000064, -39.162120820000212 ], [ -61.852367400000055, -39.193611140000236 ], [ -61.852069850000063, -39.22466659000024 ], [ -61.869819640000074, -39.244331360000231 ], [ -61.909927370000077, -39.220191960000228 ], [ -61.913440700000066, -39.215751650000229 ], [ -61.905902860000062, -39.215587620000242 ], [ -61.916481020000063, -39.204204560000235 ], [ -61.945739750000087, -39.193218230000213 ], [ -61.949806210000062, -39.178596500000225 ], [ -61.965724940000065, -39.174606320000244 ], [ -61.977951050000051, -39.182552340000214 ], [ -61.994510650000073, -39.167655940000238 ], [ -61.999561310000054, -39.174465180000226 ], [ -62.018745420000066, -39.162700650000225 ], [ -62.056797030000062, -39.157665250000235 ], [ -62.054466250000054, -39.136253360000232 ], [ -62.042869570000072, -39.126808170000217 ], [ -62.043254850000061, -39.136787410000238 ], [ -62.039627070000051, -39.134559630000226 ], [ -62.041786190000089, -39.122016910000241 ], [ -62.034873960000063, -39.115570070000224 ], [ -62.041374210000079, -39.109416960000203 ], [ -62.016166690000084, -39.117671970000238 ], [ -62.032089230000054, -39.109867090000236 ], [ -62.027179720000063, -39.103687290000238 ], [ -62.017505640000074, -39.10857391000021 ], [ -62.012989040000065, -39.107559200000232 ], [ -62.011318210000063, -39.100238800000241 ], [ -62.020732880000061, -39.087177280000233 ] ] ], [ [ [ -62.064586730000066, -38.982999210000244 ], [ -62.011466980000073, -39.008682250000241 ], [ -62.020156860000071, -39.019474030000225 ], [ -62.008216860000068, -39.014804840000224 ], [ -62.015380860000064, -39.02953720000022 ], [ -62.026367190000087, -39.027931210000219 ], [ -62.040519710000069, -39.039772030000215 ], [ -62.060607910000066, -39.02168274000023 ], [ -62.052177430000064, -39.016300200000238 ], [ -62.067043300000066, -39.013690950000232 ], [ -62.074451450000055, -39.003360750000233 ], [ -62.083740230000068, -39.018684390000217 ], [ -62.097080230000067, -39.023807530000227 ], [ -62.115406040000074, -39.016647340000219 ], [ -62.112010960000049, -39.008728030000235 ], [ -62.126770020000073, -39.004623410000221 ], [ -62.07921227000007, -38.983865150000227 ], [ -62.064586730000066, -38.982999210000244 ] ] ], [ [ [ -62.054157260000046, -39.075691220000216 ], [ -62.02213669000006, -39.085517880000232 ], [ -62.014461520000062, -39.106830600000229 ], [ -62.02281952000007, -39.10305786000022 ], [ -62.037776950000051, -39.103126520000224 ], [ -62.042793270000054, -39.111259460000241 ], [ -62.036319730000052, -39.115051270000222 ], [ -62.055374150000056, -39.134723660000219 ], [ -62.061180110000073, -39.150394440000234 ], [ -62.072883610000062, -39.148670200000225 ], [ -62.074691770000065, -39.134696960000234 ], [ -62.06138992000006, -39.135047910000218 ], [ -62.084045410000073, -39.099441530000242 ], [ -62.080127720000064, -39.085540770000222 ], [ -62.054157260000046, -39.075691220000216 ] ] ], [ [ [ -62.120597840000059, -39.207920070000227 ], [ -62.079368590000072, -39.242343900000229 ], [ -62.076877590000066, -39.236442570000222 ], [ -62.064479830000074, -39.245998380000238 ], [ -62.091384890000086, -39.250759120000225 ], [ -62.114730830000063, -39.243835450000226 ], [ -62.157501220000064, -39.211074830000221 ], [ -62.159534450000066, -39.195350650000229 ], [ -62.120597840000059, -39.207920070000227 ] ] ], [ [ [ -61.890270230000063, -39.122512820000225 ], [ -61.904541010000067, -39.135475160000233 ], [ -61.906749720000064, -39.142311100000228 ], [ -61.899906160000072, -39.139148710000235 ], [ -61.898200990000049, -39.144649510000235 ], [ -61.907463070000063, -39.143943780000221 ], [ -61.910766600000066, -39.154045100000225 ], [ -61.920616150000058, -39.141963960000211 ], [ -61.910198210000068, -39.128440860000239 ], [ -61.922447200000072, -39.119953160000215 ], [ -61.908397670000063, -39.10754394000022 ], [ -61.890270230000063, -39.122512820000225 ] ] ], [ [ [ -62.027523040000055, -39.23688888000023 ], [ -61.996955870000065, -39.248424530000221 ], [ -62.011043550000075, -39.26169968000022 ], [ -62.032760620000062, -39.251445770000231 ], [ -62.027523040000055, -39.23688888000023 ] ] ], [ [ [ -62.257747720000069, -38.827218470000226 ], [ -62.227420880000068, -38.857293530000234 ], [ -62.245269850000071, -38.857560560000223 ], [ -62.250881260000057, -38.844262530000229 ], [ -62.270973270000063, -38.839425500000225 ], [ -62.257747720000069, -38.827218470000226 ] ] ], [ [ [ -62.255977700000066, -38.924176600000244 ], [ -62.284507820000066, -38.943498040000215 ], [ -62.283207010000076, -38.951844590000228 ], [ -62.294113220000057, -38.944932360000223 ], [ -62.280403200000066, -38.926236540000232 ], [ -62.255977700000066, -38.924176600000244 ] ] ], [ [ [ -62.127208710000062, -39.006065370000222 ], [ -62.122264860000065, -39.028648380000227 ], [ -62.140640260000069, -39.035545350000227 ], [ -62.145195010000066, -39.029438020000235 ], [ -62.138080600000066, -39.01304626000023 ], [ -62.127208710000062, -39.006065370000222 ] ] ], [ [ [ -62.299133300000072, -39.023159030000237 ], [ -62.302185060000063, -39.009864810000224 ], [ -62.270313260000066, -38.999858860000238 ], [ -62.27809524000007, -39.017597200000232 ], [ -62.299133300000072, -39.023159030000237 ] ] ], [ [ [ -62.056533900000055, -38.982053170000221 ], [ -62.021812530000062, -38.985970860000229 ], [ -62.014141170000073, -38.994138130000245 ], [ -62.026538940000073, -38.997426400000222 ], [ -62.056533900000055, -38.982053170000221 ] ] ], [ [ [ -62.262912820000054, -38.821645200000226 ], [ -62.273994510000072, -38.819520410000244 ], [ -62.279769960000074, -38.800107420000238 ], [ -62.259391850000064, -38.813626700000228 ], [ -62.262912820000054, -38.821645200000226 ] ] ], [ [ [ -62.308902800000062, -38.866830270000243 ], [ -62.286880560000071, -38.877004070000218 ], [ -62.305164400000073, -38.878339210000242 ], [ -62.294426030000075, -38.892461220000214 ], [ -62.312583990000064, -38.882092870000228 ], [ -62.308902800000062, -38.866830270000243 ] ] ], [ [ [ -62.234687800000067, -39.184787750000226 ], [ -62.223861690000064, -39.198070530000223 ], [ -62.224548340000062, -39.205154420000234 ], [ -62.240474700000064, -39.190383910000222 ], [ -62.234687800000067, -39.184787750000226 ] ] ], [ [ [ -62.237354280000062, -39.343425750000229 ], [ -62.226829530000067, -39.338207240000237 ], [ -62.211822510000061, -39.344146730000212 ], [ -62.220092770000058, -39.34987259000021 ], [ -62.237354280000062, -39.343425750000229 ] ] ], [ [ [ -62.315998140000069, -38.844838550000226 ], [ -62.299144810000072, -38.846238540000229 ], [ -62.29484946000008, -38.852593830000231 ], [ -62.308662480000073, -38.855115340000225 ], [ -62.315998140000069, -38.844838550000226 ] ] ], [ [ [ -62.200893400000062, -39.006011960000222 ], [ -62.208904270000062, -39.009105680000211 ], [ -62.210418700000069, -39.02132034000023 ], [ -62.218368530000085, -39.006687160000219 ], [ -62.200893400000062, -39.006011960000222 ] ] ], [ [ [ -62.330879270000068, -38.847974230000226 ], [ -62.317661350000058, -38.847955160000218 ], [ -62.313671180000071, -38.855706620000227 ], [ -62.322914190000063, -38.857407970000224 ], [ -62.330879270000068, -38.847974230000226 ] ] ], [ [ [ -62.292530130000067, -38.871800820000225 ], [ -62.281757420000076, -38.869992660000214 ], [ -62.279213020000078, -38.872029700000219 ], [ -62.267376010000056, -38.873246590000235 ], [ -62.292530130000067, -38.871800820000225 ] ] ], [ [ [ -62.30463797000008, -38.832101280000252 ], [ -62.307815620000085, -38.837651660000233 ], [ -62.319248260000059, -38.838281090000223 ], [ -62.317844450000067, -38.833661490000217 ], [ -62.30463797000008, -38.832101280000252 ] ] ], [ [ [ -62.316200320000078, -38.863782330000227 ], [ -62.318409030000069, -38.874608440000237 ], [ -62.324390470000068, -38.874242230000227 ], [ -62.316200320000078, -38.863782330000227 ] ] ], [ [ [ -62.295345370000064, -38.96173610000023 ], [ -62.303237980000056, -38.961709390000237 ], [ -62.298385680000052, -38.952691450000245 ], [ -62.296363900000067, -38.95416774000023 ], [ -62.295345370000064, -38.96173610000023 ] ] ], [ [ [ -62.071193780000058, -38.979066260000231 ], [ -62.083950130000062, -38.979642280000242 ], [ -62.07075509000007, -38.976891890000239 ], [ -62.071193780000058, -38.979066260000231 ] ] ], [ [ [ -61.870426180000059, -39.15336227000023 ], [ -61.876708980000053, -39.162155150000217 ], [ -61.871200560000062, -39.151062010000224 ], [ -61.870426180000059, -39.15336227000023 ] ] ], [ [ [ -62.27885444000006, -38.852239060000244 ], [ -62.282089300000067, -38.858601970000223 ], [ -62.286453310000063, -38.858392160000214 ], [ -62.284275120000068, -38.852555680000229 ], [ -62.27885444000006, -38.852239060000244 ] ] ], [ [ [ -62.25905609000008, -39.338127130000231 ], [ -62.246025080000059, -39.338500980000219 ], [ -62.255081180000083, -39.342674250000236 ], [ -62.25905609000008, -39.338127130000231 ] ] ], [ [ [ -62.190025330000061, -39.175498960000219 ], [ -62.197822570000078, -39.174854280000218 ], [ -62.194694520000063, -39.172370910000232 ], [ -62.190025330000061, -39.175498960000219 ] ] ], [ [ [ -62.285121980000064, -38.958714860000249 ], [ -62.291992250000064, -38.961877240000206 ], [ -62.294570990000061, -38.95430889000022 ], [ -62.285121980000064, -38.958714860000249 ] ] ], [ [ [ -62.278797220000072, -38.868974130000247 ], [ -62.268222880000067, -38.868779580000236 ], [ -62.279289310000074, -38.871068400000226 ], [ -62.278797220000072, -38.868974130000247 ] ] ], [ [ [ -62.251533510000058, -39.333232880000232 ], [ -62.24940109000007, -39.336299900000228 ], [ -62.260154720000067, -39.334243770000235 ], [ -62.251533510000058, -39.333232880000232 ] ] ], [ [ [ -61.919456480000065, -39.097942350000224 ], [ -61.907676700000074, -39.099567410000226 ], [ -61.912590030000061, -39.100177760000221 ], [ -61.919456480000065, -39.097942350000224 ] ] ], [ [ [ -62.283538880000066, -38.975308790000234 ], [ -62.288982460000064, -38.979112040000238 ], [ -62.291210240000055, -38.977311500000233 ], [ -62.283538880000066, -38.975308790000234 ] ] ], [ [ [ -62.302536080000067, -38.820908960000217 ], [ -62.305870120000058, -38.825368340000225 ], [ -62.309829780000072, -38.824021750000227 ], [ -62.302536080000067, -38.820908960000217 ] ] ], [ [ [ -62.240482400000062, -38.871438430000225 ], [ -62.236824110000079, -38.874398630000222 ], [ -62.241447520000058, -38.874127790000237 ], [ -62.240482400000062, -38.871438430000225 ] ] ], [ [ [ -62.333259640000072, -38.855531140000231 ], [ -62.331962650000072, -38.86091368000023 ], [ -62.335796420000065, -38.858899520000236 ], [ -62.333259640000072, -38.855531140000231 ] ] ], [ [ [ -62.317123480000063, -38.826531820000227 ], [ -62.323932710000058, -38.826814110000242 ], [ -62.316791600000066, -38.82484954000023 ], [ -62.317123480000063, -38.826531820000227 ] ] ], [ [ [ -62.032127380000063, -39.10432053000023 ], [ -62.037475590000071, -39.104480740000227 ], [ -62.032279970000069, -39.103939060000208 ], [ -62.032127380000063, -39.10432053000023 ] ] ], [ [ [ -61.863285060000067, -39.155738830000217 ], [ -61.86719513000007, -39.156314850000243 ], [ -61.865200040000076, -39.153678890000229 ], [ -61.863285060000067, -39.155738830000217 ] ] ], [ [ [ -62.31012732000007, -38.988797550000221 ], [ -62.311782900000061, -38.991891270000224 ], [ -62.313003600000073, -38.987988840000227 ], [ -62.31012732000007, -38.988797550000221 ] ] ], [ [ [ -62.254531930000077, -38.868924540000236 ], [ -62.258007120000066, -38.868218820000244 ], [ -62.25734718000006, -38.866853160000225 ], [ -62.254531930000077, -38.868924540000236 ] ] ], [ [ [ -62.264911720000065, -38.864858080000225 ], [ -62.269313880000084, -38.865754530000231 ], [ -62.26487357000007, -38.863915840000246 ], [ -62.264911720000065, -38.864858080000225 ] ] ], [ [ [ -62.260311200000061, -38.866162700000217 ], [ -62.260341710000063, -38.867619920000216 ], [ -62.262294840000081, -38.866521280000235 ], [ -62.260311200000061, -38.866162700000217 ] ] ], [ [ [ -62.261695930000087, -38.862180160000229 ], [ -62.263931340000077, -38.86259596000022 ], [ -62.264392920000077, -38.861882610000222 ], [ -62.261695930000087, -38.862180160000229 ] ] ], [ [ [ -62.257244180000072, -38.864636820000229 ], [ -62.259029460000072, -38.865315840000235 ], [ -62.259182040000063, -38.865235730000236 ], [ -62.257244180000072, -38.864636820000229 ] ] ], [ [ [ -62.253540110000067, -38.865643900000222 ], [ -62.254528110000066, -38.866101670000219 ], [ -62.254737920000061, -38.865495130000234 ], [ -62.253540110000067, -38.865643900000222 ] ] ] ] } },
{ "type": "Feature", "properties": { "fid": 48, "gid": 1134, "DEPARTAMENTO": "General Villegas", "PROVINCIA": "Buenos Aires" }, "geometry": { "type": "MultiPolygon", "coordinates": [ [ [ [ -63.38508386000008, -34.385761310000269 ], [ -62.26908308000008, -34.385821360000264 ], [ -62.316394660000078, -34.569729650000262 ], [ -62.325575, -34.569268000000271 ], [ -62.34816565000007, -34.653784850000264 ], [ -62.584849, -34.610690000000261 ], [ -62.59472, -34.65018800000027 ], [ -62.622173, -34.632497000000264 ], [ -62.606722, -34.996710000000242 ], [ -62.642162, -34.996989000000269 ], [ -62.610626530000083, -35.022718640000264 ], [ -62.68835, -35.085097000000253 ], [ -62.657181, -35.110819000000255 ], [ -62.67689260000008, -35.12660750000024 ], [ -62.707517, -35.101156000000245 ], [ -62.964607, -35.311894000000251 ], [ -63.11541263000008, -35.188867520000258 ], [ -63.090385, -35.168254000000246 ], [ -63.139051, -35.128403000000262 ], [ -63.23551391000008, -35.208571730000259 ], [ -63.211173, -35.228970000000267 ], [ -63.285144, -35.288491000000263 ], [ -63.310018, -35.267808000000265 ], [ -63.347169, -35.300041000000256 ], [ -63.329475, -35.323156000000253 ], [ -63.385707060000065, -35.36972390000026 ], [ -63.38508386000008, -34.385761310000269 ] ] ] ] } },
{ "type": "Feature", "properties": { "fid": 56, "gid": 1159, "DEPARTAMENTO": "Pergamino", "PROVINCIA": "Buenos Aires" }, "geometry": { "type": "MultiPolygon", "coordinates": [ [ [ [ -60.818235070000078, -33.543698250000276 ], [ -60.781950670000064, -33.578969000000271 ], [ -60.755586250000057, -33.58795147000027 ], [ -60.684582250000062, -33.585156580000273 ], [ -60.664800740000068, -33.592322450000275 ], [ -60.619920400000076, -33.628343790000272 ], [ -60.587418740000054, -33.631059350000278 ], [ -60.556948840000054, -33.646598040000264 ], [ -60.523331820000067, -33.648730040000274 ], [ -60.468548600000062, -33.637749740000267 ], [ -60.457592070000068, -33.628019210000268 ], [ -60.457451680000077, -33.598349710000278 ], [ -60.393426, -33.64201400000028 ], [ -60.387545, -33.636587000000276 ], [ -60.326792, -33.683270000000277 ], [ -60.327432, -33.671835000000272 ], [ -60.313175, -33.651123000000283 ], [ -60.239394, -33.664507000000285 ], [ -60.242539, -33.648841000000267 ], [ -60.17224, -33.661924000000269 ], [ -60.175136730000062, -33.673663450000269 ], [ -60.159765, -33.689957000000263 ], [ -60.141242, -33.693094000000279 ], [ -60.138771, -33.711128000000286 ], [ -60.19659, -33.824584000000286 ], [ -60.231469, -33.869787000000279 ], [ -60.236577, -34.010707000000288 ], [ -60.3124, -34.001454000000265 ], [ -60.496386950000065, -34.176459910000268 ], [ -60.502159, -34.155524000000263 ], [ -60.515503, -34.143780000000277 ], [ -60.578423, -34.116370000000281 ], [ -60.624474, -34.112153000000262 ], [ -60.637418120000063, -34.096323130000279 ], [ -60.657981, -34.091113000000263 ], [ -60.674744, -34.064331000000287 ], [ -60.715401, -34.035737000000267 ], [ -60.705401, -34.025122000000266 ], [ -60.797385, -33.952372000000267 ], [ -60.802679, -33.955872000000277 ], [ -60.942796, -33.856860000000282 ], [ -60.861294, -33.780965000000279 ], [ -60.901023690000066, -33.749352100000287 ], [ -60.810809, -33.674801000000272 ], [ -60.911076880000074, -33.580824980000259 ], [ -60.867133, -33.548302510000276 ], [ -60.818235070000078, -33.543698250000276 ] ] ] ] } },
{ "type": "Feature", "properties": { "fid": 65, "gid": 1199, "DEPARTAMENTO": "Castelli", "PROVINCIA": "Buenos Aires" }, "geometry": { "type": "MultiPolygon", "coordinates": [ [ [ [ -57.384708, -35.73807700000026 ], [ -57.383947, -35.744849000000293 ], [ -57.362053370000055, -35.75061298000027 ], [ -57.389714600000048, -35.853167740000259 ], [ -57.386942530000049, -35.90227982000026 ], [ -57.381077160000046, -35.912083200000268 ], [ -57.375247480000056, -35.908311750000266 ], [ -57.381398390000058, -35.925110750000272 ], [ -57.372534890000047, -35.94430110000026 ], [ -57.376703710000051, -35.949754830000259 ], [ -57.368808660000056, -35.951096840000254 ], [ -57.373134520000065, -35.958706360000278 ], [ -57.38144092000006, -35.956715940000279 ], [ -57.382452190000059, -35.966739420000266 ], [ -57.370941550000055, -35.970130150000287 ], [ -57.347063660000053, -36.016809230000263 ], [ -57.354544680000032, -36.020178540000259 ], [ -57.351061150000049, -36.027469210000262 ], [ -57.339525520000066, -36.026993320000265 ], [ -57.321841370000072, -36.05297703000025 ], [ -57.279239500000045, -36.137590670000264 ], [ -57.266580770000047, -36.137895240000283 ], [ -57.209226240000042, -36.196220590000266 ], [ -57.645064, -36.10708600000028 ], [ -57.670959, -36.203332000000259 ], [ -57.784497, -36.178141000000259 ], [ -57.815858, -36.278401000000251 ], [ -57.872037, -36.266867000000268 ], [ -57.883506, -36.302138000000241 ], [ -57.964312030000045, -36.27033307000027 ], [ -57.971748, -36.263965000000269 ], [ -57.959721, -36.252922000000268 ], [ -58.093219, -36.154813000000246 ], [ -58.052194, -36.118687000000257 ], [ -58.041205, -36.126295000000269 ], [ -57.966803, -36.064632000000273 ], [ -58.004343, -36.042141000000271 ], [ -57.985659500000047, -36.018350460000278 ], [ -57.9772, -36.019488000000273 ], [ -57.983311, -36.028719000000272 ], [ -57.957449, -36.027831000000255 ], [ -57.939434, -35.993010000000261 ], [ -57.914185, -35.993806000000262 ], [ -57.904089, -35.973552000000254 ], [ -57.846441, -35.961540000000262 ], [ -57.832917, -35.943709000000254 ], [ -57.775481, -35.934341000000266 ], [ -57.763848, -35.921993000000263 ], [ -57.736121, -35.92557400000026 ], [ -57.726066, -35.919780000000266 ], [ -57.722929, -35.911909000000286 ], [ -57.732453, -35.896473000000263 ], [ -57.712284, -35.872672000000271 ], [ -57.707655, -35.832283000000267 ], [ -57.682247, -35.831627000000267 ], [ -57.656266, -35.850059000000265 ], [ -57.64928, -35.836993000000248 ], [ -57.588031, -35.830725000000257 ], [ -57.567039, -35.856997000000256 ], [ -57.555733, -35.844884000000263 ], [ -57.529591, -35.841732000000263 ], [ -57.512525, -35.824484000000261 ], [ -57.488967, -35.826301000000264 ], [ -57.491784, -35.814589000000261 ], [ -57.4774, -35.799853000000269 ], [ -57.482271, -35.795249000000261 ], [ -57.475188, -35.783069000000268 ], [ -57.457889, -35.788902000000263 ], [ -57.454738, -35.776940000000295 ], [ -57.424789, -35.784580000000268 ], [ -57.428362, -35.776256000000267 ], [ -57.416557, -35.763835000000277 ], [ -57.408457, -35.769013000000271 ], [ -57.402058, -35.757487000000268 ], [ -57.409583, -35.743100000000261 ], [ -57.384708, -35.73807700000026 ] ] ] ] } },
{ "type": "Feature", "properties": { "fid": 66, "gid": 1200, "DEPARTAMENTO": "Almirante Brown", "PROVINCIA": "Buenos Aires" }, "geometry": { "type": "MultiPolygon", "coordinates": [ [ [ [ -58.333957, -34.758241000000282 ], [ -58.309778680000058, -34.793387360000288 ], [ -58.3328, -34.805754000000285 ], [ -58.292471, -34.854868000000273 ], [ -58.3421, -34.89071100000028 ], [ -58.346298, -34.885034000000267 ], [ -58.396445, -34.909881000000262 ], [ -58.415943, -34.883021000000262 ], [ -58.408792, -34.87945800000027 ], [ -58.447753, -34.82598900000027 ], [ -58.405102, -34.804573000000268 ], [ -58.409954, -34.798587000000254 ], [ -58.358683, -34.771354000000265 ], [ -58.362003, -34.767389000000264 ], [ -58.333957, -34.758241000000282 ] ] ] ] } },
{ "type": "Feature", "properties": { "fid": 67, "gid": 1201, "DEPARTAMENTO": "Presidente Perón", "PROVINCIA": "Buenos Aires" }, "geometry": { "type": "MultiPolygon", "coordinates": [ [ [ [ -58.415943, -34.883021000000262 ], [ -58.396445, -34.909881000000262 ], [ -58.312460310000048, -34.874837950000291 ], [ -58.274607010000061, -34.917060120000286 ], [ -58.294059190000056, -34.915315210000287 ], [ -58.378007, -34.95578600000028 ], [ -58.37762, -34.950493000000272 ], [ -58.394616, -34.958878000000261 ], [ -58.389860760000055, -34.965420240000277 ], [ -58.401654, -34.974390000000284 ], [ -58.430381, -34.978061000000267 ], [ -58.468702, -35.011275000000253 ], [ -58.463054, -34.951454000000254 ], [ -58.49186, -34.927632000000273 ], [ -58.422399, -34.886192000000271 ], [ -58.413042, -34.873576000000277 ], [ -58.408792, -34.87945800000027 ], [ -58.415943, -34.883021000000262 ] ] ] ] } },
{ "type": "Feature", "properties": { "fid": 68, "gid": 1202, "DEPARTAMENTO": "Brandsen", "PROVINCIA": "Buenos Aires" }, "geometry": { "type": "MultiPolygon", "coordinates": [ [ [ [ -58.120261, -35.00457200000028 ], [ -58.177251300000059, -35.057152090000272 ], [ -58.11005088000006, -35.108428290000262 ], [ -58.101843, -35.10117700000027 ], [ -58.018072, -35.168111000000266 ], [ -58.077531, -35.220003000000254 ], [ -58.054086, -35.236827000000261 ], [ -57.968108, -35.15968900000027 ], [ -57.890143, -35.222141000000256 ], [ -58.035841, -35.343998000000262 ], [ -58.044821, -35.334563000000266 ], [ -58.138618, -35.420373000000268 ], [ -58.18685, -35.382581000000279 ], [ -58.219269, -35.40803786000027 ], [ -58.259555, -35.37710900000026 ], [ -58.246816, -35.365325000000261 ], [ -58.446903, -35.214031000000276 ], [ -58.35271, -35.13786300000028 ], [ -58.338844, -35.148527000000279 ], [ -58.236268, -35.058275000000258 ], [ -58.246584410000054, -35.04828474000027 ], [ -58.161419, -34.971845000000265 ], [ -58.120261, -35.00457200000028 ] ] ] ] } },
{ "type": "Feature", "properties": { "fid": 69, "gid": 1203, "DEPARTAMENTO": "Carlos Casares", "PROVINCIA": "Buenos Aires" }, "geometry": { "type": "MultiPolygon", "coordinates": [ [ [ [ -61.53188, -35.378576000000272 ], [ -61.288021, -35.572824000000267 ], [ -61.272599, -35.56007700000027 ], [ -61.187467, -35.627378000000256 ], [ -61.196765, -35.635467000000254 ], [ -61.031898, -35.765554000000257 ], [ -61.101731, -35.824756000000271 ], [ -61.035297300000053, -35.876662830000271 ], [ -61.269755, -36.071098000000262 ], [ -61.333186, -36.021412000000254 ], [ -61.393404, -36.07181200000025 ], [ -61.560046, -35.942756000000244 ], [ -61.543683, -35.928989000000271 ], [ -61.636117, -35.852744000000257 ], [ -61.502767, -35.745416000000255 ], [ -61.601187, -35.664503000000259 ], [ -61.574373, -35.643079000000249 ], [ -61.648854, -35.583855000000263 ], [ -61.659113, -35.59243300000027 ], [ -61.724739, -35.537384000000245 ], [ -61.53188, -35.378576000000272 ] ] ] ] } },
{ "type": "Feature", "properties": { "fid": 70, "gid": 1204, "DEPARTAMENTO": "Carlos Tejedor", "PROVINCIA": "Buenos Aires" }, "geometry": { "type": "MultiPolygon", "coordinates": [ [ [ [ -62.471445, -35.010657000000258 ], [ -62.285185, -35.16381900000026 ], [ -62.270612, -35.151768000000239 ], [ -62.224186, -35.189879000000261 ], [ -62.210043, -35.201858000000271 ], [ -62.225018, -35.214139000000273 ], [ -61.906309, -35.485611000000262 ], [ -61.988144, -35.552205000000257 ], [ -62.050169, -35.501227000000256 ], [ -62.129988, -35.565370000000257 ], [ -62.098286, -35.591606000000255 ], [ -62.338553, -35.784075000000264 ], [ -62.69389, -35.492640000000257 ], [ -62.685256970000069, -35.485625910000252 ], [ -62.777689, -35.408695000000243 ], [ -62.803814170000066, -35.429501200000274 ], [ -62.873097, -35.371607000000246 ], [ -62.846541, -35.350452000000246 ], [ -62.893164, -35.311318000000249 ], [ -62.864144, -35.28850200000025 ], [ -62.899558, -35.259279000000248 ], [ -62.707517, -35.101156000000245 ], [ -62.67689260000008, -35.12660750000024 ], [ -62.657181, -35.110819000000255 ], [ -62.68835, -35.085097000000253 ], [ -62.610626530000083, -35.022718640000264 ], [ -62.548554, -35.073872000000257 ], [ -62.471445, -35.010657000000258 ] ] ] ] } },
{ "type": "Feature", "properties": { "fid": 71, "gid": 1205, "DEPARTAMENTO": "25 de Mayo", "PROVINCIA": "Buenos Aires" }, "geometry": { "type": "MultiPolygon", "coordinates": [ [ [ [ -60.021088760000062, -35.108035310000254 ], [ -59.973021, -35.132739000000271 ], [ -59.94827, -35.119459000000269 ], [ -59.905571, -35.114872000000268 ], [ -59.878646, -35.131709000000271 ], [ -59.870386, -35.152610000000266 ], [ -59.835731, -35.157783000000265 ], [ -59.822374, -35.176815000000268 ], [ -59.792305, -35.18268700000025 ], [ -59.774162, -35.173967000000253 ], [ -59.758988, -35.189119000000268 ], [ -59.761425, -35.197138000000272 ], [ -59.746382, -35.195982000000271 ], [ -59.721389500000065, -35.222675730000248 ], [ -59.699119, -35.210947000000267 ], [ -59.669182, -35.223100000000279 ], [ -59.663883, -35.210011000000257 ], [ -59.644744, -35.20809400000028 ], [ -59.632265, -35.197212000000256 ], [ -59.62107, -35.200559000000261 ], [ -59.573743, -35.178063000000279 ], [ -59.543009, -35.204349000000256 ], [ -59.549044, -35.21344400000028 ], [ -59.540143, -35.221288000000257 ], [ -59.555232, -35.243241000000268 ], [ -59.549982010000065, -35.267530720000281 ], [ -59.533924, -35.282832000000262 ], [ -59.506061940000073, -35.289256550000268 ], [ -59.585763, -35.359960000000271 ], [ -59.642507640000048, -35.31660974000026 ], [ -59.712899, -35.378775000000267 ], [ -59.755477, -35.346744000000271 ], [ -59.825442, -35.407354000000247 ], [ -59.768671, -35.451043000000269 ], [ -59.775005, -35.478474000000283 ], [ -59.830348, -35.496935000000278 ], [ -59.906036, -35.480930000000271 ], [ -59.930062, -35.48817700000027 ], [ -59.995613, -35.530273000000257 ], [ -60.004894, -35.528916000000258 ], [ -60.028733, -35.555252000000273 ], [ -60.009792, -35.575656000000265 ], [ -60.010605, -35.597099000000256 ], [ -60.031024, -35.624436000000266 ], [ -60.039969, -35.624195000000277 ], [ -60.030241, -35.638335000000261 ], [ -60.033955, -35.656241000000271 ], [ -60.017622, -35.653482000000281 ], [ -60.00544, -35.661698000000271 ], [ -60.025754, -35.672353000000264 ], [ -60.021042, -35.681762000000269 ], [ -60.030921, -35.683025000000249 ], [ -60.022987, -35.685752000000285 ], [ -60.024369, -35.695618000000259 ], [ -60.043907, -35.696925000000263 ], [ -60.059248, -35.70946400000026 ], [ -60.116733, -35.66444200000025 ], [ -60.367515, -35.885993000000248 ], [ -60.385516, -35.890038000000246 ], [ -60.417136, -35.928244000000255 ], [ -60.461554, -35.949308000000258 ], [ -60.462439, -35.972723000000279 ], [ -60.494871, -35.99499000000025 ], [ -60.515754, -35.984973000000259 ], [ -60.531063, -36.000561000000253 ], [ -60.638071, -35.921069000000273 ], [ -60.695447, -35.968815000000255 ], [ -60.867915, -35.840008000000246 ], [ -60.444882, -35.473321000000254 ], [ -60.528049, -35.410299000000251 ], [ -60.323097, -35.229720000000285 ], [ -60.235044, -35.295857000000261 ], [ -60.021088760000062, -35.108035310000254 ] ] ] ] } },
{ "type": "Feature", "properties": { "fid": 72, "gid": 1206, "DEPARTAMENTO": "9 de Julio", "PROVINCIA": "Buenos Aires" }, "geometry": { "type": "MultiPolygon", "coordinates": [ [ [ [ -60.868635050000066, -35.145430640000257 ], [ -60.444882, -35.473321000000254 ], [ -60.969673, -35.926616000000259 ], [ -61.101731, -35.824756000000271 ], [ -61.031898, -35.765554000000257 ], [ -61.196765, -35.635467000000254 ], [ -61.187467, -35.627378000000256 ], [ -61.272599, -35.56007700000027 ], [ -61.288021, -35.572824000000267 ], [ -61.531934, -35.378534000000258 ], [ -61.278178, -35.165851000000281 ], [ -61.155019, -35.26417100000026 ], [ -61.062511, -35.186779000000264 ], [ -60.984631, -35.246600000000271 ], [ -60.868635050000066, -35.145430640000257 ] ] ] ] } },
{ "type": "Feature", "properties": { "fid": 73, "gid": 1207, "DEPARTAMENTO": "Pehuajó", "PROVINCIA": "Buenos Aires" }, "geometry": { "type": "MultiPolygon", "coordinates": [ [ [ [ -61.724739, -35.537384000000245 ], [ -61.659113, -35.59243300000027 ], [ -61.648854, -35.583855000000263 ], [ -61.574373, -35.643079000000249 ], [ -61.601187, -35.664503000000259 ], [ -61.502767, -35.745416000000255 ], [ -61.636117, -35.852744000000257 ], [ -61.543683, -35.928989000000271 ], [ -61.560046, -35.942756000000244 ], [ -61.436136, -36.039237000000249 ], [ -61.450383250000066, -36.051443860000262 ], [ -61.491487, -36.01909800000022 ], [ -61.596724, -36.107283000000251 ], [ -61.616375, -36.091585000000244 ], [ -61.689081, -36.140310000000262 ], [ -61.702618, -36.129266000000271 ], [ -61.742437, -36.162080000000252 ], [ -61.772554, -36.138559000000264 ], [ -61.944752, -36.268559000000252 ], [ -61.921176, -36.288428000000252 ], [ -61.944574, -36.306425000000253 ], [ -61.939359, -36.311099000000247 ], [ -61.949509, -36.310552000000243 ], [ -61.974442, -36.333632000000257 ], [ -62.014961, -36.300641000000255 ], [ -62.048975, -36.326463000000253 ], [ -62.144315, -36.245472000000262 ], [ -62.178949, -36.271882000000247 ], [ -62.205702, -36.249397000000258 ], [ -62.082437, -36.15230100000025 ], [ -62.431086, -35.858839000000266 ], [ -62.098286, -35.591606000000255 ], [ -62.129988, -35.565370000000257 ], [ -62.050169, -35.501227000000256 ], [ -61.988144, -35.552205000000257 ], [ -61.906309, -35.485611000000262 ], [ -61.783275160000066, -35.585449350000253 ], [ -61.724739, -35.537384000000245 ] ] ] ] } },
{ "type": "Feature", "properties": { "fid": 74, "gid": 1208, "DEPARTAMENTO": "Trenque Lauquen", "PROVINCIA": "Buenos Aires" }, "geometry": { "type": "MultiPolygon", "coordinates": [ [ [ [ -62.623811, -35.55074300000026 ], [ -62.338416, -35.784199000000257 ], [ -62.431086, -35.858839000000266 ], [ -62.082437, -36.15230100000025 ], [ -62.607583, -36.561423000000254 ], [ -62.625748, -36.502360000000252 ], [ -63.20373, -36.033076000000243 ], [ -62.923600620000066, -35.805193050000241 ], [ -62.932454, -35.798306000000238 ], [ -62.623811, -35.55074300000026 ] ] ] ] } },
{ "type": "Feature", "properties": { "fid": 75, "gid": 1209, "DEPARTAMENTO": "General Belgrano", "PROVINCIA": "Buenos Aires" }, "geometry": { "type": "MultiPolygon", "coordinates": [ [ [ [ -59.034365, -35.564892000000256 ], [ -59.003031, -35.594943000000264 ], [ -58.973941, -35.589980000000267 ], [ -58.947424, -35.622970000000272 ], [ -58.931658, -35.622767000000266 ], [ -58.903755, -35.605515000000253 ], [ -58.907598, -35.594087000000265 ], [ -58.881857, -35.593128000000256 ], [ -58.878111, -35.60444700000027 ], [ -58.888299, -35.621122000000263 ], [ -58.876570530000052, -35.640095900000254 ], [ -58.839198, -35.656305000000273 ], [ -58.835093, -35.666036000000268 ], [ -58.843138, -35.681851000000265 ], [ -58.805037, -35.689713000000268 ], [ -58.787997, -35.700971000000258 ], [ -58.765165, -35.737218000000247 ], [ -58.761715, -35.756635000000259 ], [ -58.747575, -35.750698000000256 ], [ -58.738005, -35.731149000000265 ], [ -58.716016, -35.721729000000259 ], [ -58.686029, -35.729687000000268 ], [ -58.661705820000051, -35.724581260000257 ], [ -58.658104, -35.744163000000277 ], [ -58.635583, -35.743134000000261 ], [ -58.629061, -35.751081000000276 ], [ -58.608627, -35.741114000000273 ], [ -58.595093, -35.750099000000269 ], [ -58.54136, -35.746301000000258 ], [ -58.53678, -35.725661000000287 ], [ -58.52453, -35.722479000000256 ], [ -58.512058, -35.751111000000265 ], [ -58.501696, -35.753329000000249 ], [ -58.486944, -35.707434000000269 ], [ -58.474359, -35.705933000000265 ], [ -58.465251, -35.685385000000245 ], [ -58.438388, -35.709143000000267 ], [ -58.442965, -35.721243000000264 ], [ -58.436248, -35.73305100000028 ], [ -58.451663, -35.74119300000028 ], [ -58.453639, -35.769544000000273 ], [ -58.433283, -35.774058000000274 ], [ -58.41757, -35.790222000000263 ], [ -58.41355, -35.814737000000264 ], [ -58.383631, -35.81905300000026 ], [ -58.371184720000059, -35.833336390000262 ], [ -58.342751, -35.843587000000269 ], [ -58.336947, -35.862761000000262 ], [ -58.312094, -35.86780900000025 ], [ -58.296258, -35.853406000000263 ], [ -58.282355, -35.860639000000255 ], [ -58.571854, -36.120966000000266 ], [ -58.749021, -35.984720000000273 ], [ -58.729174, -35.967546000000269 ], [ -58.891825, -35.840171000000254 ], [ -58.900579960000051, -35.847451510000248 ], [ -58.956746, -35.803191000000254 ], [ -58.974425, -35.816928000000253 ], [ -59.103382, -35.703118000000266 ], [ -59.095855790000059, -35.696740960000255 ], [ -59.136124, -35.663483000000269 ], [ -59.142051, -35.665715000000255 ], [ -59.149033, -35.635433000000255 ], [ -59.142533, -35.625372000000247 ], [ -59.081544, -35.616297000000273 ], [ -59.080043, -35.606830000000272 ], [ -59.036087, -35.611699000000243 ], [ -59.025423, -35.580258000000264 ], [ -59.034365, -35.564892000000256 ] ] ] ] } },
{ "type": "Feature", "properties": { "fid": 76, "gid": 1210, "DEPARTAMENTO": "Monte", "PROVINCIA": "Buenos Aires" }, "geometry": { "type": "MultiPolygon", "coordinates": [ [ [ [ -58.77086439000005, -35.273906170000267 ], [ -58.746748, -35.252702000000262 ], [ -58.678324, -35.304472000000267 ], [ -58.70743370000006, -35.335092670000265 ], [ -58.674154, -35.360382000000264 ], [ -58.663133, -35.354955000000253 ], [ -58.470486, -35.511942000000268 ], [ -58.568715, -35.595902000000279 ], [ -58.499362, -35.645138000000266 ], [ -58.506436, -35.650498000000262 ], [ -58.486524, -35.706937000000273 ], [ -58.500711, -35.752867000000265 ], [ -58.511267, -35.752168000000268 ], [ -58.52453, -35.722479000000256 ], [ -58.53678, -35.725661000000287 ], [ -58.54136, -35.746301000000258 ], [ -58.595093, -35.750099000000269 ], [ -58.608627, -35.741114000000273 ], [ -58.629061, -35.751081000000276 ], [ -58.635583, -35.743134000000261 ], [ -58.658104, -35.744163000000277 ], [ -58.661705820000051, -35.724581260000257 ], [ -58.686029, -35.729687000000268 ], [ -58.716016, -35.721729000000259 ], [ -58.738005, -35.731149000000265 ], [ -58.750719, -35.753529000000242 ], [ -58.765181, -35.755420000000257 ], [ -58.76324, -35.741299000000282 ], [ -58.787997, -35.700971000000258 ], [ -58.805037, -35.689713000000268 ], [ -58.843138, -35.681851000000265 ], [ -58.835093, -35.666036000000268 ], [ -58.839198, -35.656305000000273 ], [ -58.876570530000052, -35.640095900000254 ], [ -58.888299, -35.621122000000263 ], [ -58.878111, -35.60444700000027 ], [ -58.881857, -35.593128000000256 ], [ -58.907598, -35.594087000000265 ], [ -58.903154, -35.605009000000251 ], [ -58.93681, -35.623425000000275 ], [ -58.957965, -35.61716900000026 ], [ -58.973941, -35.589980000000267 ], [ -59.00788, -35.591687000000263 ], [ -59.033343, -35.568194000000261 ], [ -59.036654, -35.551626000000283 ], [ -59.048937, -35.552353000000274 ], [ -59.050381, -35.541627000000254 ], [ -59.047368, -35.528387000000265 ], [ -59.01085, -35.509894000000287 ], [ -59.017187, -35.499717000000246 ], [ -59.009343, -35.479711000000258 ], [ -59.018938, -35.475821000000273 ], [ -59.018633, -35.468030000000262 ], [ -59.030468, -35.472219000000266 ], [ -59.034427, -35.460381000000268 ], [ -59.084701, -35.447066000000255 ], [ -59.105369, -35.426747000000262 ], [ -59.120581200000053, -35.430708030000268 ], [ -59.025409740000043, -35.35227527000027 ], [ -59.005844, -35.366918000000261 ], [ -58.9795, -35.342344000000267 ], [ -58.935755, -35.334129000000274 ], [ -58.925107, -35.34170100000027 ], [ -58.811792, -35.242378000000272 ], [ -58.77086439000005, -35.273906170000267 ] ] ] ] } },
{ "type": "Feature", "properties": { "fid": 77, "gid": 1211, "DEPARTAMENTO": "Roque Pérez", "PROVINCIA": "Buenos Aires" }, "geometry": { "type": "MultiPolygon", "coordinates": [ [ [ [ -59.506061940000073, -35.289256550000268 ], [ -59.480334, -35.287301000000241 ], [ -59.468508, -35.307371000000273 ], [ -59.462413, -35.298735000000264 ], [ -59.44177, -35.308122000000274 ], [ -59.393378, -35.29094800000027 ], [ -59.378501, -35.313934000000273 ], [ -59.38007, -35.333449000000279 ], [ -59.360155, -35.350862000000269 ], [ -59.348988, -35.344178000000262 ], [ -59.342745520000065, -35.355577370000269 ], [ -59.322086, -35.359155000000278 ], [ -59.322525, -35.374677000000261 ], [ -59.29714, -35.364167000000265 ], [ -59.26286, -35.390682000000275 ], [ -59.235355, -35.387535000000263 ], [ -59.185304, -35.401223000000265 ], [ -59.182514, -35.409005000000271 ], [ -59.167243, -35.405904000000262 ], [ -59.16395, -35.420978000000254 ], [ -59.153997340000046, -35.419681720000284 ], [ -59.128302, -35.43635300000026 ], [ -59.105369, -35.426747000000262 ], [ -59.084701, -35.447066000000255 ], [ -59.034427, -35.460381000000268 ], [ -59.030468, -35.472219000000266 ], [ -59.018633, -35.468030000000262 ], [ -59.018938, -35.475821000000273 ], [ -59.009343, -35.479711000000258 ], [ -59.017187, -35.499717000000246 ], [ -59.01085, -35.509894000000287 ], [ -59.047368, -35.528387000000265 ], [ -59.050381, -35.541627000000254 ], [ -59.048297, -35.552916000000273 ], [ -59.036482, -35.551812000000254 ], [ -59.026825, -35.575439000000273 ], [ -59.031524, -35.605593000000248 ], [ -59.045974, -35.613479000000268 ], [ -59.059872, -35.604380000000262 ], [ -59.080043, -35.606830000000272 ], [ -59.081544, -35.616297000000273 ], [ -59.143014, -35.625621000000294 ], [ -59.149033, -35.635433000000255 ], [ -59.131081, -35.698178000000262 ], [ -59.15556, -35.711294000000265 ], [ -59.166624890000058, -35.706229310000282 ], [ -59.174878, -35.712006000000265 ], [ -59.181445070000052, -35.75550575000026 ], [ -59.32663, -35.642713000000263 ], [ -59.330802, -35.646304000000256 ], [ -59.41261, -35.586127000000261 ], [ -59.349668, -35.529441000000254 ], [ -59.376959, -35.536879000000269 ], [ -59.470936500000064, -35.493482630000251 ], [ -59.495521, -35.493084000000266 ], [ -59.524477, -35.456402000000267 ], [ -59.599757, -35.462708000000248 ], [ -59.620522140000048, -35.451379980000262 ], [ -59.628902, -35.463104000000264 ], [ -59.647722, -35.46924100000026 ], [ -59.775005, -35.478474000000283 ], [ -59.768671, -35.451043000000269 ], [ -59.825442, -35.407354000000247 ], [ -59.755477, -35.346744000000271 ], [ -59.712899, -35.378775000000267 ], [ -59.642507640000048, -35.31660974000026 ], [ -59.585763, -35.359960000000271 ], [ -59.506061940000073, -35.289256550000268 ] ] ] ] } },
{ "type": "Feature", "properties": { "fid": 78, "gid": 1212, "DEPARTAMENTO": "Olavarría", "PROVINCIA": "Buenos Aires" }, "geometry": { "type": "MultiPolygon", "coordinates": [ [ [ [ -60.574846, -36.393908000000252 ], [ -60.562991730000078, -36.391678710000264 ], [ -60.532234, -36.412521000000261 ], [ -60.538117, -36.417698000000257 ], [ -60.438412980000066, -36.497764930000258 ], [ -60.478052, -36.52973100000024 ], [ -60.326504, -36.65252500000026 ], [ -60.285565540000071, -36.619947030000247 ], [ -60.099629, -36.769859000000253 ], [ -60.09272, -36.764183000000244 ], [ -60.001358, -36.835483000000266 ], [ -60.0212, -36.852589000000251 ], [ -60.007507, -36.863523000000235 ], [ -60.02806, -36.880006000000265 ], [ -60.01256, -36.891030000000264 ], [ -60.032893, -36.90799700000025 ], [ -60.023421, -36.915576000000264 ], [ -60.059959, -36.951966000000247 ], [ -60.066004, -36.947593000000239 ], [ -60.106737, -36.980813000000239 ], [ -60.0959, -36.98914200000025 ], [ -60.116131, -37.006570000000266 ], [ -60.103647, -37.016073000000247 ], [ -60.122854, -37.03430900000027 ], [ -60.113037, -37.041642000000259 ], [ -60.133156, -37.058330000000261 ], [ -60.125654, -37.064162000000259 ], [ -60.145209, -37.081183000000259 ], [ -60.126382, -37.096824000000225 ], [ -60.207603, -37.172768000000254 ], [ -60.200584, -37.178043000000244 ], [ -60.282287, -37.245885000000257 ], [ -60.277468, -37.249489000000253 ], [ -60.437154, -37.37681900000026 ], [ -60.625668, -37.232197000000248 ], [ -60.731738, -37.140234000000241 ], [ -60.715959, -37.12826800000024 ], [ -60.814527, -37.051239000000258 ], [ -61.010955560000063, -37.203526330000258 ], [ -61.423479, -36.864583000000266 ], [ -60.896234160000063, -36.451336430000254 ], [ -60.87544, -36.467829000000258 ], [ -60.762831120000058, -36.378607360000252 ], [ -60.728799, -36.402691000000246 ], [ -60.649974790000073, -36.34288119000027 ], [ -60.574846, -36.393908000000252 ] ] ] ] } },
{ "type": "Feature", "properties": { "fid": 79, "gid": 1213, "DEPARTAMENTO": "Merlo", "PROVINCIA": "Buenos Aires" }, "geometry": { "type": "MultiPolygon", "coordinates": [ [ [ [ -58.729024790000047, -34.634783650000266 ], [ -58.636154, -34.715029000000285 ], [ -58.675462, -34.739295000000283 ], [ -58.657915, -34.753297000000281 ], [ -58.67361, -34.766327000000281 ], [ -58.681935, -34.759500000000273 ], [ -58.703884, -34.778711000000278 ], [ -58.728396420000045, -34.759307410000275 ], [ -58.75024716000005, -34.777588460000267 ], [ -58.864295110000057, -34.698421670000272 ], [ -58.860294, -34.685206000000278 ], [ -58.818311, -34.68558900000027 ], [ -58.757549, -34.660482000000258 ], [ -58.729024790000047, -34.634783650000266 ] ] ] ] } },
{ "type": "Feature", "properties": { "fid": 80, "gid": 1214, "DEPARTAMENTO": "Esteban Echeverría", "PROVINCIA": "Buenos Aires" }, "geometry": { "type": "MultiPolygon", "coordinates": [ [ [ [ -58.500797130000052, -34.722991550000266 ], [ -58.430528180000053, -34.81724804000028 ], [ -58.447753, -34.82598900000027 ], [ -58.413042, -34.873576000000277 ], [ -58.422399, -34.886192000000271 ], [ -58.49186, -34.927632000000273 ], [ -58.510333, -34.901681000000266 ], [ -58.502852, -34.854959000000278 ], [ -58.524502, -34.779139000000256 ], [ -58.520506630000064, -34.741055540000268 ], [ -58.500797130000052, -34.722991550000266 ] ] ] ] } },
{ "type": "Feature", "properties": { "fid": 81, "gid": 1215, "DEPARTAMENTO": "Arrecifes", "PROVINCIA": "Buenos Aires" }, "geometry": { "type": "MultiPolygon", "coordinates": [ [ [ [ -60.10961, -33.813544000000277 ], [ -60.094017, -33.816737000000295 ], [ -60.082667, -33.809326000000276 ], [ -60.04859, -33.827056000000269 ], [ -60.024353690000069, -33.826631920000267 ], [ -59.778715, -34.013813000000262 ], [ -59.792142, -34.020361000000271 ], [ -59.811998, -34.015164000000276 ], [ -59.844479, -34.052690000000254 ], [ -59.896256, -34.078189000000279 ], [ -59.922033, -34.074003000000268 ], [ -59.984788, -34.084642000000258 ], [ -59.990264, -34.108971000000267 ], [ -59.980007, -34.133098000000274 ], [ -59.983602, -34.197571000000295 ], [ -59.994843, -34.223515000000262 ], [ -60.039614190000073, -34.268608040000267 ], [ -60.202878, -34.203902000000276 ], [ -60.206761, -34.17166500000026 ], [ -60.184556, -34.135531000000277 ], [ -60.183433, -34.09993700000026 ], [ -60.166695, -34.061530000000268 ], [ -60.196307, -34.051445000000271 ], [ -60.204589, -34.035846000000276 ], [ -60.231703, -34.023064000000261 ], [ -60.2376, -34.011120000000275 ], [ -60.231469, -33.869787000000279 ], [ -60.19659, -33.824584000000286 ], [ -60.156379080000065, -33.745476930000279 ], [ -60.10961, -33.813544000000277 ] ] ] ] } },
{ "type": "Feature", "properties": { "fid": 82, "gid": 1216, "DEPARTAMENTO": "Capitán Sarmiento", "PROVINCIA": "Buenos Aires" }, "geometry": { "type": "MultiPolygon", "coordinates": [ [ [ [ -59.746482, -33.998139000000286 ], [ -59.754392, -34.013563000000275 ], [ -59.740386, -34.04847200000026 ], [ -59.707232, -34.093590000000276 ], [ -59.706262, -34.109054000000278 ], [ -59.722274, -34.131070000000278 ], [ -59.675182030000073, -34.167754730000269 ], [ -59.873942570000061, -34.264300530000263 ], [ -59.895237230000056, -34.236438270000271 ], [ -59.970569, -34.28654598000027 ], [ -60.039614190000073, -34.268608040000267 ], [ -59.994843, -34.223515000000262 ], [ -59.983602, -34.197571000000295 ], [ -59.980007, -34.133098000000274 ], [ -59.990264, -34.108971000000267 ], [ -59.984788, -34.084642000000258 ], [ -59.922033, -34.074003000000268 ], [ -59.896256, -34.078189000000279 ], [ -59.844479, -34.052690000000254 ], [ -59.811998, -34.015164000000276 ], [ -59.792062, -34.020349000000266 ], [ -59.746482, -33.998139000000286 ] ] ] ] } },
{ "type": "Feature", "properties": { "fid": 83, "gid": 1217, "DEPARTAMENTO": "Carmen de Areco", "PROVINCIA": "Buenos Aires" }, "geometry": { "type": "MultiPolygon", "coordinates": [ [ [ [ -59.781580210000065, -34.219316200000279 ], [ -59.692234, -34.28704500000029 ], [ -59.69744, -34.288315000000274 ], [ -59.67533, -34.404053000000268 ], [ -59.767615, -34.452814000000259 ], [ -59.735111, -34.47781900000026 ], [ -59.768409, -34.507296000000274 ], [ -59.754652, -34.518088000000269 ], [ -59.884567, -34.619430000000271 ], [ -59.933201, -34.581257000000278 ], [ -59.909312, -34.561197000000277 ], [ -59.930307, -34.543513000000267 ], [ -59.974745, -34.510428000000253 ], [ -60.014713, -34.546899000000273 ], [ -60.098044, -34.482932000000254 ], [ -60.083631, -34.469779000000266 ], [ -60.142578340000064, -34.418799200000258 ], [ -60.08409, -34.367516000000286 ], [ -60.06503, -34.382654000000279 ], [ -60.004434, -34.32891400000026 ], [ -60.012141, -34.322914000000281 ], [ -59.970834860000068, -34.286477100000269 ], [ -59.895237230000056, -34.236438270000271 ], [ -59.873942570000061, -34.264300530000263 ], [ -59.781580210000065, -34.219316200000279 ] ] ] ] } },
{ "type": "Feature", "properties": { "fid": 84, "gid": 1218, "DEPARTAMENTO": "Salto", "PROVINCIA": "Buenos Aires" }, "geometry": { "type": "MultiPolygon", "coordinates": [ [ [ [ -60.237538980000053, -34.011095370000291 ], [ -60.231703, -34.023064000000261 ], [ -60.204589, -34.035846000000276 ], [ -60.196307, -34.051445000000271 ], [ -60.166695, -34.061530000000268 ], [ -60.183433, -34.09993700000026 ], [ -60.184556, -34.135531000000277 ], [ -60.206761, -34.17166500000026 ], [ -60.202878, -34.203902000000276 ], [ -60.04969980000007, -34.266014390000272 ], [ -59.970773, -34.286420000000277 ], [ -60.012141, -34.322914000000281 ], [ -60.004434, -34.32891400000026 ], [ -60.06503, -34.382654000000279 ], [ -60.08409, -34.367516000000286 ], [ -60.142578340000064, -34.418799200000258 ], [ -60.154194, -34.41007200000027 ], [ -60.211227, -34.45956000000028 ], [ -60.24578373000007, -34.431903000000268 ], [ -60.319126200000063, -34.497194270000264 ], [ -60.374071, -34.454929000000263 ], [ -60.403995, -34.48004100000027 ], [ -60.488998, -34.415140000000271 ], [ -60.516899, -34.439170000000253 ], [ -60.578268, -34.392173000000277 ], [ -60.538785, -34.349286000000269 ], [ -60.535877, -34.332020000000256 ], [ -60.549166, -34.275661000000284 ], [ -60.535958, -34.255810000000274 ], [ -60.49057, -34.231165000000267 ], [ -60.489968, -34.21964400000028 ], [ -60.469889780000081, -34.199868180000266 ], [ -60.496386950000065, -34.176459910000268 ], [ -60.3124, -34.001454000000265 ], [ -60.237538980000053, -34.011095370000291 ] ] ] ] } },
{ "type": "Feature", "properties": { "fid": 85, "gid": 1219, "DEPARTAMENTO": "Exaltación de la Cruz", "PROVINCIA": "Buenos Aires" }, "geometry": { "type": "MultiPolygon", "coordinates": [ [ [ [ -59.324703, -34.163679000000258 ], [ -59.237161, -34.171812000000287 ], [ -59.238771, -34.179714000000281 ], [ -59.103065110000053, -34.200093790000267 ], [ -59.105807, -34.213902000000282 ], [ -59.091502, -34.228217000000278 ], [ -59.078202, -34.224516000000278 ], [ -59.057152, -34.241501000000277 ], [ -59.061558, -34.248040000000287 ], [ -58.91853, -34.38190800000028 ], [ -58.923756, -34.393316000000262 ], [ -58.918903, -34.413786000000272 ], [ -58.92424, -34.416969000000279 ], [ -58.980257, -34.350643000000254 ], [ -58.993226, -34.358077000000272 ], [ -58.984011, -34.369004000000274 ], [ -58.992981, -34.37928600000027 ], [ -59.028577, -34.397713000000273 ], [ -59.025132, -34.401970000000262 ], [ -59.04275, -34.421152000000262 ], [ -59.075911900000051, -34.435339490000267 ], [ -59.077206, -34.451173000000253 ], [ -59.097653, -34.464318000000276 ], [ -59.129594, -34.420610000000273 ], [ -59.196245, -34.374069000000276 ], [ -59.192601, -34.370541000000266 ], [ -59.274593, -34.304927000000276 ], [ -59.310353, -34.289433000000265 ], [ -59.298677, -34.26429000000028 ], [ -59.375263, -34.238057000000261 ], [ -59.378109, -34.226055000000272 ], [ -59.3666, -34.198921000000269 ], [ -59.324703, -34.163679000000258 ] ] ] ] } },
{ "type": "Feature", "properties": { "fid": 86, "gid": 1220, "DEPARTAMENTO": "San Miguel", "PROVINCIA": "Buenos Aires" }, "geometry": { "type": "MultiPolygon", "coordinates": [ [ [ [ -58.646590820000057, -34.501384050000269 ], [ -58.60635752000006, -34.534530180000303 ], [ -58.617681, -34.546904000000275 ], [ -58.670856, -34.572793000000267 ], [ -58.713374, -34.605638000000269 ], [ -58.77694, -34.557917000000259 ], [ -58.753224, -34.548878000000279 ], [ -58.720898760000068, -34.518234280000271 ], [ -58.701269, -34.532748000000268 ], [ -58.689134, -34.530159000000275 ], [ -58.646590820000057, -34.501384050000269 ] ] ] ] } },
{ "type": "Feature", "properties": { "fid": 87, "gid": 1221, "DEPARTAMENTO": "San Andrés de Giles", "PROVINCIA": "Buenos Aires" }, "geometry": { "type": "MultiPolygon", "coordinates": [ [ [ [ -59.374778240000076, -34.238725630000253 ], [ -59.298677, -34.26429000000028 ], [ -59.310353, -34.289433000000265 ], [ -59.274593, -34.304927000000276 ], [ -59.192601, -34.370541000000266 ], [ -59.206077, -34.38994100000027 ], [ -59.239323, -34.413704000000266 ], [ -59.217716, -34.446564000000272 ], [ -59.472223, -34.577199000000284 ], [ -59.482796, -34.570723000000264 ], [ -59.501681, -34.579923000000257 ], [ -59.523664, -34.596894000000276 ], [ -59.568824, -34.560587000000261 ], [ -59.63243, -34.615017000000265 ], [ -59.768409, -34.507296000000274 ], [ -59.735111, -34.47781900000026 ], [ -59.767615, -34.452814000000259 ], [ -59.670525, -34.397923000000269 ], [ -59.644583, -34.417529000000279 ], [ -59.618845, -34.396637000000268 ], [ -59.606599, -34.406140000000278 ], [ -59.542667, -34.350548000000288 ], [ -59.49072687000006, -34.318916860000257 ], [ -59.437825, -34.299091000000274 ], [ -59.431969, -34.30666600000027 ], [ -59.423801, -34.302611000000262 ], [ -59.427299, -34.297002000000262 ], [ -59.415838, -34.290935000000282 ], [ -59.422613, -34.282649000000269 ], [ -59.411872, -34.276257000000285 ], [ -59.419483170000049, -34.268606950000276 ], [ -59.396177, -34.262907000000283 ], [ -59.374778240000076, -34.238725630000253 ] ] ] ] } },
{ "type": "Feature", "properties": { "fid": 88, "gid": 1222, "DEPARTAMENTO": "Junín", "PROVINCIA": "Buenos Aires" }, "geometry": { "type": "MultiPolygon", "coordinates": [ [ [ [ -61.041553, -34.283292000000259 ], [ -60.966442790000066, -34.345826970000275 ], [ -60.952244, -34.333842000000267 ], [ -60.922984, -34.33613900000028 ], [ -60.902675, -34.32607800000028 ], [ -60.753261, -34.439446000000288 ], [ -60.758896, -34.44453300000027 ], [ -60.646701, -34.533050000000266 ], [ -60.758396, -34.630785000000273 ], [ -60.741446, -34.649115000000265 ], [ -60.713957260000065, -34.647131220000254 ], [ -60.795509, -34.717472000000271 ], [ -60.764489, -34.741034000000269 ], [ -60.815683, -34.789652000000252 ], [ -60.849248110000069, -34.763019310000253 ], [ -60.903991, -34.810841000000266 ], [ -61.048176, -34.692906000000278 ], [ -61.151165, -34.77720600000027 ], [ -61.222551, -34.717368000000292 ], [ -61.204736, -34.702486000000285 ], [ -61.338483560000078, -34.592168820000268 ], [ -61.275199, -34.541214000000274 ], [ -61.355509, -34.473947000000273 ], [ -61.269699, -34.40596300000027 ], [ -61.275807, -34.401731000000275 ], [ -61.243154, -34.39984000000026 ], [ -61.232224, -34.413369000000273 ], [ -61.234216, -34.433353000000267 ], [ -61.221137, -34.437787000000263 ], [ -61.192182, -34.418291000000266 ], [ -61.199329, -34.376781000000257 ], [ -61.193941, -34.365677000000268 ], [ -61.168395, -34.359374000000287 ], [ -61.128827, -34.325534000000253 ], [ -61.138344, -34.317818000000273 ], [ -61.098149, -34.284531000000278 ], [ -61.070098, -34.307214000000272 ], [ -61.041553, -34.283292000000259 ] ] ] ] } },
{ "type": "Feature", "properties": { "fid": 89, "gid": 1223, "DEPARTAMENTO": "Mercedes", "PROVINCIA": "Buenos Aires" }, "geometry": { "type": "MultiPolygon", "coordinates": [ [ [ [ -59.338524, -34.508458000000289 ], [ -59.262446, -34.620116000000273 ], [ -59.281227410000056, -34.625847290000266 ], [ -59.241284, -34.677329000000249 ], [ -59.25589905000006, -34.685583280000259 ], [ -59.168089, -34.799421000000272 ], [ -59.192192, -34.81210300000027 ], [ -59.204517, -34.796227000000272 ], [ -59.278713660000072, -34.834348710000256 ], [ -59.289444, -34.821684000000268 ], [ -59.320538, -34.83685200000027 ], [ -59.316559, -34.842619000000269 ], [ -59.373171, -34.891129000000255 ], [ -59.408729, -34.842423000000267 ], [ -59.466511990000072, -34.872589660000259 ], [ -59.496825, -34.849386000000258 ], [ -59.522594, -34.828793000000246 ], [ -59.491331, -34.802943000000269 ], [ -59.531953, -34.769877000000278 ], [ -59.525921, -34.76476700000029 ], [ -59.71641, -34.620022000000283 ], [ -59.672959, -34.582629000000267 ], [ -59.63243, -34.615017000000265 ], [ -59.568824, -34.560587000000261 ], [ -59.523664, -34.596894000000276 ], [ -59.482796, -34.570723000000264 ], [ -59.472223, -34.577199000000284 ], [ -59.338524, -34.508458000000289 ] ] ] ] } },
{ "type": "Feature", "properties": { "fid": 90, "gid": 1224, "DEPARTAMENTO": "Pilar", "PROVINCIA": "Buenos Aires" }, "geometry": { "type": "MultiPolygon", "coordinates": [ [ [ [ -58.901265, -34.311097000000267 ], [ -58.816989, -34.415404000000287 ], [ -58.788323, -34.399672000000287 ], [ -58.777666, -34.404272000000269 ], [ -58.737313180000065, -34.456415660000268 ], [ -58.784689, -34.476157000000271 ], [ -58.821687, -34.45195600000028 ], [ -58.813779, -34.464134000000278 ], [ -58.813519, -34.491148000000294 ], [ -58.847501, -34.549171000000264 ], [ -58.885066, -34.577051000000267 ], [ -58.92842, -34.516204000000286 ], [ -58.96189, -34.533741000000262 ], [ -59.000683, -34.48342000000028 ], [ -59.010541, -34.488286000000286 ], [ -59.056271800000061, -34.42820631000027 ], [ -59.025132, -34.401970000000262 ], [ -59.028577, -34.397713000000273 ], [ -58.992981, -34.37928600000027 ], [ -58.984011, -34.369004000000274 ], [ -58.993226, -34.358077000000272 ], [ -58.980257, -34.350643000000254 ], [ -58.919672, -34.414768000000272 ], [ -58.921214, -34.37154700000027 ], [ -58.907739, -34.359949000000285 ], [ -58.91798, -34.35230700000028 ], [ -58.917353, -34.32800400000027 ], [ -58.901265, -34.311097000000267 ] ] ] ] } },
{ "type": "Feature", "properties": { "fid": 91, "gid": 1225, "DEPARTAMENTO": "Luján", "PROVINCIA": "Buenos Aires" }, "geometry": { "type": "MultiPolygon", "coordinates": [ [ [ [ -59.196741310000057, -34.373653560000264 ], [ -59.129594, -34.420610000000273 ], [ -59.097653, -34.464318000000276 ], [ -59.077206, -34.451173000000253 ], [ -59.075911900000051, -34.435339490000267 ], [ -59.056271800000061, -34.42820631000027 ], [ -59.010541, -34.488286000000286 ], [ -59.000683, -34.48342000000028 ], [ -58.954201, -34.543725000000279 ], [ -58.987192, -34.559859000000273 ], [ -58.984036, -34.56454500000028 ], [ -58.992634, -34.568578000000279 ], [ -58.986596, -34.577436000000269 ], [ -59.025544, -34.59281000000027 ], [ -59.039256, -34.58864300000026 ], [ -59.070986, -34.604392000000267 ], [ -59.056377, -34.616464000000285 ], [ -59.136081, -34.658860000000267 ], [ -59.091209, -34.719233000000294 ], [ -59.164978460000057, -34.80346930000028 ], [ -59.25589905000006, -34.685583280000259 ], [ -59.241284, -34.677329000000249 ], [ -59.281227410000056, -34.625847290000266 ], [ -59.262446, -34.620116000000273 ], [ -59.33852499000006, -34.508443540000279 ], [ -59.217716, -34.446564000000272 ], [ -59.239323, -34.413704000000266 ], [ -59.206077, -34.38994100000027 ], [ -59.196741310000057, -34.373653560000264 ] ] ] ] } },
{ "type": "Feature", "properties": { "fid": 92, "gid": 1226, "DEPARTAMENTO": "Hurlingham", "PROVINCIA": "Buenos Aires" }, "geometry": { "type": "MultiPolygon", "coordinates": [ [ [ [ -58.642230640000058, -34.566308720000265 ], [ -58.616027540000061, -34.588705180000275 ], [ -58.621808, -34.633151000000275 ], [ -58.653486, -34.631612000000281 ], [ -58.693933940000051, -34.593741540000288 ], [ -58.670856, -34.572793000000267 ], [ -58.642230640000058, -34.566308720000265 ] ] ] ] } },
{ "type": "Feature", "properties": { "fid": 93, "gid": 1227, "DEPARTAMENTO": "Morón", "PROVINCIA": "Buenos Aires" }, "geometry": { "type": "MultiPolygon", "coordinates": [ [ [ [ -58.616027540000061, -34.588705180000275 ], [ -58.588799, -34.606092000000267 ], [ -58.572236200000077, -34.628743530000257 ], [ -58.55610707000006, -34.63470324000027 ], [ -58.581876, -34.643170000000275 ], [ -58.580707, -34.649398000000261 ], [ -58.640974310000054, -34.704543090000271 ], [ -58.667381, -34.685988000000251 ], [ -58.653486, -34.631612000000281 ], [ -58.620379, -34.631419000000278 ], [ -58.616027540000061, -34.588705180000275 ] ] ] ] } },
{ "type": "Feature", "properties": { "fid": 94, "gid": 1228, "DEPARTAMENTO": "Chacabuco", "PROVINCIA": "Buenos Aires" }, "geometry": { "type": "MultiPolygon", "coordinates": [ [ [ [ -60.559846, -34.406436000000276 ], [ -60.516899, -34.439170000000253 ], [ -60.488998, -34.415140000000271 ], [ -60.403995, -34.48004100000027 ], [ -60.374071, -34.454929000000263 ], [ -60.319126200000063, -34.497194270000264 ], [ -60.24578373000007, -34.431903000000268 ], [ -60.211227, -34.45956000000028 ], [ -60.154194, -34.41007200000027 ], [ -60.083631, -34.469779000000266 ], [ -60.098044, -34.482932000000254 ], [ -60.014713, -34.546899000000273 ], [ -59.974745, -34.510428000000253 ], [ -59.930307, -34.543513000000267 ], [ -59.909312, -34.561197000000277 ], [ -59.933201, -34.581257000000278 ], [ -59.884567, -34.619430000000271 ], [ -59.967868340000066, -34.69184803000028 ], [ -59.981949, -34.675549000000267 ], [ -59.992965, -34.674013000000279 ], [ -59.990041, -34.663070000000253 ], [ -60.00659928000006, -34.641006910000264 ], [ -60.063518, -34.691134000000268 ], [ -60.106846, -34.657499000000286 ], [ -60.191843, -34.728741000000269 ], [ -60.174138, -34.743048000000286 ], [ -60.190756, -34.756772000000261 ], [ -60.172989, -34.770245000000266 ], [ -60.243551900000057, -34.829955560000265 ], [ -60.239549, -34.826527000000269 ], [ -60.32251, -34.761526000000259 ], [ -60.362228160000058, -34.795798600000268 ], [ -60.372562, -34.787641000000264 ], [ -60.460279, -34.862375000000277 ], [ -60.494684, -34.838491000000261 ], [ -60.529283, -34.841620000000269 ], [ -60.527897, -34.829824000000258 ], [ -60.540809, -34.82151800000026 ], [ -60.558273, -34.829572000000276 ], [ -60.588055, -34.8167490000003 ], [ -60.610519, -34.771302000000262 ], [ -60.627629, -34.759647000000278 ], [ -60.625764, -34.743357000000273 ], [ -60.648079, -34.72838900000027 ], [ -60.657707, -34.709275000000254 ], [ -60.686373, -34.707647000000271 ], [ -60.681046, -34.692832000000266 ], [ -60.685321, -34.657039000000267 ], [ -60.728167, -34.643826000000267 ], [ -60.741446, -34.649115000000265 ], [ -60.758396, -34.630785000000273 ], [ -60.646701, -34.533050000000266 ], [ -60.677205, -34.509355000000262 ], [ -60.559846, -34.406436000000276 ] ] ] ] } },
{ "type": "Feature", "properties": { "fid": 95, "gid": 1229, "DEPARTAMENTO": "Malvinas Argentinas", "PROVINCIA": "Buenos Aires" }, "geometry": { "type": "MultiPolygon", "coordinates": [ [ [ [ -58.705563, -34.439311000000274 ], [ -58.646590820000057, -34.501384050000269 ], [ -58.701269, -34.532748000000268 ], [ -58.784540930000063, -34.476065920000252 ], [ -58.770188, -34.464836000000275 ], [ -58.752016, -34.467763000000268 ], [ -58.705563, -34.439311000000274 ] ] ] ] } },
{ "type": "Feature", "properties": { "fid": 96, "gid": 1230, "DEPARTAMENTO": "General San Martín", "PROVINCIA": "Buenos Aires" }, "geometry": { "type": "MultiPolygon", "coordinates": [ [ [ [ -58.600303, -34.490354000000288 ], [ -58.537781, -34.544164000000279 ], [ -58.529811, -34.537332000000269 ], [ -58.509959730000048, -34.569205140000271 ], [ -58.522971510000062, -34.597563220000268 ], [ -58.562314, -34.591405000000286 ], [ -58.619241, -34.546730000000274 ], [ -58.601516590000067, -34.521240540000278 ], [ -58.600303, -34.490354000000288 ] ] ] ] } },
{ "type": "Feature", "properties": { "fid": 97, "gid": 1231, "DEPARTAMENTO": "Lincoln", "PROVINCIA": "Buenos Aires" }, "geometry": { "type": "MultiPolygon", "coordinates": [ [ [ [ -61.338483560000078, -34.592168820000268 ], [ -61.204736, -34.702486000000285 ], [ -61.222551, -34.717368000000292 ], [ -61.151165, -34.77720600000027 ], [ -61.182368, -34.802214000000262 ], [ -61.127689, -34.847407000000253 ], [ -61.419742, -35.087908000000262 ], [ -61.300941160000065, -35.185201860000276 ], [ -61.783275160000066, -35.585449350000253 ], [ -62.149282, -35.283930000000268 ], [ -62.145065, -35.280582000000265 ], [ -62.225018, -35.214139000000273 ], [ -62.210043, -35.201858000000271 ], [ -62.270612, -35.151768000000239 ], [ -62.166223, -35.067128000000274 ], [ -62.185372, -35.050700000000255 ], [ -61.9832, -34.886031000000266 ], [ -61.902716, -34.952754000000262 ], [ -61.673472, -34.76095200000028 ], [ -61.772899, -34.676405000000265 ], [ -61.711613, -34.628025000000271 ], [ -61.644585, -34.683654000000246 ], [ -61.611618, -34.656699000000259 ], [ -61.597606, -34.668713000000274 ], [ -61.516405, -34.603201000000283 ], [ -61.436411, -34.671162000000265 ], [ -61.338483560000078, -34.592168820000268 ] ] ] ] } },
{ "type": "Feature", "properties": { "fid": 98, "gid": 1232, "DEPARTAMENTO": "Ituzaingó", "PROVINCIA": "Buenos Aires" }, "geometry": { "type": "MultiPolygon", "coordinates": [ [ [ [ -58.693933940000051, -34.593741540000288 ], [ -58.653486, -34.631612000000281 ], [ -58.667381, -34.685988000000251 ], [ -58.729024790000047, -34.634783650000266 ], [ -58.709898, -34.601510000000253 ], [ -58.693933940000051, -34.593741540000288 ] ] ] ] } },
{ "type": "Feature", "properties": { "fid": 99, "gid": 1233, "DEPARTAMENTO": "General Rodríguez", "PROVINCIA": "Buenos Aires" }, "geometry": { "type": "MultiPolygon", "coordinates": [ [ [ [ -58.92842, -34.516204000000286 ], [ -58.864113, -34.61688200000026 ], [ -58.884309, -34.627195000000256 ], [ -58.884468, -34.66879600000027 ], [ -58.863696, -34.683365000000272 ], [ -58.887752, -34.696546000000268 ], [ -58.935344, -34.703731000000282 ], [ -58.998289, -34.762792000000267 ], [ -59.021767, -34.758254000000271 ], [ -59.03175, -34.763825000000267 ], [ -59.091209, -34.719233000000294 ], [ -59.133682, -34.664055000000275 ], [ -59.136081, -34.658860000000267 ], [ -59.115331, -34.644473000000261 ], [ -59.056377, -34.616464000000285 ], [ -59.070986, -34.604392000000267 ], [ -59.039256, -34.58864300000026 ], [ -59.025544, -34.59281000000027 ], [ -58.986596, -34.577436000000269 ], [ -58.992634, -34.568578000000279 ], [ -58.984036, -34.56454500000028 ], [ -58.987192, -34.559859000000273 ], [ -58.954201, -34.543725000000279 ], [ -58.96189, -34.533741000000262 ], [ -58.92842, -34.516204000000286 ] ] ] ] } },
{ "type": "Feature", "properties": { "fid": 100, "gid": 1234, "DEPARTAMENTO": "Suipacha", "PROVINCIA": "Buenos Aires" }, "geometry": { "type": "MultiPolygon", "coordinates": [ [ [ [ -59.672959, -34.582629000000267 ], [ -59.71641, -34.620022000000283 ], [ -59.525921, -34.76476700000029 ], [ -59.531953, -34.769877000000278 ], [ -59.491331, -34.802943000000269 ], [ -59.522594, -34.828793000000246 ], [ -59.466511990000072, -34.872589660000259 ], [ -59.635369300000086, -34.957987010000267 ], [ -59.672513, -34.93090200000028 ], [ -59.698238, -34.897682000000295 ], [ -59.750174, -34.874285000000278 ], [ -59.771273, -34.843421000000248 ], [ -59.798118370000068, -34.825659590000264 ], [ -59.809136, -34.805412000000281 ], [ -59.790053, -34.788481000000274 ], [ -59.944678, -34.671979000000256 ], [ -59.754879120000076, -34.518276270000271 ], [ -59.672959, -34.582629000000267 ] ] ] ] } },
{ "type": "Feature", "properties": { "fid": 101, "gid": 1235, "DEPARTAMENTO": "Tres de Febrero", "PROVINCIA": "Buenos Aires" }, "geometry": { "type": "MultiPolygon", "coordinates": [ [ [ [ -58.619897, -34.54657400000027 ], [ -58.562314, -34.591405000000286 ], [ -58.522971510000062, -34.597563220000268 ], [ -58.53146519000007, -34.615966220000253 ], [ -58.529211230000065, -34.654639570000278 ], [ -58.566712, -34.625903000000271 ], [ -58.572236200000077, -34.628743530000257 ], [ -58.588799, -34.606092000000267 ], [ -58.646336, -34.562968000000289 ], [ -58.619897, -34.54657400000027 ] ] ] ] } },
{ "type": "Feature", "properties": { "fid": 102, "gid": 1237, "DEPARTAMENTO": "Chivilcoy", "PROVINCIA": "Buenos Aires" }, "geometry": { "type": "MultiPolygon", "coordinates": [ [ [ [ -59.988128, -34.676413000000267 ], [ -59.967868340000066, -34.69184803000028 ], [ -59.944678, -34.671979000000256 ], [ -59.790053, -34.788481000000274 ], [ -59.809136, -34.805412000000281 ], [ -59.798118370000068, -34.825659590000264 ], [ -59.771273, -34.843421000000248 ], [ -59.750174, -34.874285000000278 ], [ -59.698238, -34.897682000000295 ], [ -59.672513, -34.93090200000028 ], [ -59.632012500000066, -34.960543530000265 ], [ -59.605175, -34.997713000000253 ], [ -59.822240870000073, -35.17682392000026 ], [ -59.835731, -35.157783000000265 ], [ -59.870386, -35.152610000000266 ], [ -59.878646, -35.131709000000271 ], [ -59.905571, -35.114872000000268 ], [ -59.94827, -35.119459000000269 ], [ -59.973643, -35.132792000000265 ], [ -60.03756, -35.10479100000024 ], [ -60.046944, -35.092521000000268 ], [ -60.114915, -35.090625000000252 ], [ -60.132718, -35.082419000000286 ], [ -60.15125, -35.065639000000274 ], [ -60.118753, -35.035158000000287 ], [ -60.227722620000073, -34.953080730000266 ], [ -60.219313, -34.944726000000273 ], [ -60.304147, -34.881095000000265 ], [ -60.172989, -34.770245000000266 ], [ -60.190756, -34.756772000000261 ], [ -60.174138, -34.743048000000286 ], [ -60.191843, -34.728741000000269 ], [ -60.106846, -34.657499000000286 ], [ -60.063518, -34.691134000000268 ], [ -60.00659928000006, -34.641006910000264 ], [ -59.988128, -34.676413000000267 ] ] ] ] } },
{ "type": "Feature", "properties": { "fid": 103, "gid": 1238, "DEPARTAMENTO": "Alberti", "PROVINCIA": "Buenos Aires" }, "geometry": { "type": "MultiPolygon", "coordinates": [ [ [ [ -60.32251, -34.761526000000259 ], [ -60.239549, -34.826527000000269 ], [ -60.304147, -34.881095000000265 ], [ -60.219313, -34.944726000000273 ], [ -60.227722620000073, -34.953080730000266 ], [ -60.118753, -35.035158000000287 ], [ -60.15125, -35.065639000000274 ], [ -60.132718, -35.082419000000286 ], [ -60.114915, -35.090625000000252 ], [ -60.054286, -35.090754000000267 ], [ -60.021088760000062, -35.108035310000254 ], [ -60.235044, -35.295857000000261 ], [ -60.323097, -35.229720000000285 ], [ -60.315787, -35.223135000000262 ], [ -60.353836, -35.193833000000268 ], [ -60.33853, -35.179740000000272 ], [ -60.365040050000076, -35.159579950000257 ], [ -60.328936, -35.127661000000266 ], [ -60.388695, -35.088229000000268 ], [ -60.440024, -35.036784000000253 ], [ -60.434912, -35.016392000000252 ], [ -60.473912, -34.997613000000271 ], [ -60.487762, -34.974801000000255 ], [ -60.474599, -34.939912000000255 ], [ -60.453038, -34.930413000000257 ], [ -60.458586, -34.927851000000267 ], [ -60.450507, -34.917970000000267 ], [ -60.448711, -34.879315000000283 ], [ -60.460279, -34.862375000000277 ], [ -60.372562, -34.787641000000264 ], [ -60.362228160000058, -34.795798600000268 ], [ -60.32251, -34.761526000000259 ] ] ] ] } },
{ "type": "Feature", "properties": { "fid": 104, "gid": 1239, "DEPARTAMENTO": "Bragado", "PROVINCIA": "Buenos Aires" }, "geometry": { "type": "MultiPolygon", "coordinates": [ [ [ [ -60.712401, -34.647141000000275 ], [ -60.685321, -34.657039000000267 ], [ -60.681046, -34.692832000000266 ], [ -60.686373, -34.707647000000271 ], [ -60.657707, -34.709275000000254 ], [ -60.648079, -34.72838900000027 ], [ -60.625764, -34.743357000000273 ], [ -60.627629, -34.759647000000278 ], [ -60.610519, -34.771302000000262 ], [ -60.588055, -34.8167490000003 ], [ -60.558273, -34.829572000000276 ], [ -60.540809, -34.82151800000026 ], [ -60.527897, -34.829824000000258 ], [ -60.529283, -34.841620000000269 ], [ -60.494684, -34.838491000000261 ], [ -60.455145, -34.86419200000028 ], [ -60.447847, -34.895785000000267 ], [ -60.458586, -34.927851000000267 ], [ -60.453038, -34.930413000000257 ], [ -60.474599, -34.939912000000255 ], [ -60.485378, -34.980286000000262 ], [ -60.460555, -35.007906000000276 ], [ -60.434912, -35.016392000000252 ], [ -60.440024, -35.036784000000253 ], [ -60.388695, -35.088229000000268 ], [ -60.328936, -35.127661000000266 ], [ -60.365040050000076, -35.159579950000257 ], [ -60.33853, -35.179740000000272 ], [ -60.353836, -35.193833000000268 ], [ -60.315787, -35.223135000000262 ], [ -60.528049, -35.410299000000251 ], [ -60.872662770000069, -35.143670370000265 ], [ -60.754227, -35.041402000000275 ], [ -60.847692, -34.968081000000289 ], [ -60.723956, -34.861231000000259 ], [ -60.815683, -34.789652000000252 ], [ -60.764489, -34.741034000000269 ], [ -60.795509, -34.717472000000271 ], [ -60.712401, -34.647141000000275 ] ] ] ] } },
{ "type": "Feature", "properties": { "fid": 105, "gid": 1240, "DEPARTAMENTO": "General Las Heras", "PROVINCIA": "Buenos Aires" }, "geometry": { "type": "MultiPolygon", "coordinates": [ [ [ [ -59.089806, -34.717140000000263 ], [ -58.951498, -34.831176000000276 ], [ -58.936187, -34.817828000000269 ], [ -58.925109, -34.826312000000264 ], [ -58.84527, -34.891708000000278 ], [ -58.859086, -34.904052000000263 ], [ -58.777483, -34.964965000000269 ], [ -58.934096, -35.103508000000261 ], [ -59.014807, -35.04129300000028 ], [ -58.992581, -35.021429000000282 ], [ -59.218728, -34.852572000000265 ], [ -59.154282, -34.793575000000253 ], [ -59.089806, -34.717140000000263 ] ] ] ] } },
{ "type": "Feature", "properties": { "fid": 106, "gid": 1241, "DEPARTAMENTO": "Marcos Paz", "PROVINCIA": "Buenos Aires" }, "geometry": { "type": "MultiPolygon", "coordinates": [ [ [ [ -58.860294, -34.685206000000278 ], [ -58.860894, -34.70133400000028 ], [ -58.707051, -34.811268000000261 ], [ -58.774041, -34.828664000000288 ], [ -58.749862, -34.847367000000268 ], [ -58.762494, -34.858422000000267 ], [ -58.694106, -34.912194550000279 ], [ -58.727694, -34.92421300000025 ], [ -58.765341, -34.958997000000274 ], [ -58.791141, -34.955317000000264 ], [ -58.859086, -34.904052000000263 ], [ -58.84527, -34.891708000000278 ], [ -58.936187, -34.817828000000269 ], [ -58.951498, -34.831176000000276 ], [ -59.03373, -34.766925000000256 ], [ -59.021767, -34.758254000000271 ], [ -58.998289, -34.762792000000267 ], [ -58.935344, -34.703731000000282 ], [ -58.860294, -34.685206000000278 ] ] ] ] } },
{ "type": "Feature", "properties": { "fid": 107, "gid": 1242, "DEPARTAMENTO": "General Viamonte", "PROVINCIA": "Buenos Aires" }, "geometry": { "type": "MultiPolygon", "coordinates": [ [ [ [ -60.904151, -34.810719000000255 ], [ -60.849248110000069, -34.763019310000253 ], [ -60.723956, -34.861231000000259 ], [ -60.847692, -34.968081000000289 ], [ -60.754227, -35.041402000000275 ], [ -60.984631, -35.246600000000271 ], [ -61.062511, -35.186779000000264 ], [ -61.155019, -35.26417100000026 ], [ -61.278178, -35.165851000000281 ], [ -61.300941160000065, -35.185201860000276 ], [ -61.419742, -35.087908000000262 ], [ -61.127689, -34.847407000000253 ], [ -61.182368, -34.802214000000262 ], [ -61.048176, -34.692906000000278 ], [ -60.904151, -34.810719000000255 ] ] ] ] } },
{ "type": "Feature", "properties": { "fid": 108, "gid": 1243, "DEPARTAMENTO": "Ezeiza", "PROVINCIA": "Buenos Aires" }, "geometry": { "type": "MultiPolygon", "coordinates": [ [ [ [ -58.520506630000064, -34.741055540000268 ], [ -58.524458, -34.779966000000272 ], [ -58.502852, -34.854959000000278 ], [ -58.510333, -34.901681000000266 ], [ -58.490155, -34.928838000000276 ], [ -58.553170020000053, -34.976277420000272 ], [ -58.556271020000047, -35.007048390000271 ], [ -58.620151, -34.960741000000269 ], [ -58.599054, -34.942952000000268 ], [ -58.650330950000068, -34.891087460000271 ], [ -58.615506, -34.81852700000028 ], [ -58.594479, -34.80557300000028 ], [ -58.58634, -34.780372000000277 ], [ -58.572171, -34.775224000000279 ], [ -58.568155, -34.758829000000269 ], [ -58.551763, -34.750917000000271 ], [ -58.545882, -34.758892000000266 ], [ -58.537507, -34.756953000000259 ], [ -58.538749, -34.746805000000272 ], [ -58.520506630000064, -34.741055540000268 ] ] ] ] } },
{ "type": "Feature", "properties": { "fid": 109, "gid": 1244, "DEPARTAMENTO": "Florencio Varela", "PROVINCIA": "Buenos Aires" }, "geometry": { "type": "MultiPolygon", "coordinates": [ [ [ [ -58.271639230000048, -34.768832160000272 ], [ -58.238496, -34.800408000000282 ], [ -58.199915, -34.81377200000027 ], [ -58.179871, -34.866004000000281 ], [ -58.247414, -34.923592000000276 ], [ -58.211084650000053, -34.951783350000277 ], [ -58.277172, -35.009418000000259 ], [ -58.300786, -34.971682000000278 ], [ -58.288205, -34.965044000000248 ], [ -58.316317500000039, -34.926331010000276 ], [ -58.294059190000056, -34.915315210000287 ], [ -58.274607, -34.917060000000262 ], [ -58.317147960000064, -34.868153980000251 ], [ -58.292471, -34.854868000000273 ], [ -58.332806, -34.805737000000263 ], [ -58.309778680000058, -34.793387360000288 ], [ -58.304114, -34.801165000000289 ], [ -58.298454, -34.783439000000264 ], [ -58.271639230000048, -34.768832160000272 ] ] ] ] } },
{ "type": "Feature", "properties": { "fid": 110, "gid": 1245, "DEPARTAMENTO": "Navarro", "PROVINCIA": "Buenos Aires" }, "geometry": { "type": "MultiPolygon", "coordinates": [ [ [ [ -59.192616200000067, -34.811544440000269 ], [ -59.164970660000066, -34.803479440000274 ], [ -59.218728, -34.852572000000265 ], [ -59.071107, -34.961328000000279 ], [ -59.221344, -35.08508600000026 ], [ -59.247686, -35.064788000000249 ], [ -59.251455, -35.098279000000261 ], [ -59.552532590000055, -35.254941260000265 ], [ -59.555232, -35.243241000000268 ], [ -59.540143, -35.221288000000257 ], [ -59.549044, -35.21344400000028 ], [ -59.543009, -35.204349000000256 ], [ -59.575205, -35.17762200000027 ], [ -59.62107, -35.200559000000261 ], [ -59.632265, -35.197212000000256 ], [ -59.644744, -35.20809400000028 ], [ -59.663883, -35.210011000000257 ], [ -59.670413, -35.223150000000267 ], [ -59.699119, -35.210947000000267 ], [ -59.721389500000065, -35.222675730000248 ], [ -59.746382, -35.195982000000271 ], [ -59.761425, -35.197138000000272 ], [ -59.758988, -35.189119000000268 ], [ -59.775288, -35.17336200000026 ], [ -59.792305, -35.18268700000025 ], [ -59.822240870000073, -35.17682392000026 ], [ -59.605175, -34.997713000000253 ], [ -59.635369300000086, -34.957987010000267 ], [ -59.408729, -34.842423000000267 ], [ -59.373171, -34.891129000000255 ], [ -59.316559, -34.842619000000269 ], [ -59.320538, -34.83685200000027 ], [ -59.289444, -34.821684000000268 ], [ -59.278713660000072, -34.834348710000256 ], [ -59.204517, -34.796227000000272 ], [ -59.192616200000067, -34.811544440000269 ] ] ] ] } },
{ "type": "Feature", "properties": { "fid": 111, "gid": 1246, "DEPARTAMENTO": "Cañuelas", "PROVINCIA": "Buenos Aires" }, "geometry": { "type": "MultiPolygon", "coordinates": [ [ [ [ -58.650330950000068, -34.891087460000271 ], [ -58.599054, -34.942952000000268 ], [ -58.620151, -34.960741000000269 ], [ -58.55426, -35.009140000000272 ], [ -58.600439, -35.052424000000279 ], [ -58.57932, -35.068346000000261 ], [ -58.577919, -35.151662000000258 ], [ -58.536956, -35.192203000000269 ], [ -58.467970300000047, -35.238424650000262 ], [ -58.571653740000059, -35.328204390000273 ], [ -58.525111360000054, -35.366573560000255 ], [ -58.582098120000047, -35.421436670000254 ], [ -58.663133, -35.354955000000253 ], [ -58.674154, -35.360382000000264 ], [ -58.70743370000006, -35.335092670000265 ], [ -58.678324, -35.304472000000267 ], [ -58.746748, -35.252702000000262 ], [ -58.770771, -35.273978000000263 ], [ -58.894852, -35.176187000000276 ], [ -58.868975, -35.153570000000265 ], [ -58.934096, -35.103508000000261 ], [ -58.777483, -34.964965000000269 ], [ -58.791074, -34.955258000000264 ], [ -58.765341, -34.958997000000274 ], [ -58.726934, -34.923747000000255 ], [ -58.685928, -34.911805000000271 ], [ -58.650330950000068, -34.891087460000271 ] ] ] ] } },
{ "type": "Feature", "properties": { "fid": 112, "gid": 1247, "DEPARTAMENTO": "San Vicente", "PROVINCIA": "Buenos Aires" }, "geometry": { "type": "MultiPolygon", "coordinates": [ [ [ [ -58.316317500000039, -34.926331010000276 ], [ -58.288205, -34.965044000000248 ], [ -58.300786, -34.971682000000278 ], [ -58.277172, -35.009418000000259 ], [ -58.288397930000066, -35.017265130000261 ], [ -58.236268, -35.058275000000258 ], [ -58.338844, -35.148527000000279 ], [ -58.35271, -35.13786300000028 ], [ -58.414816, -35.185434000000271 ], [ -58.467970300000047, -35.238424650000262 ], [ -58.536956, -35.192203000000269 ], [ -58.577919, -35.151662000000258 ], [ -58.57932, -35.068346000000261 ], [ -58.600439, -35.052424000000279 ], [ -58.554385, -35.011431000000272 ], [ -58.553170020000053, -34.976277420000272 ], [ -58.491914, -34.930168000000293 ], [ -58.463054, -34.951454000000254 ], [ -58.468702, -35.011275000000253 ], [ -58.430381, -34.978061000000267 ], [ -58.408331, -34.977870000000266 ], [ -58.389860760000055, -34.965420240000277 ], [ -58.394616, -34.958878000000261 ], [ -58.316317500000039, -34.926331010000276 ] ] ] ] } },
{ "type": "Feature", "properties": { "fid": 113, "gid": 1248, "DEPARTAMENTO": "Lobos", "PROVINCIA": "Buenos Aires" }, "geometry": { "type": "MultiPolygon", "coordinates": [ [ [ [ -59.071037220000065, -34.961244780000278 ], [ -58.992581, -35.021429000000282 ], [ -59.014807, -35.04129300000028 ], [ -58.868975, -35.153570000000265 ], [ -58.894852, -35.176187000000276 ], [ -58.808586330000054, -35.239320010000256 ], [ -58.925107, -35.34170100000027 ], [ -58.935755, -35.334129000000274 ], [ -58.9795, -35.342344000000267 ], [ -59.005844, -35.366918000000261 ], [ -59.025409740000043, -35.35227527000027 ], [ -59.125183, -35.435902000000254 ], [ -59.164602, -35.42057200000027 ], [ -59.167243, -35.405904000000262 ], [ -59.182514, -35.409005000000271 ], [ -59.185304, -35.401223000000265 ], [ -59.235355, -35.387535000000263 ], [ -59.26286, -35.390682000000275 ], [ -59.292608, -35.365397000000257 ], [ -59.322525, -35.374677000000261 ], [ -59.322086, -35.359155000000278 ], [ -59.342745520000065, -35.355577370000269 ], [ -59.348988, -35.344178000000262 ], [ -59.360155, -35.350862000000269 ], [ -59.38007, -35.333449000000279 ], [ -59.378501, -35.313934000000273 ], [ -59.393378, -35.29094800000027 ], [ -59.44177, -35.308122000000274 ], [ -59.463622, -35.29891100000026 ], [ -59.468508, -35.307371000000273 ], [ -59.480334, -35.287301000000241 ], [ -59.521814, -35.287003000000269 ], [ -59.549982010000065, -35.267530720000281 ], [ -59.552532590000055, -35.254941260000265 ], [ -59.251455, -35.098279000000261 ], [ -59.247686, -35.064788000000249 ], [ -59.221344, -35.08508600000026 ], [ -59.071037220000065, -34.961244780000278 ] ] ] ] } },
{ "type": "Feature", "properties": { "fid": 114, "gid": 1249, "DEPARTAMENTO": "General Alvear", "PROVINCIA": "Buenos Aires" }, "geometry": { "type": "MultiPolygon", "coordinates": [ [ [ [ -60.213913, -35.756165000000273 ], [ -60.117957, -35.833675000000255 ], [ -60.05608, -35.780529000000257 ], [ -59.885596, -35.912586000000253 ], [ -59.871154, -35.899253000000257 ], [ -59.872342, -35.876673000000253 ], [ -59.835428, -35.849285000000272 ], [ -59.814612, -35.854275000000257 ], [ -59.792017, -35.841034000000256 ], [ -59.774311, -35.847173000000268 ], [ -59.752262, -35.834550000000256 ], [ -59.70006, -35.831667000000266 ], [ -59.516484, -35.975994000000263 ], [ -59.592439, -36.040529000000262 ], [ -59.613864, -36.023856000000279 ], [ -59.718057, -36.105853000000252 ], [ -59.797111370000067, -36.043748070000262 ], [ -59.858654, -36.095670000000254 ], [ -59.838673, -36.111349000000253 ], [ -59.947544, -36.202106000000249 ], [ -59.963809, -36.223230000000264 ], [ -59.966942360000083, -36.248596050000259 ], [ -60.090175, -36.161340000000266 ], [ -60.245918, -36.303369000000252 ], [ -60.296924, -36.267072000000262 ], [ -60.35968, -36.326405000000271 ], [ -60.523546, -36.214032000000266 ], [ -60.565185, -36.23620100000025 ], [ -60.698885130000065, -36.135770980000252 ], [ -60.634758, -36.110023000000254 ], [ -60.628251, -36.097682000000255 ], [ -60.612561, -36.091929000000249 ], [ -60.614793, -36.079851000000261 ], [ -60.594511, -36.069687000000258 ], [ -60.575822, -36.046711000000265 ], [ -60.57241, -36.028751000000263 ], [ -60.543907, -36.013393000000256 ], [ -60.519003, -35.985802000000255 ], [ -60.495405, -35.995126000000269 ], [ -60.470953, -35.981062000000243 ], [ -60.459644, -35.968159000000263 ], [ -60.461554, -35.949308000000258 ], [ -60.417136, -35.928244000000255 ], [ -60.385516, -35.890038000000246 ], [ -60.375986, -35.892740000000266 ], [ -60.213913, -35.756165000000273 ] ] ] ] } },
{ "type": "Feature", "properties": { "fid": 115, "gid": 1250, "DEPARTAMENTO": "Quilmes", "PROVINCIA": "Buenos Aires" }, "geometry": { "type": "MultiPolygon", "coordinates": [ [ [ [ -58.279639240000051, -34.678641550000286 ], [ -58.230154470000059, -34.701377840000276 ], [ -58.194645, -34.735694910000255 ], [ -58.298454, -34.783439000000264 ], [ -58.304114, -34.801165000000289 ], [ -58.346962, -34.73934400000028 ], [ -58.279639240000051, -34.678641550000286 ] ] ] ] } },
{ "type": "Feature", "properties": { "fid": 116, "gid": 1251, "DEPARTAMENTO": "General La Madrid", "PROVINCIA": "Buenos Aires" }, "geometry": { "type": "MultiPolygon", "coordinates": [ [ [ [ -61.423479, -36.864583000000266 ], [ -60.891327, -37.302355000000254 ], [ -60.975452, -37.368130000000235 ], [ -60.878539, -37.451456000000263 ], [ -61.509470770000085, -37.939053950000229 ], [ -61.60554, -37.861534000000248 ], [ -61.44205, -37.734938000000241 ], [ -61.538169, -37.657284000000239 ], [ -61.488433, -37.618856000000235 ], [ -61.596799, -37.530862000000234 ], [ -61.53674, -37.483010000000235 ], [ -61.750076, -37.303527000000258 ], [ -61.744262, -37.271556000000238 ], [ -61.734243, -37.255978000000241 ], [ -61.717675, -37.248306000000241 ], [ -61.721111, -37.240355000000243 ], [ -61.712631, -37.23773300000024 ], [ -61.702748, -37.216200000000235 ], [ -61.72499, -37.156033000000249 ], [ -61.716639, -37.135328000000243 ], [ -61.740514, -37.106126000000238 ], [ -61.735437, -37.093506000000247 ], [ -61.423479, -36.864583000000266 ] ] ] ] } },
{ "type": "Feature", "properties": { "fid": 117, "gid": 1252, "DEPARTAMENTO": "Bolívar", "PROVINCIA": "Buenos Aires" }, "geometry": { "type": "MultiPolygon", "coordinates": [ [ [ [ -60.785833, -35.907110000000266 ], [ -60.780346, -35.902910000000276 ], [ -60.695447, -35.968815000000255 ], [ -60.638071, -35.921069000000273 ], [ -60.531116, -36.000522000000252 ], [ -60.57241, -36.028751000000263 ], [ -60.575822, -36.046711000000265 ], [ -60.594511, -36.069687000000258 ], [ -60.614793, -36.079851000000261 ], [ -60.612561, -36.091929000000249 ], [ -60.628251, -36.097682000000255 ], [ -60.634758, -36.110023000000254 ], [ -60.665226, -36.117832000000249 ], [ -60.688885, -36.13575000000025 ], [ -60.727343, -36.137210000000259 ], [ -60.742216, -36.152225000000243 ], [ -60.759218, -36.156613000000249 ], [ -60.780069, -36.175773000000262 ], [ -60.776992, -36.184940000000246 ], [ -60.810381, -36.210357000000272 ], [ -60.799079, -36.231555000000256 ], [ -60.806085, -36.253046000000261 ], [ -60.819464, -36.258362000000247 ], [ -60.824552, -36.276644000000246 ], [ -60.860253, -36.32250900000026 ], [ -60.906005, -36.341574000000236 ], [ -60.866119, -36.372189000000247 ], [ -60.929622, -36.424551000000264 ], [ -60.896234160000063, -36.451336430000254 ], [ -60.940408, -36.486661000000254 ], [ -61.254822, -36.734982000000251 ], [ -61.36885, -36.640992000000239 ], [ -61.497217, -36.744068000000247 ], [ -61.664098, -36.606887000000249 ], [ -61.616876, -36.569896000000249 ], [ -61.676978, -36.530082000000242 ], [ -61.685623, -36.535906000000274 ], [ -61.69877, -36.524828000000248 ], [ -61.69266, -36.520023000000258 ], [ -61.724666860000056, -36.494265440000255 ], [ -61.406099, -36.240961000000247 ], [ -61.439692, -36.214419000000262 ], [ -61.349758, -36.13219300000025 ], [ -61.035297300000053, -35.876662830000271 ], [ -60.969673, -35.926616000000259 ], [ -60.867915, -35.840008000000246 ], [ -60.785833, -35.907110000000266 ] ] ] ] } },
{ "type": "Feature", "properties": { "fid": 118, "gid": 1253, "DEPARTAMENTO": "Balcarce", "PROVINCIA": "Buenos Aires" }, "geometry": { "type": "MultiPolygon", "coordinates": [ [ [ [ -58.427186, -37.500668000000232 ], [ -58.354632880000047, -37.43984937000026 ], [ -58.282658, -37.492092000000255 ], [ -58.16358, -37.388240000000259 ], [ -57.733569, -37.697775000000256 ], [ -58.255909, -38.130861000000245 ], [ -58.591233, -37.877994000000264 ], [ -58.507342770000058, -37.805742490000256 ], [ -58.809127150000059, -37.578724860000257 ], [ -58.577112100000051, -37.383977500000249 ], [ -58.427186, -37.500668000000232 ] ] ] ] } },
{ "type": "Feature", "properties": { "fid": 119, "gid": 1254, "DEPARTAMENTO": "Tapalqué", "PROVINCIA": "Buenos Aires" }, "geometry": { "type": "MultiPolygon", "coordinates": [ [ [ [ -59.553214320000059, -36.00679114000026 ], [ -59.382453, -36.135384000000258 ], [ -59.634577, -36.358870000000273 ], [ -59.727204, -36.288222000000268 ], [ -59.817713290000057, -36.363108630000255 ], [ -59.823915, -36.358538000000266 ], [ -59.862573, -36.389763000000265 ], [ -59.931181, -36.466614000000234 ], [ -59.973597040000065, -36.503186440000249 ], [ -59.98254, -36.496514000000268 ], [ -60.023689, -36.531839000000254 ], [ -59.918892, -36.614812000000263 ], [ -60.062826, -36.731805000000264 ], [ -60.135003820000072, -36.674826730000241 ], [ -60.161412, -36.719657000000268 ], [ -60.285565540000071, -36.619947030000247 ], [ -60.326504, -36.65252500000026 ], [ -60.478052, -36.52973100000024 ], [ -60.438412980000066, -36.497764930000258 ], [ -60.538117, -36.417698000000257 ], [ -60.532234, -36.412521000000261 ], [ -60.562991730000078, -36.391678710000264 ], [ -60.569348, -36.397572000000253 ], [ -60.649974790000073, -36.34288119000027 ], [ -60.728799, -36.402691000000246 ], [ -60.762831120000058, -36.378607360000252 ], [ -60.87544, -36.467829000000258 ], [ -60.929622, -36.424551000000264 ], [ -60.866119, -36.372189000000247 ], [ -60.906005, -36.341574000000236 ], [ -60.860253, -36.32250900000026 ], [ -60.824552, -36.276644000000246 ], [ -60.819464, -36.258362000000247 ], [ -60.805972, -36.252844000000266 ], [ -60.799079, -36.231555000000256 ], [ -60.810381, -36.210357000000272 ], [ -60.776992, -36.184940000000246 ], [ -60.780069, -36.175773000000262 ], [ -60.759218, -36.156613000000249 ], [ -60.742216, -36.152225000000243 ], [ -60.726673, -36.136940000000273 ], [ -60.699437, -36.135354000000262 ], [ -60.565185, -36.23620100000025 ], [ -60.523546, -36.214032000000266 ], [ -60.35968, -36.326405000000271 ], [ -60.296924, -36.267072000000262 ], [ -60.245918, -36.303369000000252 ], [ -60.090175, -36.161340000000266 ], [ -59.966942360000083, -36.248596050000259 ], [ -59.963809, -36.223230000000264 ], [ -59.947544, -36.202106000000249 ], [ -59.838673, -36.111349000000253 ], [ -59.858654, -36.095670000000254 ], [ -59.797111370000067, -36.043748070000262 ], [ -59.718057, -36.105853000000252 ], [ -59.613864, -36.023856000000279 ], [ -59.592439, -36.040529000000262 ], [ -59.553214320000059, -36.00679114000026 ] ] ] ] } },
{ "type": "Feature", "properties": { "fid": 120, "gid": 1255, "DEPARTAMENTO": "Hipólito Yrigoyen", "PROVINCIA": "Buenos Aires" }, "geometry": { "type": "MultiPolygon", "coordinates": [ [ [ [ -61.491487, -36.01909800000022 ], [ -61.450383250000066, -36.051443860000262 ], [ -61.436136, -36.039237000000249 ], [ -61.393404, -36.07181200000025 ], [ -61.333186, -36.021412000000254 ], [ -61.269755, -36.071098000000262 ], [ -61.439692, -36.214419000000262 ], [ -61.406099, -36.240961000000247 ], [ -61.763409, -36.524946000000249 ], [ -61.86957, -36.436279000000262 ], [ -61.859966, -36.428530000000258 ], [ -61.912066, -36.385782000000262 ], [ -61.928608, -36.398766000000251 ], [ -61.937876, -36.391108000000273 ], [ -61.954532, -36.404129000000253 ], [ -62.048248420000071, -36.32590541000026 ], [ -62.014961, -36.300641000000255 ], [ -61.974442, -36.333632000000257 ], [ -61.949509, -36.310552000000243 ], [ -61.944325, -36.314924000000254 ], [ -61.939144, -36.310914000000245 ], [ -61.944574, -36.306425000000253 ], [ -61.921176, -36.288428000000252 ], [ -61.944752, -36.268559000000252 ], [ -61.772554, -36.138559000000264 ], [ -61.742437, -36.162080000000252 ], [ -61.702618, -36.129266000000271 ], [ -61.689081, -36.140310000000262 ], [ -61.616375, -36.091585000000244 ], [ -61.596724, -36.107283000000251 ], [ -61.491487, -36.01909800000022 ] ] ] ] } },
{ "type": "Feature", "properties": { "fid": 121, "gid": 1256, "DEPARTAMENTO": "Dolores", "PROVINCIA": "Buenos Aires" }, "geometry": { "type": "MultiPolygon", "coordinates": [ [ [ [ -57.645064, -36.10708600000028 ], [ -57.417854130000052, -36.157622710000261 ], [ -57.473263, -36.340341000000272 ], [ -57.342985, -36.366172000000255 ], [ -57.399332, -36.415822000000247 ], [ -57.420059, -36.460091000000268 ], [ -57.443662380000042, -36.479428070000253 ], [ -57.399231, -36.513084000000269 ], [ -57.464357, -36.570926000000256 ], [ -57.49374, -36.581361000000257 ], [ -57.653985, -36.728099000000263 ], [ -57.776365, -36.634535000000255 ], [ -57.763506, -36.623935000000266 ], [ -57.848529, -36.555173000000266 ], [ -57.777945, -36.492944000000271 ], [ -57.80981, -36.467019000000263 ], [ -57.775461, -36.437637000000272 ], [ -57.987317270000055, -36.277396580000257 ], [ -57.971748, -36.263965000000269 ], [ -57.883506, -36.302138000000241 ], [ -57.872037, -36.266867000000268 ], [ -57.815858, -36.278401000000251 ], [ -57.784497, -36.178141000000259 ], [ -57.670959, -36.203332000000259 ], [ -57.645064, -36.10708600000028 ] ] ] ] } },
{ "type": "Feature", "properties": { "fid": 122, "gid": 1257, "DEPARTAMENTO": "Azul", "PROVINCIA": "Buenos Aires" }, "geometry": { "type": "MultiPolygon", "coordinates": [ [ [ [ -59.487572710000066, -36.227528200000251 ], [ -59.229713, -36.420850000000272 ], [ -59.249996, -36.437525000000264 ], [ -59.1909, -36.483087000000261 ], [ -59.202807, -36.493230000000239 ], [ -59.13842, -36.542876000000284 ], [ -59.195539310000065, -36.590874890000265 ], [ -59.2219, -36.574394000000268 ], [ -59.226557, -36.616874000000266 ], [ -59.255322, -36.646878000000257 ], [ -59.263123, -36.713980000000255 ], [ -59.279774, -36.743570000000254 ], [ -59.281526, -36.764637000000256 ], [ -59.352794, -36.825044000000261 ], [ -59.348658, -36.83027000000024 ], [ -59.365012, -36.851260000000245 ], [ -59.356129, -36.878559000000251 ], [ -59.359664, -36.897223000000253 ], [ -59.392563, -36.946608000000246 ], [ -59.399566, -36.970779000000256 ], [ -59.433526, -36.999462000000271 ], [ -59.436834, -37.021329000000257 ], [ -59.479846, -37.036738000000263 ], [ -59.520826, -37.082358000000248 ], [ -59.542111, -37.080834000000252 ], [ -59.552189, -37.094316000000262 ], [ -59.567639, -37.097809000000247 ], [ -59.582187, -37.112806000000262 ], [ -59.586567, -37.132493000000238 ], [ -59.625983, -37.153751000000241 ], [ -59.641373, -37.173492000000252 ], [ -59.66836, -37.181928000000248 ], [ -59.69936, -37.216611000000249 ], [ -59.736563, -37.234022000000259 ], [ -59.777062, -37.23589800000024 ], [ -59.806436, -37.251132000000247 ], [ -59.826494, -37.310930000000241 ], [ -59.880288, -37.35594200000024 ], [ -59.860615, -37.371197000000258 ], [ -59.953258, -37.447512000000245 ], [ -60.037934, -37.381122000000225 ], [ -59.986742, -37.339941000000252 ], [ -60.207603, -37.172768000000254 ], [ -60.126382, -37.096824000000225 ], [ -60.145209, -37.081183000000259 ], [ -60.125654, -37.064162000000259 ], [ -60.133156, -37.058330000000261 ], [ -60.113037, -37.041642000000259 ], [ -60.122854, -37.03430900000027 ], [ -60.103647, -37.016073000000247 ], [ -60.116131, -37.006570000000266 ], [ -60.0959, -36.98914200000025 ], [ -60.106737, -36.980813000000239 ], [ -60.066004, -36.947593000000239 ], [ -60.059959, -36.951966000000247 ], [ -60.023421, -36.915576000000264 ], [ -60.032893, -36.90799700000025 ], [ -60.01256, -36.891030000000264 ], [ -60.02806, -36.880006000000265 ], [ -60.007507, -36.863523000000235 ], [ -60.0212, -36.852589000000251 ], [ -60.001358, -36.835483000000266 ], [ -60.161412, -36.719657000000268 ], [ -60.135003820000072, -36.674826730000241 ], [ -60.062826, -36.731805000000264 ], [ -59.918892, -36.614812000000263 ], [ -60.023689, -36.531839000000254 ], [ -59.98254, -36.496514000000268 ], [ -59.973597040000065, -36.503186440000249 ], [ -59.931181, -36.466614000000234 ], [ -59.89983, -36.426197000000265 ], [ -59.823915, -36.358538000000266 ], [ -59.817713290000057, -36.363108630000255 ], [ -59.727204, -36.288222000000268 ], [ -59.634577, -36.358870000000273 ], [ -59.487572710000066, -36.227528200000251 ] ] ] ] } },
{ "type": "Feature", "properties": { "fid": 123, "gid": 1258, "DEPARTAMENTO": "Daireaux", "PROVINCIA": "Buenos Aires" }, "geometry": { "type": "MultiPolygon", "coordinates": [ [ [ [ -62.144315, -36.245472000000262 ], [ -61.954532, -36.404129000000253 ], [ -61.937876, -36.391108000000273 ], [ -61.928608, -36.398766000000251 ], [ -61.912066, -36.385782000000262 ], [ -61.859966, -36.428530000000258 ], [ -61.86957, -36.436279000000262 ], [ -61.763409, -36.524946000000249 ], [ -61.724666860000056, -36.494265440000255 ], [ -61.69266, -36.520023000000258 ], [ -61.69877, -36.524828000000248 ], [ -61.685623, -36.535906000000274 ], [ -61.676978, -36.530082000000242 ], [ -61.648868, -36.553113000000252 ], [ -61.641809040000069, -36.549441320000255 ], [ -61.616876, -36.569896000000249 ], [ -61.664098, -36.606887000000249 ], [ -61.497217, -36.744068000000247 ], [ -61.36885, -36.640992000000239 ], [ -61.254822, -36.734982000000251 ], [ -61.599035, -36.998985000000253 ], [ -61.70785, -36.907189000000244 ], [ -61.760025, -36.945973000000244 ], [ -61.778158, -36.930425000000241 ], [ -61.859765, -36.992546000000246 ], [ -62.019701, -36.849688000000249 ], [ -62.006642, -36.857612000000252 ], [ -61.993256, -36.854244000000243 ], [ -62.007049, -36.846965000000246 ], [ -62.016622, -36.822298000000266 ], [ -61.996182, -36.820489000000251 ], [ -61.996879, -36.811308000000245 ], [ -61.983549, -36.804705000000261 ], [ -62.000052, -36.81164800000024 ], [ -62.175476, -36.663314000000241 ], [ -62.201791, -36.684577000000253 ], [ -62.248976, -36.645955000000249 ], [ -62.223998, -36.622638000000251 ], [ -62.384667110000073, -36.488435440000259 ], [ -62.411544, -36.509180000000235 ], [ -62.473292050000069, -36.457208140000262 ], [ -62.205482160000074, -36.249592450000257 ], [ -62.178949, -36.271882000000247 ], [ -62.144315, -36.245472000000262 ] ] ] ] } },
{ "type": "Feature", "properties": { "fid": 124, "gid": 1259, "DEPARTAMENTO": "Tres Lomas", "PROVINCIA": "Buenos Aires" }, "geometry": { "type": "MultiPolygon", "coordinates": [ [ [ [ -62.939747530000069, -36.248840780000265 ], [ -62.625748, -36.502360000000252 ], [ -62.607583, -36.561423000000254 ], [ -62.816036, -36.731947000000233 ], [ -63.127555910000055, -36.479503530000251 ], [ -63.048637, -36.41541400000024 ], [ -63.067976, -36.399478000000251 ], [ -63.028399, -36.368805000000265 ], [ -63.03995, -36.359075000000253 ], [ -62.959267, -36.296075000000251 ], [ -62.978901, -36.280138000000242 ], [ -62.939747530000069, -36.248840780000265 ] ] ] ] } },
{ "type": "Feature", "properties": { "fid": 125, "gid": 1260, "DEPARTAMENTO": "Ayacucho", "PROVINCIA": "Buenos Aires" }, "geometry": { "type": "MultiPolygon", "coordinates": [ [ [ [ -58.213063720000058, -36.615489340000259 ], [ -58.226176030000047, -36.62766604000025 ], [ -58.11442203000005, -36.728124030000245 ], [ -58.286542610000048, -36.881029970000256 ], [ -58.019866, -37.075971000000251 ], [ -57.944419440000047, -37.007576080000256 ], [ -57.768972040000058, -37.135971100000255 ], [ -58.094509700000053, -37.437403640000269 ], [ -58.083983610000047, -37.445061480000248 ], [ -58.16358, -37.388240000000259 ], [ -58.282658, -37.492092000000255 ], [ -58.354632880000047, -37.43984937000026 ], [ -58.426401, -37.501187000000257 ], [ -58.577112100000051, -37.383977500000249 ], [ -58.610899, -37.411263000000247 ], [ -58.982077, -37.132205000000248 ], [ -58.98936321000005, -37.137366390000238 ], [ -59.090130160000051, -37.062779470000251 ], [ -59.040746, -37.026078060000252 ], [ -59.021494730000057, -36.960094980000264 ], [ -59.002666110000057, -36.944649910000251 ], [ -58.936877400000071, -36.936045780000264 ], [ -58.931110830000051, -36.912329200000251 ], [ -58.917474140000067, -36.908936250000259 ], [ -58.911629650000052, -36.896790740000256 ], [ -58.91120942000007, -36.876418570000247 ], [ -58.873094040000055, -36.860756490000249 ], [ -58.875447990000048, -36.84742290000024 ], [ -58.86682540000006, -36.838370990000257 ], [ -58.850489440000047, -36.830988940000246 ], [ -58.837011940000053, -36.836248870000261 ], [ -58.795175340000057, -36.805997180000247 ], [ -58.790869230000062, -36.789113010000243 ], [ -58.734034050000048, -36.768164570000259 ], [ -58.719955530000064, -36.752577040000268 ], [ -58.685123210000057, -36.740043240000261 ], [ -58.666852470000052, -36.74292604000027 ], [ -58.720954020000057, -36.700226680000256 ], [ -58.437240190000047, -36.452101470000258 ], [ -58.213063720000058, -36.615489340000259 ] ] ] ] } },
{ "type": "Feature", "properties": { "fid": 126, "gid": 1261, "DEPARTAMENTO": "Guaminí", "PROVINCIA": "Buenos Aires" }, "geometry": { "type": "MultiPolygon", "coordinates": [ [ [ [ -62.473292050000069, -36.457208140000262 ], [ -62.411544, -36.509180000000235 ], [ -62.384667110000073, -36.488435440000259 ], [ -62.223998, -36.622638000000251 ], [ -62.248976, -36.645955000000249 ], [ -62.201791, -36.684577000000253 ], [ -62.175476, -36.663314000000241 ], [ -62.000052, -36.81164800000024 ], [ -61.983549, -36.804705000000261 ], [ -61.996879, -36.811308000000245 ], [ -61.996182, -36.820489000000251 ], [ -62.016622, -36.822298000000266 ], [ -62.007049, -36.846965000000246 ], [ -61.993256, -36.854244000000243 ], [ -62.006642, -36.857612000000252 ], [ -62.019701, -36.849688000000249 ], [ -61.8565, -36.995369000000245 ], [ -61.892052, -37.02252900000024 ], [ -61.875676, -37.036577000000264 ], [ -61.916273, -37.067143000000257 ], [ -61.974843, -37.016773000000256 ], [ -62.202974, -37.187142000000243 ], [ -62.211774, -37.18026800000024 ], [ -62.425401, -37.348682000000238 ], [ -62.538814, -37.257424000000228 ], [ -62.509555, -37.233769000000223 ], [ -62.51102, -37.196019000000256 ], [ -62.556695, -37.149958000000225 ], [ -62.59499, -37.096394000000231 ], [ -62.647306, -37.123047000000234 ], [ -62.970025300000081, -36.863033420000249 ], [ -62.740762, -36.665156000000245 ], [ -62.473292050000069, -36.457208140000262 ] ] ] ] } },
{ "type": "Feature", "properties": { "fid": 127, "gid": 1262, "DEPARTAMENTO": "Ensenada", "PROVINCIA": "Buenos Aires" }, "geometry": { "type": "MultiPolygon", "coordinates": [ [ [ [ -58.016317070000049, -34.780356910000272 ], [ -57.947340300000057, -34.833476940000281 ], [ -57.876952970000055, -34.827722010000286 ], [ -57.900545, -34.874856000000278 ], [ -57.931845140000057, -34.903461330000276 ], [ -57.974604, -34.872367000000281 ], [ -57.990868, -34.879684000000267 ], [ -58.083632, -34.83514500000026 ], [ -58.016317070000049, -34.780356910000272 ] ] ] ] } },
{ "type": "Feature", "properties": { "fid": 128, "gid": 1263, "DEPARTAMENTO": "Laprida", "PROVINCIA": "Buenos Aires" }, "geometry": { "type": "MultiPolygon", "coordinates": [ [ [ [ -60.5989, -37.25412800000025 ], [ -60.471734720000065, -37.349229080000228 ], [ -60.502677, -37.373500000000256 ], [ -60.349195, -37.496044000000254 ], [ -60.46588, -37.590272000000255 ], [ -60.452736, -37.601036000000242 ], [ -60.58083, -37.700807000000253 ], [ -60.556671, -37.720854000000251 ], [ -60.644751, -37.789156000000247 ], [ -60.653166580000068, -37.782602570000229 ], [ -60.851948, -37.940792000000251 ], [ -61.178034, -37.680843000000245 ], [ -60.878539, -37.451456000000263 ], [ -60.975452, -37.368130000000235 ], [ -60.891327, -37.302355000000254 ], [ -61.010955560000063, -37.203526330000258 ], [ -60.814527, -37.051239000000258 ], [ -60.715959, -37.12826800000024 ], [ -60.731738, -37.140234000000241 ], [ -60.5989, -37.25412800000025 ] ] ] ] } },
{ "type": "Feature", "properties": { "fid": 129, "gid": 1264, "DEPARTAMENTO": "San Isidro", "PROVINCIA": "Buenos Aires" }, "geometry": { "type": "MultiPolygon", "coordinates": [ [ [ [ -58.514155010000046, -34.443525870000272 ], [ -58.479399570000048, -34.489761070000284 ], [ -58.553764, -34.530205000000279 ], [ -58.600303, -34.490354000000288 ], [ -58.514155010000046, -34.443525870000272 ] ] ] ] } },
{ "type": "Feature", "properties": { "fid": 130, "gid": 1265, "DEPARTAMENTO": "Benito Juárez", "PROVINCIA": "Buenos Aires" }, "geometry": { "type": "MultiPolygon", "coordinates": [ [ [ [ -60.200584, -37.178043000000244 ], [ -59.986742, -37.339941000000252 ], [ -60.037934, -37.381122000000225 ], [ -59.953258, -37.447512000000245 ], [ -59.860615, -37.371197000000258 ], [ -59.880288, -37.35594200000024 ], [ -59.826494, -37.310930000000241 ], [ -59.811552, -37.256322000000246 ], [ -59.779743460000049, -37.23838792000025 ], [ -59.225977070000063, -37.650843170000243 ], [ -59.307039, -37.720292000000256 ], [ -59.34073, -37.733469000000241 ], [ -59.370155, -37.757787000000235 ], [ -59.383349, -37.758604000000233 ], [ -59.400375, -37.782169000000273 ], [ -59.676458700000055, -37.999682860000242 ], [ -59.673675, -37.979546000000255 ], [ -59.718345, -37.955978000000243 ], [ -59.754686, -37.914126000000245 ], [ -59.793922, -37.898450000000238 ], [ -59.936614, -37.794446000000242 ], [ -60.018164, -37.860745000000264 ], [ -60.060497, -37.828231000000258 ], [ -60.089129, -37.851671000000245 ], [ -60.139358, -37.811969000000254 ], [ -60.146190640000064, -37.817559880000239 ], [ -60.261959, -37.728752000000242 ], [ -60.323435, -37.776369000000237 ], [ -60.424207, -37.697668000000249 ], [ -60.378022, -37.662685000000259 ], [ -60.46588, -37.590272000000255 ], [ -60.349195, -37.496044000000254 ], [ -60.502677, -37.373500000000256 ], [ -60.471734720000065, -37.349229080000228 ], [ -60.437154, -37.37681900000026 ], [ -60.277468, -37.249489000000253 ], [ -60.282287, -37.245885000000257 ], [ -60.200584, -37.178043000000244 ] ] ] ] } },
{ "type": "Feature", "properties": { "fid": 131, "gid": 1266, "DEPARTAMENTO": "Colón", "PROVINCIA": "Buenos Aires" }, "geometry": { "type": "MultiPolygon", "coordinates": [ [ [ [ -60.906516920000065, -33.887308800000248 ], [ -61.011721160000064, -33.982094920000286 ], [ -61.062694, -34.039381000000283 ], [ -61.175017, -34.095284000000262 ], [ -61.209891, -34.125642000000269 ], [ -61.331409410000077, -34.025678210000272 ], [ -60.934033210000088, -33.654726660000286 ], [ -60.921855930000063, -33.637121660000261 ], [ -60.919992720000081, -33.59308872000026 ], [ -60.910431, -33.580894000000285 ], [ -60.810809, -33.674801000000272 ], [ -60.901023690000066, -33.749352100000287 ], [ -60.861294, -33.780965000000279 ], [ -60.942796, -33.856860000000282 ], [ -60.906516920000065, -33.887308800000248 ] ] ] ] } },
{ "type": "Feature", "properties": { "fid": 132, "gid": 1268, "DEPARTAMENTO": "Saavedra", "PROVINCIA": "Buenos Aires" }, "geometry": { "type": "MultiPolygon", "coordinates": [ [ [ [ -62.425401, -37.348682000000238 ], [ -62.408146, -37.382880000000242 ], [ -62.397712, -37.378482000000233 ], [ -62.383878, -37.393046000000247 ], [ -62.398402290000064, -37.399412230000259 ], [ -62.390814, -37.412573000000251 ], [ -62.373165940000085, -37.404070060000244 ], [ -62.321996, -37.467866000000235 ], [ -62.283399, -37.453408000000245 ], [ -62.233507, -37.539010000000232 ], [ -62.250001950000069, -37.544981030000258 ], [ -62.218579, -37.560718000000229 ], [ -62.227353, -37.572384000000248 ], [ -62.211065, -37.57779900000024 ], [ -62.220578, -37.59080400000024 ], [ -62.191689, -37.595858000000234 ], [ -62.124791, -37.633517000000225 ], [ -62.131113, -37.656871000000244 ], [ -62.101971, -37.689930000000238 ], [ -62.10541, -37.69588600000025 ], [ -62.084609, -37.706456000000223 ], [ -62.10035, -37.72552400000022 ], [ -62.04469, -37.752474000000234 ], [ -62.098933250000066, -37.935484320000235 ], [ -62.157986, -37.966556000000232 ], [ -62.156612, -37.974812000000242 ], [ -62.170571, -37.984276000000236 ], [ -62.177943, -38.002051000000243 ], [ -62.19942, -38.012222000000236 ], [ -62.208598, -38.026391000000238 ], [ -62.244844, -38.041732000000238 ], [ -62.28238, -38.090160000000232 ], [ -62.304932, -38.092294000000244 ], [ -62.330975, -38.108006000000238 ], [ -62.346075, -38.136294000000241 ], [ -62.442283, -38.055848000000232 ], [ -62.463136, -38.07199900000024 ], [ -62.489683, -38.008184000000234 ], [ -62.575304440000068, -38.075171670000238 ], [ -62.895559100000064, -37.819164730000232 ], [ -62.730764, -37.690504000000232 ], [ -62.735477, -37.671840000000245 ], [ -62.581433, -37.549222000000235 ], [ -62.629893, -37.510153000000258 ], [ -62.425401, -37.348682000000238 ] ] ] ] } },
{ "type": "Feature", "properties": { "fid": 133, "gid": 1269, "DEPARTAMENTO": "Monte Hermoso", "PROVINCIA": "Buenos Aires" }, "geometry": { "type": "MultiPolygon", "coordinates": [ [ [ [ -61.342025890000066, -38.915846050000233 ], [ -61.314896, -38.946281000000241 ], [ -61.269475, -38.948631000000233 ], [ -61.166215, -38.927972000000224 ], [ -61.13784, -38.929388000000245 ], [ -61.105256, -38.979585000000228 ], [ -61.119522, -38.981966000000241 ], [ -61.11804, -38.994318000000213 ], [ -61.110166560000067, -38.995889790000234 ], [ -61.174615960000068, -39.00040851000022 ], [ -61.377460250000063, -38.988330360000226 ], [ -61.455730340000066, -38.995400790000218 ], [ -61.452679690000068, -38.92403435000022 ], [ -61.424366, -38.916338000000231 ], [ -61.342025890000066, -38.915846050000233 ] ] ] ] } },
{ "type": "Feature", "properties": { "fid": 134, "gid": 1270, "DEPARTAMENTO": "Lobería", "PROVINCIA": "Buenos Aires" }, "geometry": { "type": "MultiPolygon", "coordinates": [ [ [ [ -58.809127150000059, -37.578724860000257 ], [ -58.507342770000058, -37.805742490000256 ], [ -58.591233, -37.877994000000264 ], [ -58.329125570000066, -38.074098410000232 ], [ -58.33912, -38.106629000000247 ], [ -58.332219, -38.126992000000264 ], [ -58.343611, -38.15957000000023 ], [ -58.323622, -38.223385000000235 ], [ -58.338172, -38.250916000000231 ], [ -58.325869, -38.273208000000231 ], [ -58.311097, -38.273991000000244 ], [ -58.302268, -38.300195000000237 ], [ -58.283075, -38.315774000000239 ], [ -58.269505, -38.353988000000243 ], [ -58.284854, -38.385569000000238 ], [ -58.256314, -38.422719000000235 ], [ -58.256504, -38.435950000000233 ], [ -58.238084020000038, -38.445795410000237 ], [ -58.497551400000056, -38.537471280000226 ], [ -58.619451570000052, -38.56187357000023 ], [ -58.708025, -38.495017000000246 ], [ -58.739209, -38.515865000000247 ], [ -58.733957, -38.508205000000238 ], [ -58.752001, -38.488722000000237 ], [ -58.740069, -38.480590000000248 ], [ -58.757114, -38.472455000000238 ], [ -58.757809, -38.453900000000246 ], [ -58.774151, -38.435772000000249 ], [ -58.768677, -38.429803000000248 ], [ -58.78752, -38.400697000000243 ], [ -58.782252, -38.377960000000236 ], [ -58.80186, -38.345725000000243 ], [ -58.813194, -38.339971000000247 ], [ -58.808984, -38.32881800000024 ], [ -58.843769, -38.298532000000236 ], [ -58.867225, -38.292093000000243 ], [ -58.880912, -38.27587800000024 ], [ -58.878227, -38.268272000000252 ], [ -58.906566, -38.245204000000236 ], [ -58.900221, -38.239991000000252 ], [ -58.916544, -38.208004000000244 ], [ -58.912809, -38.20197900000025 ], [ -58.940145, -38.180775000000224 ], [ -58.951095, -38.182675000000252 ], [ -58.954343, -38.155103000000238 ], [ -59.038385, -38.086962000000234 ], [ -59.036047, -38.078385000000232 ], [ -59.04497, -38.073615000000245 ], [ -59.041941, -38.065550000000243 ], [ -59.053632, -38.047064000000233 ], [ -59.078459, -38.020392000000243 ], [ -59.12478, -37.995556000000263 ], [ -59.127687, -37.973595000000252 ], [ -59.148484, -37.961428000000232 ], [ -59.167908, -37.936657000000253 ], [ -59.162361, -37.876616000000247 ], [ -59.131079, -37.859528000000225 ], [ -59.129686, -37.848208000000255 ], [ -59.10968, -37.83884100000023 ], [ -59.110168940000065, -37.826248270000249 ], [ -58.809127150000059, -37.578724860000257 ] ] ] ] } },
{ "type": "Feature", "properties": { "fid": 135, "gid": 1271, "DEPARTAMENTO": "Berisso", "PROVINCIA": "Buenos Aires" }, "geometry": { "type": "MultiPolygon", "coordinates": [ [ [ [ -57.876952970000055, -34.827722010000286 ], [ -57.751025250000048, -34.914930650000272 ], [ -57.708223500000059, -34.93034956000028 ], [ -57.752354960000069, -34.970662930000273 ], [ -57.770753, -34.957030000000287 ], [ -57.803312, -34.964184000000287 ], [ -57.895903, -34.930436000000277 ], [ -57.931845140000057, -34.903461330000276 ], [ -57.900545, -34.874856000000278 ], [ -57.876952970000055, -34.827722010000286 ] ] ] ] } },
{ "type": "Feature", "properties": { "fid": 136, "gid": 1272, "DEPARTAMENTO": "Tordillo", "PROVINCIA": "Buenos Aires" }, "geometry": { "type": "MultiPolygon", "coordinates": [ [ [ [ -57.209226240000042, -36.196220590000266 ], [ -57.126649420000042, -36.263035850000264 ], [ -57.12914310000005, -36.26800417000026 ], [ -57.11530415000005, -36.270688200000258 ], [ -57.11518994000005, -36.280148940000274 ], [ -57.107813610000036, -36.275832590000277 ], [ -57.018512440000052, -36.32227491000026 ], [ -57.015487700000051, -36.341638420000251 ], [ -57.064657200000049, -36.385594710000262 ], [ -57.04289877000005, -36.413064040000265 ], [ -57.04028598000005, -36.429194330000264 ], [ -57.074418100000059, -36.438746590000264 ], [ -57.082529440000044, -36.453713750000269 ], [ -57.098740400000047, -36.442126910000255 ], [ -57.176151870000041, -36.512813860000257 ], [ -57.16476932000004, -36.521000830000261 ], [ -57.328779, -36.669157000000268 ], [ -57.464357, -36.570926000000256 ], [ -57.399231, -36.513084000000269 ], [ -57.443662380000042, -36.479428070000253 ], [ -57.420059, -36.460091000000268 ], [ -57.399332, -36.415822000000247 ], [ -57.342985, -36.366172000000255 ], [ -57.473263, -36.340341000000272 ], [ -57.471156, -36.331738000000264 ], [ -57.417854130000052, -36.157622710000261 ], [ -57.209226240000042, -36.196220590000266 ] ] ] ] } },
{ "type": "Feature", "properties": { "fid": 137, "gid": 1273, "DEPARTAMENTO": "Zárate", "PROVINCIA": "Buenos Aires" }, "geometry": { "type": "MultiPolygon", "coordinates": [ [ [ [ -59.16809082000006, -33.809387210000281 ], [ -59.130676270000059, -33.847717280000282 ], [ -59.055480960000054, -33.832397460000294 ], [ -59.020482430000065, -33.848942090000286 ], [ -58.99288068000007, -33.841803700000277 ], [ -58.977890080000073, -33.87035723000028 ], [ -58.933593750000064, -33.874389650000282 ], [ -58.899780270000072, -33.890991210000287 ], [ -58.868434880000059, -33.936506250000285 ], [ -58.837201270000051, -33.953751090000267 ], [ -58.966046, -33.960581000000268 ], [ -59.000536, -34.087853000000266 ], [ -59.009521, -34.099071000000286 ], [ -58.977497, -34.113277000000267 ], [ -58.973315, -34.129096000000267 ], [ -59.102904, -34.200122000000277 ], [ -59.31234, -34.161043000000269 ], [ -59.279566730000049, -34.145966770000278 ], [ -59.2662, -34.091783000000277 ], [ -59.302504, -34.064062000000291 ], [ -59.308491, -34.019271000000273 ], [ -59.334559, -33.981153000000276 ], [ -59.347137, -33.935033000000274 ], [ -59.340883, -33.925380000000288 ], [ -59.323587, -33.931175000000273 ], [ -59.309814, -33.924122000000267 ], [ -59.260541, -33.941577000000272 ], [ -59.252089, -33.930507000000276 ], [ -59.22838, -33.925027000000291 ], [ -59.240136, -33.896258000000266 ], [ -59.297518, -33.85915600000029 ], [ -59.30209, -33.84662500000028 ], [ -59.293022, -33.829253000000264 ], [ -59.276361, -33.820257000000275 ], [ -59.16809082000006, -33.809387210000281 ] ] ] ] } },
{ "type": "Feature", "properties": { "fid": 138, "gid": 1274, "DEPARTAMENTO": "Ramallo", "PROVINCIA": "Buenos Aires" }, "geometry": { "type": "MultiPolygon", "coordinates": [ [ [ [ -60.138122560000063, -33.359069820000272 ], [ -60.098815920000071, -33.383117670000289 ], [ -60.072204160000062, -33.424684200000279 ], [ -60.044840360000073, -33.44752703000028 ], [ -59.999392650000061, -33.470131910000269 ], [ -59.933005690000066, -33.474890830000277 ], [ -59.894743950000063, -33.510284160000289 ], [ -59.833948720000073, -33.521259430000271 ], [ -59.809529500000053, -33.551657040000272 ], [ -59.814011, -33.593024000000277 ], [ -59.831377, -33.579813000000286 ], [ -60.041144, -33.768819000000278 ], [ -60.051722, -33.761280000000276 ], [ -60.072709, -33.778856000000268 ], [ -60.016753, -33.826422000000278 ], [ -60.04859, -33.827056000000269 ], [ -60.082667, -33.809326000000276 ], [ -60.107407, -33.816943000000279 ], [ -60.156379080000065, -33.745476930000279 ], [ -60.138771, -33.711128000000286 ], [ -60.141242, -33.693094000000279 ], [ -60.159765, -33.689957000000263 ], [ -60.175136730000062, -33.673663450000269 ], [ -60.17224, -33.661924000000269 ], [ -60.242539, -33.648841000000267 ], [ -60.239394, -33.664507000000285 ], [ -60.313175, -33.651123000000283 ], [ -60.280919, -33.620460000000264 ], [ -60.244439, -33.615686000000267 ], [ -60.230605, -33.586309000000277 ], [ -60.215188, -33.578581000000291 ], [ -60.199045, -33.534505000000273 ], [ -60.172126, -33.510936000000271 ], [ -60.159961, -33.473895000000269 ], [ -60.193732, -33.450409000000278 ], [ -60.185132, -33.427079000000283 ], [ -60.189845, -33.408780000000284 ], [ -60.171356, -33.386881000000287 ], [ -60.168068110000071, -33.352750510000256 ], [ -60.138122560000063, -33.359069820000272 ] ] ] ] } },
{ "type": "Feature", "properties": { "fid": 139, "gid": 1275, "DEPARTAMENTO": "San Nicolás", "PROVINCIA": "Buenos Aires" }, "geometry": { "type": "MultiPolygon", "coordinates": [ [ [ [ -60.259537430000073, -33.261850250000279 ], [ -60.200683590000068, -33.29217529000028 ], [ -60.165552580000082, -33.35076938000028 ], [ -60.171655, -33.387644000000272 ], [ -60.189845, -33.408780000000284 ], [ -60.185132, -33.427079000000283 ], [ -60.194469, -33.444784000000269 ], [ -60.160214, -33.47861000000028 ], [ -60.172126, -33.510936000000271 ], [ -60.199045, -33.534505000000273 ], [ -60.215188, -33.578581000000291 ], [ -60.230605, -33.586309000000277 ], [ -60.242323, -33.613425000000284 ], [ -60.286591, -33.624462000000257 ], [ -60.312945, -33.650029000000281 ], [ -60.326792, -33.683270000000277 ], [ -60.387545, -33.636587000000276 ], [ -60.393426, -33.64201400000028 ], [ -60.429335, -33.619387000000259 ], [ -60.457451680000077, -33.598349710000278 ], [ -60.45841536000006, -33.587506510000281 ], [ -60.440619370000071, -33.567361990000286 ], [ -60.418494460000069, -33.558530490000265 ], [ -60.41383140000007, -33.544773770000269 ], [ -60.423840670000068, -33.528428890000271 ], [ -60.410217, -33.467886240000276 ], [ -60.335658970000061, -33.412599470000281 ], [ -60.321702600000066, -33.373739530000279 ], [ -60.323962710000075, -33.35075255000028 ], [ -60.282945790000056, -33.313724710000294 ], [ -60.276104840000066, -33.290739110000281 ], [ -60.264612040000067, -33.281316450000283 ], [ -60.272714110000081, -33.263863100000279 ], [ -60.252706530000083, -33.275548320000283 ], [ -60.259537430000073, -33.261850250000279 ] ] ] ] } },
{ "type": "Feature", "properties": { "fid": 140, "gid": 1294, "DEPARTAMENTO": "Leandro N. Alem", "PROVINCIA": "Buenos Aires" }, "geometry": { "type": "MultiPolygon", "coordinates": [ [ [ [ -61.549084, -34.303386000000273 ], [ -61.508861, -34.336846000000257 ], [ -61.471674890000081, -34.307407070000274 ], [ -61.433344, -34.339902000000279 ], [ -61.395408, -34.373502000000272 ], [ -61.416972, -34.392317000000268 ], [ -61.329167, -34.453145000000283 ], [ -61.355509, -34.473947000000273 ], [ -61.275199, -34.541214000000274 ], [ -61.436411, -34.671162000000265 ], [ -61.516405, -34.603201000000283 ], [ -61.597606, -34.668713000000274 ], [ -61.611618, -34.656699000000259 ], [ -61.644585, -34.683654000000246 ], [ -61.769608, -34.576422000000278 ], [ -61.845370050000085, -34.63741340000027 ], [ -61.983941, -34.518249000000267 ], [ -61.81614973000007, -34.385601480000247 ], [ -61.719753410000081, -34.385554690000269 ], [ -61.648388410000081, -34.319472620000255 ], [ -61.610784, -34.352721000000265 ], [ -61.549084, -34.303386000000273 ] ] ] ] } },
{ "type": "Feature", "properties": { "fid": 141, "gid": 1296, "DEPARTAMENTO": "General Arenales", "PROVINCIA": "Buenos Aires" }, "geometry": { "type": "MultiPolygon", "coordinates": [ [ [ [ -61.210038410000067, -34.125526780000271 ], [ -61.177554, -34.096818000000262 ], [ -61.122081140000077, -34.07195024000027 ], [ -60.91725, -34.24158700000028 ], [ -60.958291, -34.276695000000259 ], [ -61.013862, -34.231620000000284 ], [ -61.059106, -34.269008000000284 ], [ -61.041553, -34.283292000000259 ], [ -61.070098, -34.307214000000272 ], [ -61.098149, -34.284531000000278 ], [ -61.138344, -34.317818000000273 ], [ -61.128827, -34.325534000000253 ], [ -61.168395, -34.359374000000287 ], [ -61.193368, -34.365050000000252 ], [ -61.199329, -34.376781000000257 ], [ -61.193048, -34.389654000000256 ], [ -61.196274, -34.424296000000268 ], [ -61.22686, -34.436584000000252 ], [ -61.234216, -34.433353000000267 ], [ -61.237970070000088, -34.40368548000027 ], [ -61.27359, -34.400858000000269 ], [ -61.269699, -34.40596300000027 ], [ -61.329167, -34.453145000000283 ], [ -61.416972, -34.392317000000268 ], [ -61.395408, -34.373502000000272 ], [ -61.471674890000081, -34.307407070000274 ], [ -61.508861, -34.336846000000257 ], [ -61.549084, -34.303386000000273 ], [ -61.610784, -34.352721000000265 ], [ -61.648388410000081, -34.319472620000255 ], [ -61.331409410000077, -34.025678210000272 ], [ -61.210038410000067, -34.125526780000271 ] ] ] ] } },
{ "type": "Feature", "properties": { "fid": 142, "gid": 1298, "DEPARTAMENTO": "Patagones", "PROVINCIA": "Buenos Aires" }, "geometry": { "type": "MultiPolygon", "coordinates": [ [ [ [ -62.321934, -39.871114000000219 ], [ -62.31371866000007, -39.900894220000218 ], [ -62.324205510000063, -39.903030430000229 ], [ -62.331094050000068, -39.915772440000211 ], [ -62.323848600000055, -39.940221400000226 ], [ -62.328738390000076, -39.954355400000232 ], [ -62.342229930000066, -39.963599610000223 ], [ -62.329238070000073, -39.974414260000223 ], [ -62.334877400000067, -39.986870740000228 ], [ -62.33041591000007, -39.99879184000023 ], [ -62.343907450000074, -40.036304040000211 ], [ -62.34237270000007, -40.06378682000021 ], [ -62.351795360000061, -40.068926450000205 ], [ -62.340031900000071, -40.09718106000021 ], [ -62.34103128000006, -40.126448430000224 ], [ -62.327646810000047, -40.151361390000211 ], [ -62.338889760000065, -40.186874850000201 ], [ -62.389393820000066, -40.228420240000233 ], [ -62.424443280000062, -40.235594310000238 ], [ -62.445751360000067, -40.250192300000229 ], [ -62.453032510000057, -40.269787170000228 ], [ -62.487867820000069, -40.300303750000211 ], [ -62.489402570000074, -40.317685720000206 ], [ -62.451176530000062, -40.381395780000204 ], [ -62.446857810000054, -40.407879180000222 ], [ -62.421016860000059, -40.42861619000022 ], [ -62.425763880000069, -40.451851620000213 ], [ -62.418946730000059, -40.463665650000209 ], [ -62.374510290000082, -40.491077040000221 ], [ -62.344671850000054, -40.492611790000225 ], [ -62.320365660000064, -40.504854120000218 ], [ -62.32073448000007, -40.535335010000217 ], [ -62.297606110000061, -40.542711340000203 ], [ -62.282496540000061, -40.571479020000211 ], [ -62.262152150000063, -40.562960560000221 ], [ -62.261652460000064, -40.57852223000021 ], [ -62.255108940000063, -40.577070760000204 ], [ -62.250778320000066, -40.556773960000235 ], [ -62.273097670000062, -40.54418661000021 ], [ -62.316618010000063, -40.535239830000229 ], [ -62.318450190000057, -40.526412030000223 ], [ -62.255132740000064, -40.539142150000224 ], [ -62.172589230000078, -40.584827800000213 ], [ -62.174540390000061, -40.637532860000206 ], [ -62.232313700000056, -40.687906050000215 ], [ -62.235264240000063, -40.708202850000205 ], [ -62.257274250000066, -40.741324950000219 ], [ -62.31069315000007, -40.869815850000222 ], [ -62.41327171000006, -40.920165240000223 ], [ -62.553041250000064, -40.959188400000215 ], [ -62.659883810000061, -41.006144690000198 ], [ -62.710423560000073, -41.037676110000199 ], [ -62.743408840000072, -41.03776534000022 ], [ -62.789666570000072, -41.024163780000215 ], [ -62.801969390000046, -40.982566040000201 ], [ -62.845394550000066, -40.940949270000218 ], [ -62.878950630000077, -40.894789270000203 ], [ -62.942238620000062, -40.842653740000195 ], [ -62.957588980000061, -40.818109810000216 ], [ -62.980353650000062, -40.815480370000202 ], [ -62.997247100000067, -40.79846943000021 ], [ -63.031051990000066, -40.794433960000198 ], [ -63.047232330000057, -40.773232970000223 ], [ -63.096665620000067, -40.762846620000204 ], [ -63.113559800000075, -40.747380120000209 ], [ -63.192082010000071, -40.716685080000218 ], [ -63.28530764000007, -40.729431580000224 ], [ -63.297096560000057, -40.723690600000225 ], [ -63.300050050000074, -40.711129040000216 ], [ -63.357195090000062, -40.70033047000021 ], [ -63.366048660000054, -40.68920478000021 ], [ -63.371574710000061, -40.691963770000214 ], [ -63.366761700000069, -40.701732350000228 ], [ -63.379348010000079, -40.71037140000022 ], [ -63.383269420000069, -39.32849160000022 ], [ -63.323077, -39.335726000000221 ], [ -63.239324, -39.36634600000022 ], [ -63.219061, -39.386662000000221 ], [ -63.198924, -39.387691000000217 ], [ -63.173454, -39.413021000000235 ], [ -63.136655, -39.393722000000224 ], [ -63.101848, -39.424406000000225 ], [ -63.113111, -39.451769000000226 ], [ -63.09173, -39.451579000000223 ], [ -63.099691, -39.468154000000204 ], [ -63.092351, -39.47285900000022 ], [ -63.083463, -39.461809000000208 ], [ -63.066023, -39.46019200000022 ], [ -63.072178, -39.47805600000023 ], [ -63.046818, -39.486484000000218 ], [ -63.032677, -39.480968000000232 ], [ -63.028319, -39.494873000000219 ], [ -63.016958, -39.485694000000223 ], [ -63.013383, -39.503276000000234 ], [ -62.973158, -39.503729000000213 ], [ -62.958821, -39.51756600000023 ], [ -62.908678, -39.505141000000222 ], [ -62.88329, -39.51156300000023 ], [ -62.858025, -39.530495000000201 ], [ -62.809029, -39.511341000000222 ], [ -62.770382, -39.51338500000022 ], [ -62.754412, -39.506181000000218 ], [ -62.734073, -39.511500000000225 ], [ -62.720243, -39.528015000000238 ], [ -62.69157, -39.534790000000214 ], [ -62.677189, -39.526407000000212 ], [ -62.645167, -39.527949000000206 ], [ -62.639437, -39.536620000000227 ], [ -62.623841, -39.531056000000227 ], [ -62.616835, -39.548087000000223 ], [ -62.601103, -39.549884000000226 ], [ -62.570111, -39.57074300000022 ], [ -62.537037, -39.575165000000212 ], [ -62.519525, -39.594880000000195 ], [ -62.49034, -39.607507000000233 ], [ -62.491401, -39.619808000000226 ], [ -62.475051, -39.628245000000227 ], [ -62.48054, -39.642773000000233 ], [ -62.474934, -39.653077000000216 ], [ -62.486565, -39.665615000000223 ], [ -62.476386, -39.693672000000234 ], [ -62.431023, -39.724771000000203 ], [ -62.408911, -39.725017000000229 ], [ -62.392409, -39.743937000000223 ], [ -62.397579, -39.753615000000217 ], [ -62.375086, -39.764014000000216 ], [ -62.391076, -39.768895000000221 ], [ -62.390102, -39.780130000000227 ], [ -62.370786, -39.77566200000021 ], [ -62.337825, -39.802274000000232 ], [ -62.299668, -39.797213000000227 ], [ -62.261409, -39.815273000000218 ], [ -62.233544, -39.816233000000224 ], [ -62.215012, -39.839946000000197 ], [ -62.166528, -39.830179000000221 ], [ -62.14791, -39.851663000000215 ], [ -62.147648, -39.866331000000216 ], [ -62.138609, -39.868172000000214 ], [ -62.156286, -39.870819000000239 ], [ -62.161534, -39.860311000000223 ], [ -62.179769, -39.853525000000225 ], [ -62.190613, -39.862410000000231 ], [ -62.260326, -39.858533000000222 ], [ -62.269939, -39.872194000000214 ], [ -62.272245, -39.869641000000215 ], [ -62.263345, -39.860354000000228 ], [ -62.263981, -39.853709000000237 ], [ -62.270064, -39.849396000000205 ], [ -62.279477, -39.848679000000217 ], [ -62.264966, -39.853564000000219 ], [ -62.273659, -39.871362000000218 ], [ -62.286489, -39.879569000000224 ], [ -62.300941, -39.875199000000215 ], [ -62.301474, -39.863908000000222 ], [ -62.316131, -39.86495300000022 ], [ -62.321934, -39.871114000000219 ] ] ], [ [ [ -62.151782990000058, -40.379299160000222 ], [ -62.145458220000052, -40.377510070000213 ], [ -62.141693110000062, -40.386585240000208 ], [ -62.152252200000056, -40.396358490000225 ], [ -62.13946915000006, -40.402175900000238 ], [ -62.142829890000066, -40.392990110000213 ], [ -62.131763460000052, -40.391845700000218 ], [ -62.136913300000067, -40.401187900000224 ], [ -62.137729640000074, -40.410591120000227 ], [ -62.143432620000063, -40.4205169700002 ], [ -62.171062470000074, -40.438838960000204 ], [ -62.198364260000048, -40.436714170000229 ], [ -62.195266720000056, -40.405578610000205 ], [ -62.173946380000061, -40.368511200000214 ], [ -62.163902280000066, -40.360973360000209 ], [ -62.151782990000058, -40.379299160000222 ] ] ], [ [ [ -62.20093918000007, -40.446643830000205 ], [ -62.174247740000062, -40.460517880000197 ], [ -62.174697880000068, -40.468128200000216 ], [ -62.156623840000073, -40.457675930000235 ], [ -62.188232420000048, -40.505390170000226 ], [ -62.201248170000056, -40.510669710000215 ], [ -62.196857450000067, -40.515235900000206 ], [ -62.217144010000077, -40.523475640000221 ], [ -62.234912870000052, -40.50795364000021 ], [ -62.202034, -40.46924210000023 ], [ -62.20093918000007, -40.446643830000205 ] ] ], [ [ [ -62.11720657000005, -40.157260890000224 ], [ -62.103740690000066, -40.183658600000207 ], [ -62.113204960000054, -40.188789370000208 ], [ -62.109169010000073, -40.201580050000231 ], [ -62.097782130000056, -40.199584960000209 ], [ -62.093013760000069, -40.20640182000021 ], [ -62.108772280000061, -40.220001220000206 ], [ -62.131473540000073, -40.178009030000219 ], [ -62.12454987000006, -40.14462662000021 ], [ -62.11650848000005, -40.126937870000226 ], [ -62.110290530000071, -40.124980930000213 ], [ -62.11720657000005, -40.157260890000224 ] ] ], [ [ [ -62.343357090000062, -40.285705570000211 ], [ -62.311237330000061, -40.297943110000212 ], [ -62.321041110000053, -40.30471039000021 ], [ -62.316562650000058, -40.314842220000223 ], [ -62.329795840000074, -40.323604580000222 ], [ -62.328029630000053, -40.341609950000212 ], [ -62.344757080000065, -40.341629030000213 ], [ -62.343357090000062, -40.285705570000211 ] ] ], [ [ [ -62.293281550000067, -40.299877160000214 ], [ -62.264919280000058, -40.29943084000022 ], [ -62.266963960000062, -40.315116880000218 ], [ -62.294624330000062, -40.342514040000211 ], [ -62.312057490000065, -40.34285736000021 ], [ -62.316669460000064, -40.335292820000213 ], [ -62.295856480000054, -40.319763180000223 ], [ -62.293281550000067, -40.299877160000214 ] ] ], [ [ [ -62.256473540000066, -39.864208220000236 ], [ -62.21839905000008, -39.870330810000226 ], [ -62.199310300000064, -39.863319400000215 ], [ -62.189777370000066, -39.873035430000229 ], [ -62.222461700000053, -39.881092070000221 ], [ -62.248500820000068, -39.874191280000218 ], [ -62.256473540000066, -39.864208220000236 ] ] ], [ [ [ -62.159667970000065, -40.019851680000215 ], [ -62.164314270000069, -40.028759000000214 ], [ -62.14973831000006, -40.034885400000221 ], [ -62.119403840000061, -40.025619510000219 ], [ -62.128456120000067, -40.03624344000022 ], [ -62.155620570000053, -40.036933900000221 ], [ -62.168769840000067, -40.027324670000233 ], [ -62.159667970000065, -40.019851680000215 ] ] ], [ [ [ -62.369338990000067, -40.255989070000233 ], [ -62.374675750000058, -40.237430570000207 ], [ -62.357101440000058, -40.233909610000204 ], [ -62.357063290000077, -40.250976560000204 ], [ -62.369338990000067, -40.255989070000233 ] ] ], [ [ [ -62.353603360000065, -40.223064420000213 ], [ -62.342670440000063, -40.207454680000218 ], [ -62.319168090000076, -40.194419860000231 ], [ -62.332969670000061, -40.212684630000204 ], [ -62.353603360000065, -40.223064420000213 ] ] ], [ [ [ -62.157833100000055, -40.446758270000196 ], [ -62.158535, -40.456462860000201 ], [ -62.176700590000074, -40.454364780000212 ], [ -62.157833100000055, -40.446758270000196 ] ] ], [ [ [ -62.118122100000072, -40.401138300000198 ], [ -62.126594540000063, -40.406391140000196 ], [ -62.133148190000057, -40.399032590000211 ], [ -62.121257780000057, -40.395473480000234 ], [ -62.118122100000072, -40.401138300000198 ] ] ], [ [ [ -62.075820920000062, -40.262207030000212 ], [ -62.081829070000062, -40.259487150000211 ], [ -62.074962620000065, -40.245830540000227 ], [ -62.072147370000067, -40.251895900000207 ], [ -62.075820920000062, -40.262207030000212 ] ] ], [ [ [ -62.36772919000007, -40.222404480000229 ], [ -62.369091030000064, -40.214965820000224 ], [ -62.35332870000007, -40.20567703000021 ], [ -62.361705780000079, -40.21862793000021 ], [ -62.36772919000007, -40.222404480000229 ] ] ], [ [ [ -62.364349360000062, -40.357612610000217 ], [ -62.356048580000071, -40.356559750000216 ], [ -62.357067110000067, -40.364261620000221 ], [ -62.364349360000062, -40.357612610000217 ] ] ], [ [ [ -62.113670350000071, -40.386253350000224 ], [ -62.125205990000062, -40.386558530000208 ], [ -62.112323760000073, -40.379386900000213 ], [ -62.113670350000071, -40.386253350000224 ] ] ], [ [ [ -62.35690308000008, -40.218994140000198 ], [ -62.353240970000087, -40.211662290000199 ], [ -62.343383790000061, -40.207073210000225 ], [ -62.346397400000072, -40.211929320000223 ], [ -62.35690308000008, -40.218994140000198 ] ] ], [ [ [ -62.133857730000074, -40.411266320000209 ], [ -62.136020660000057, -40.401885980000209 ], [ -62.134216310000056, -40.400779720000195 ], [ -62.130596160000074, -40.406455990000204 ], [ -62.133857730000074, -40.411266320000209 ] ] ], [ [ [ -62.11548233000007, -39.874881740000227 ], [ -62.123695370000064, -39.881412500000224 ], [ -62.113418580000072, -39.865161900000196 ], [ -62.11548233000007, -39.874881740000227 ] ] ], [ [ [ -62.14963531000005, -39.886608120000211 ], [ -62.149909970000067, -39.891239160000218 ], [ -62.153179170000065, -39.886840820000216 ], [ -62.14963531000005, -39.886608120000211 ] ] ] ] } },
{ "type": "Feature", "properties": { "fid": 144, "gid": 1303, "DEPARTAMENTO": "Coronel de Marina Leonardo Rosales", "PROVINCIA": "Buenos Aires" }, "geometry": { "type": "MultiPolygon", "coordinates": [ [ [ [ -61.727293280000069, -38.644159420000243 ], [ -61.722207, -38.675212000000236 ], [ -61.726915, -38.691053000000224 ], [ -61.715450750000059, -38.714321580000231 ], [ -61.724669, -38.746452000000247 ], [ -61.698761, -38.781423000000238 ], [ -61.691709, -38.80676800000024 ], [ -61.699771, -38.816478000000252 ], [ -61.693487, -38.826158000000227 ], [ -61.673488, -38.834806000000235 ], [ -61.660709, -38.860218000000238 ], [ -61.638436, -38.86419500000023 ], [ -61.626116, -38.878552000000241 ], [ -61.5797, -38.888941000000216 ], [ -61.476432, -38.945051000000234 ], [ -61.45324973000006, -38.93971615000023 ], [ -61.455730340000066, -38.995400790000218 ], [ -61.612869840000059, -39.003649330000258 ], [ -61.66966282000007, -38.989886530000234 ], [ -61.706696750000063, -38.965466120000237 ], [ -61.793321030000058, -38.993013140000251 ], [ -61.81303010000007, -38.992392100000231 ], [ -61.858764530000052, -38.97952457000023 ], [ -61.866476370000065, -38.969040670000226 ], [ -61.993030380000071, -38.945755260000226 ], [ -62.067412330000067, -38.919900040000236 ], [ -62.073408570000062, -38.925111060000233 ], [ -62.075535810000062, -38.905466230000236 ], [ -62.094523910000063, -38.900583580000237 ], [ -62.092896360000054, -38.895401110000229 ], [ -62.100517770000074, -38.904328850000226 ], [ -62.105782330000075, -38.897101230000217 ], [ -62.110847010000064, -38.878003680000219 ], [ -62.104950710000068, -38.870594040000221 ], [ -62.126351580000062, -38.841697860000231 ], [ -62.165912500000061, -38.812045020000241 ], [ -62.181919130000061, -38.817286970000225 ], [ -62.060955, -38.719942000000223 ], [ -62.061985, -38.712333000000228 ], [ -62.030219, -38.714188000000235 ], [ -62.012158, -38.706767000000241 ], [ -61.925669, -38.731246000000219 ], [ -61.847934, -38.665363000000234 ], [ -61.818412, -38.687872000000226 ], [ -61.742364720000062, -38.627210530000241 ], [ -61.727293280000069, -38.644159420000243 ] ] ] ] } },
{ "type": "Feature", "properties": { "fid": 145, "gid": 1304, "DEPARTAMENTO": "Baradero", "PROVINCIA": "Buenos Aires" }, "geometry": { "type": "MultiPolygon", "coordinates": [ [ [ [ -59.393677760000074, -33.736573150000261 ], [ -59.254272460000074, -33.722290040000274 ], [ -59.239807130000067, -33.730102540000267 ], [ -59.235412600000053, -33.739990230000281 ], [ -59.254821780000064, -33.793884280000292 ], [ -59.242309570000067, -33.807495120000283 ], [ -59.222719560000066, -33.813425440000287 ], [ -59.289171, -33.826280000000281 ], [ -59.302739, -33.852853000000273 ], [ -59.240136, -33.896258000000266 ], [ -59.22838, -33.925027000000291 ], [ -59.252089, -33.930507000000276 ], [ -59.260541, -33.941577000000272 ], [ -59.308674, -33.924322000000288 ], [ -59.323587, -33.931175000000273 ], [ -59.340883, -33.925380000000288 ], [ -59.345587, -33.952398000000287 ], [ -59.318808, -34.00981200000026 ], [ -59.319635, -34.023797000000279 ], [ -59.341038, -34.042568000000273 ], [ -59.406464, -34.060950000000254 ], [ -59.395542, -34.074512000000276 ], [ -59.463094, -34.135008000000276 ], [ -59.510907, -34.099400000000273 ], [ -59.543323, -34.15212700000027 ], [ -59.562088, -34.167967000000274 ], [ -59.594586, -34.171730000000274 ], [ -59.627532, -34.158325000000275 ], [ -59.676093, -34.166664310000272 ], [ -59.722274, -34.131070000000278 ], [ -59.706262, -34.109054000000278 ], [ -59.707232, -34.093590000000276 ], [ -59.740386, -34.04847200000026 ], [ -59.754392, -34.013563000000275 ], [ -59.718765, -33.96767500000027 ], [ -59.714557, -33.946081000000277 ], [ -59.685235, -33.932915000000264 ], [ -59.67895, -33.921285000000267 ], [ -59.653019, -33.917206000000277 ], [ -59.628758, -33.878891000000287 ], [ -59.604568, -33.866040000000268 ], [ -59.608462, -33.861718000000295 ], [ -59.598833, -33.847961000000282 ], [ -59.602955, -33.821852000000277 ], [ -59.59001, -33.81694500000026 ], [ -59.592357, -33.794916000000285 ], [ -59.579825, -33.790374000000277 ], [ -59.572434, -33.775721000000289 ], [ -59.510109, -33.77883700000028 ], [ -59.562577, -33.759372000000262 ], [ -59.496304, -33.646053000000286 ], [ -59.489098040000066, -33.643328620000283 ], [ -59.475708010000062, -33.658386230000282 ], [ -59.467773440000059, -33.70428467000027 ], [ -59.456481930000059, -33.719177250000271 ], [ -59.393677760000074, -33.736573150000261 ] ] ] ] } },
{ "type": "Feature", "properties": { "fid": 146, "gid": 1305, "DEPARTAMENTO": "San Pedro", "PROVINCIA": "Buenos Aires" }, "geometry": { "type": "MultiPolygon", "coordinates": [ [ [ [ -59.827921, -33.581359000000269 ], [ -59.778388310000075, -33.606682080000276 ], [ -59.726635030000061, -33.603886210000276 ], [ -59.658909620000053, -33.620036800000271 ], [ -59.636037050000056, -33.642701170000279 ], [ -59.628006370000065, -33.685709920000285 ], [ -59.612777820000055, -33.695168280000267 ], [ -59.590619090000068, -33.687197090000282 ], [ -59.529764370000066, -33.633391530000281 ], [ -59.516736830000049, -33.63083361000028 ], [ -59.489098040000066, -33.643328620000283 ], [ -59.562577, -33.759372000000262 ], [ -59.532613, -33.765950000000288 ], [ -59.510109, -33.77883700000028 ], [ -59.572434, -33.775721000000289 ], [ -59.579825, -33.790374000000277 ], [ -59.592357, -33.794916000000285 ], [ -59.59001, -33.81694500000026 ], [ -59.602955, -33.821852000000277 ], [ -59.598833, -33.847961000000282 ], [ -59.608462, -33.861718000000295 ], [ -59.604568, -33.866040000000268 ], [ -59.628758, -33.878891000000287 ], [ -59.653019, -33.917206000000277 ], [ -59.67895, -33.921285000000267 ], [ -59.685235, -33.932915000000264 ], [ -59.7139, -33.945259000000277 ], [ -59.730117, -33.985423000000274 ], [ -59.779343, -34.01338600000026 ], [ -59.98553, -33.859104000000265 ], [ -60.072709, -33.778856000000268 ], [ -60.051722, -33.761280000000276 ], [ -60.041144, -33.768819000000278 ], [ -59.827921, -33.581359000000269 ] ] ] ] } },
{ "type": "Feature", "properties": { "fid": 147, "gid": 1313, "DEPARTAMENTO": "Florentino Ameghino", "PROVINCIA": "Buenos Aires" }, "geometry": { "type": "MultiPolygon", "coordinates": [ [ [ [ -62.584849, -34.610690000000261 ], [ -62.188183, -34.682722000000254 ], [ -62.263804, -34.743064000000253 ], [ -62.240236, -34.762040000000255 ], [ -62.305054, -34.812823000000257 ], [ -62.28561, -34.813533000000255 ], [ -62.28306, -34.85677300000026 ], [ -62.22259, -34.85478500000027 ], [ -62.220666, -34.891339000000265 ], [ -62.205554, -34.890125000000261 ], [ -62.185201, -34.917797000000249 ], [ -62.104559, -34.98468900000028 ], [ -62.185372, -35.050700000000255 ], [ -62.166223, -35.067128000000274 ], [ -62.285185, -35.16381900000026 ], [ -62.471445, -35.010657000000258 ], [ -62.548554, -35.073872000000257 ], [ -62.642162, -34.996989000000269 ], [ -62.606722, -34.996710000000242 ], [ -62.622173, -34.632497000000264 ], [ -62.59472, -34.65018800000027 ], [ -62.584849, -34.610690000000261 ] ] ] ] } },
{ "type": "Feature", "properties": { "fid": 148, "gid": 1320, "DEPARTAMENTO": "Lanús", "PROVINCIA": "Buenos Aires" }, "geometry": { "type": "MultiPolygon", "coordinates": [ [ [ [ -58.408450860000059, -34.660135500000273 ], [ -58.333505, -34.726984000000279 ], [ -58.347314440000048, -34.739840100000286 ], [ -58.366679, -34.745552000000266 ], [ -58.413453, -34.732627000000285 ], [ -58.446915440000055, -34.688776580000294 ], [ -58.423859450000052, -34.662299510000274 ], [ -58.408450860000059, -34.660135500000273 ] ] ] ] } },
{ "type": "Feature", "properties": { "fid": 149, "gid": 1321, "DEPARTAMENTO": "Lomas de Zamora", "PROVINCIA": "Buenos Aires" }, "geometry": { "type": "MultiPolygon", "coordinates": [ [ [ [ -58.446915440000055, -34.688776580000294 ], [ -58.413269, -34.732865000000267 ], [ -58.366679, -34.745552000000266 ], [ -58.346962, -34.73934400000028 ], [ -58.33663877000005, -34.754401320000262 ], [ -58.430528180000053, -34.81724804000028 ], [ -58.500797130000052, -34.722991550000266 ], [ -58.483901980000049, -34.732135770000291 ], [ -58.446915440000055, -34.688776580000294 ] ] ] ] } },
{ "type": "Feature", "properties": { "fid": 150, "gid": 1322, "DEPARTAMENTO": "Avellaneda", "PROVINCIA": "Buenos Aires" }, "geometry": { "type": "MultiPolygon", "coordinates": [ [ [ [ -58.338380530000066, -34.633575970000273 ], [ -58.327607670000056, -34.649496070000275 ], [ -58.279639240000051, -34.678641550000286 ], [ -58.333505, -34.726984000000279 ], [ -58.406505, -34.663512000000267 ], [ -58.374051700000059, -34.657193790000271 ], [ -58.35205384000006, -34.635477800000274 ], [ -58.338380530000066, -34.633575970000273 ] ] ] ] } },
{ "type": "Feature", "properties": { "fid": 152, "gid": 1329, "DEPARTAMENTO": "La Plata", "PROVINCIA": "Buenos Aires" }, "geometry": { "type": "MultiPolygon", "coordinates": [ [ [ [ -58.083632, -34.83514500000026 ], [ -57.984024, -34.880327000000278 ], [ -57.974604, -34.872367000000281 ], [ -57.895903, -34.930436000000277 ], [ -57.803312, -34.964184000000287 ], [ -57.770753, -34.957030000000287 ], [ -57.752354960000069, -34.970662930000273 ], [ -58.054086, -35.236827000000261 ], [ -58.077531, -35.220003000000254 ], [ -58.018072, -35.168111000000266 ], [ -58.101843, -35.10117700000027 ], [ -58.11005088000006, -35.108428290000262 ], [ -58.177251300000059, -35.057152090000272 ], [ -58.12038, -35.004379000000263 ], [ -58.161419, -34.971845000000265 ], [ -58.246487, -35.048357000000294 ], [ -58.288397930000066, -35.017265130000261 ], [ -58.245642, -34.987956000000274 ], [ -58.203636, -34.945245000000263 ], [ -58.207968, -34.941983000000263 ], [ -58.083632, -34.83514500000026 ] ] ], [ [ [ -58.248006790000048, -34.174938730000278 ], [ -58.243062350000066, -34.186941180000275 ], [ -58.25498610000006, -34.190455540000286 ], [ -58.258266260000056, -34.181705960000286 ], [ -58.248006790000048, -34.174938730000278 ] ] ] ] } },
{ "type": "Feature", "properties": { "fid": 153, "gid": 1346, "DEPARTAMENTO": "Pila", "PROVINCIA": "Buenos Aires" }, "geometry": { "type": "MultiPolygon", "coordinates": [ [ [ [ -58.23406, -35.827025000000262 ], [ -58.222413, -35.81943600000028 ], [ -58.204319, -35.825715000000244 ], [ -58.204317, -35.838745000000273 ], [ -58.185232, -35.863478000000271 ], [ -58.147228, -35.866575000000253 ], [ -58.142594, -35.879181000000266 ], [ -58.148481, -35.886026000000257 ], [ -58.13551, -35.895957000000266 ], [ -58.137536430000061, -35.905452460000276 ], [ -58.120931, -35.918891000000265 ], [ -58.102518, -35.921674000000266 ], [ -58.111201, -35.933429000000245 ], [ -58.090674, -35.939232000000253 ], [ -58.09209, -35.949852000000263 ], [ -58.013927, -35.948050000000258 ], [ -58.008142, -35.960545000000273 ], [ -58.034742, -36.002286000000275 ], [ -58.033108, -36.014475000000253 ], [ -58.012325, -36.04218900000027 ], [ -57.966803, -36.064632000000273 ], [ -58.041205, -36.126295000000269 ], [ -58.052194, -36.118687000000257 ], [ -58.093219, -36.154813000000246 ], [ -57.959721, -36.252922000000268 ], [ -58.189420540000057, -36.452360580000246 ], [ -58.101463270000053, -36.52129391000026 ], [ -58.213063720000058, -36.615489340000259 ], [ -58.579097, -36.347371000000251 ], [ -58.597506460000055, -36.363678970000251 ], [ -58.781514, -36.226881000000262 ], [ -58.763092, -36.208308000000265 ], [ -58.841322360000063, -36.141395060000271 ], [ -58.828857, -36.110816000000256 ], [ -58.809197, -36.105666000000269 ], [ -58.70753, -36.017280000000248 ], [ -58.571854, -36.120966000000266 ], [ -58.328909, -35.899749000000263 ], [ -58.271799, -35.858634000000265 ], [ -58.275211, -35.846463000000249 ], [ -58.263821, -35.823052000000239 ], [ -58.24933, -35.818802000000275 ], [ -58.23406, -35.827025000000262 ] ] ] ] } },
{ "type": "Feature", "properties": { "fid": 154, "gid": 1369, "DEPARTAMENTO": "Victoria", "PROVINCIA": "Entre Rios" }, "geometry": { "type": "MultiPolygon", "coordinates": [ [ [ [ -60.189742050000085, -32.233977930000286 ], [ -60.177239340000085, -32.242115540000277 ], [ -60.190415200000054, -32.268962660000284 ], [ -60.16663748000007, -32.27155338000027 ], [ -60.164706540000061, -32.264789290000301 ], [ -60.14542564000007, -32.274577290000259 ], [ -60.131834180000055, -32.268627540000274 ], [ -60.11718538000008, -32.302147680000289 ], [ -60.084216500000075, -32.315894290000273 ], [ -60.046944430000075, -32.350962730000269 ], [ -60.03247827000007, -32.376309060000281 ], [ -60.037530120000064, -32.388878650000294 ], [ -60.032951530000069, -32.384988070000283 ], [ -59.977458490000068, -32.421432400000263 ], [ -60.000197350000064, -32.453100840000289 ], [ -59.992803, -32.482886520000278 ], [ -60.000080450000063, -32.491147040000286 ], [ -59.978713760000062, -32.492782830000273 ], [ -59.942976030000061, -32.521615790000283 ], [ -59.876741650000064, -32.52569977000028 ], [ -59.848697320000063, -32.538365610000291 ], [ -59.816389020000067, -32.53507831000028 ], [ -59.806006430000053, -32.546391490000268 ], [ -59.787599730000061, -32.542375390000274 ], [ -59.778674410000072, -32.54786471000029 ], [ -59.771803080000076, -32.590488330000284 ], [ -59.785716430000079, -32.601909750000267 ], [ -59.780935840000083, -32.614138860000288 ], [ -59.79318724000008, -32.620251440000281 ], [ -59.787349840000076, -32.62510982000029 ], [ -59.797355650000057, -32.627364080000291 ], [ -59.798777730000062, -32.642087430000274 ], [ -59.777040860000078, -32.662602620000285 ], [ -59.783683330000073, -32.670941240000282 ], [ -59.779055140000075, -32.698027150000279 ], [ -59.789652980000056, -32.710518610000278 ], [ -59.780736890000057, -32.729981500000306 ], [ -59.794769530000075, -32.736669010000298 ], [ -59.795175580000063, -32.766046730000291 ], [ -59.81120751000006, -32.798359230000294 ], [ -59.845726900000074, -32.824048810000257 ], [ -59.851126550000053, -32.833508630000296 ], [ -59.844823510000076, -32.838669380000283 ], [ -59.858290470000064, -32.839158660000287 ], [ -59.857480930000079, -32.849761500000277 ], [ -59.864972300000062, -32.853166460000288 ], [ -59.857230120000054, -32.868512580000271 ], [ -59.871962820000064, -32.888922640000295 ], [ -59.868524710000059, -32.900337770000277 ], [ -59.837265310000085, -32.912925100000287 ], [ -59.83577140000007, -32.932623200000279 ], [ -59.856523640000077, -32.937680930000283 ], [ -59.877818040000072, -32.927676090000276 ], [ -59.904652160000069, -32.930831520000275 ], [ -59.933147560000073, -32.903657440000288 ], [ -59.955699600000067, -32.898872150000287 ], [ -60.007693420000066, -32.931615290000288 ], [ -60.023998930000069, -32.95073652000027 ], [ -60.015637210000058, -32.975447820000277 ], [ -59.977657620000073, -32.967804010000279 ], [ -59.982365090000066, -32.991885150000279 ], [ -60.006783680000069, -32.997946060000274 ], [ -60.035944280000066, -32.988061030000274 ], [ -60.045939080000061, -32.994921420000281 ], [ -60.038349150000066, -33.009402120000281 ], [ -60.020353440000065, -33.01779787000028 ], [ -59.996495110000062, -33.020716660000275 ], [ -59.975612370000086, -33.01105754000028 ], [ -59.965171640000065, -33.029944600000285 ], [ -59.96732164000008, -33.007829700000279 ], [ -59.957831130000066, -33.006977500000275 ], [ -59.938422420000073, -33.040115860000277 ], [ -59.922964960000066, -33.028774190000277 ], [ -59.887185530000068, -33.043978900000305 ], [ -59.877078040000072, -33.071940970000277 ], [ -59.851490800000064, -33.100459890000273 ], [ -59.837620190000059, -33.095773600000278 ], [ -59.839393720000061, -33.077616580000267 ], [ -59.823920310000062, -33.07454060000029 ], [ -59.808495090000079, -33.097436470000297 ], [ -59.806981030000067, -33.125139290000284 ], [ -59.770988270000061, -33.129299530000296 ], [ -59.769354570000068, -33.145263330000283 ], [ -59.782181390000069, -33.165427480000282 ], [ -59.802982940000064, -33.173661250000279 ], [ -59.821494380000061, -33.20196124000028 ], [ -59.819812760000055, -33.215197580000279 ], [ -59.793169060000068, -33.242545400000274 ], [ -59.840214960000075, -33.273183140000292 ], [ -59.884546900000061, -33.265005870000273 ], [ -59.887088460000079, -33.237842000000278 ], [ -59.904207940000084, -33.222171550000269 ], [ -59.911685050000074, -33.236499440000287 ], [ -59.900905760000057, -33.268711750000286 ], [ -59.908864790000081, -33.27770096000026 ], [ -59.940787850000063, -33.276819820000277 ], [ -59.941298410000051, -33.244936470000276 ], [ -59.951079390000061, -33.237769420000276 ], [ -60.016853310000073, -33.284508900000269 ], [ -60.027597860000071, -33.272699870000281 ], [ -60.024590590000059, -33.24969177000029 ], [ -60.03600826000006, -33.22952605000026 ], [ -60.056502330000072, -33.235123800000274 ], [ -60.035056940000061, -33.245537220000273 ], [ -60.069287790000061, -33.257402410000275 ], [ -60.120379220000061, -33.219582890000275 ], [ -60.15091209000007, -33.231571770000286 ], [ -60.146088270000064, -33.252309600000281 ], [ -60.169561960000067, -33.25567023000027 ], [ -60.182246560000081, -33.24821865000029 ], [ -60.183616150000084, -33.228239360000273 ], [ -60.198229860000069, -33.222809640000264 ], [ -60.212631630000075, -33.232589060000279 ], [ -60.220062340000062, -33.255444200000284 ], [ -60.232594820000074, -33.238267850000291 ], [ -60.234859110000066, -33.212870950000287 ], [ -60.306394690000069, -33.18208382000028 ], [ -60.335662060000068, -33.176849010000268 ], [ -60.398003940000059, -33.18684274000028 ], [ -60.513183590000061, -33.112915040000296 ], [ -60.55438232000008, -33.053588870000269 ], [ -60.605492930000061, -32.999817110000279 ], [ -60.620245590000067, -32.947944860000284 ], [ -60.676208500000072, -32.899597170000291 ], [ -60.681397740000072, -32.871564170000291 ], [ -60.664979460000062, -32.855145890000287 ], [ -60.658874510000082, -32.831176760000275 ], [ -60.694274900000067, -32.805603030000285 ], [ -60.716003420000071, -32.773620600000278 ], [ -60.725857210000058, -32.663723190000283 ], [ -60.710738740000075, -32.662417310000279 ], [ -60.683973690000066, -32.67988330000027 ], [ -60.670367310000067, -32.659447520000292 ], [ -60.669368880000079, -32.63008241000027 ], [ -60.651931800000064, -32.626916130000282 ], [ -60.626378280000068, -32.640808160000283 ], [ -60.60819582000007, -32.640731400000277 ], [ -60.563548770000068, -32.615053190000282 ], [ -60.559758010000067, -32.642304260000294 ], [ -60.557323810000078, -32.616677750000271 ], [ -60.538540730000058, -32.619806720000284 ], [ -60.514690870000074, -32.608883870000277 ], [ -60.519346550000073, -32.602023460000268 ], [ -60.510844950000077, -32.591422480000297 ], [ -60.52342006000007, -32.582539710000269 ], [ -60.520521940000059, -32.575115090000267 ], [ -60.531311230000064, -32.573976670000278 ], [ -60.525870430000055, -32.563115090000274 ], [ -60.534662700000062, -32.536629060000273 ], [ -60.528566600000083, -32.528743260000283 ], [ -60.542037010000072, -32.526109150000295 ], [ -60.526593040000073, -32.517175970000295 ], [ -60.524062450000073, -32.536410240000293 ], [ -60.518140440000074, -32.530582590000286 ], [ -60.511397710000061, -32.537681660000302 ], [ -60.524982100000067, -32.545659710000287 ], [ -60.516095970000073, -32.552244560000297 ], [ -60.48183576000006, -32.543746980000279 ], [ -60.473929960000071, -32.531718250000289 ], [ -60.483248380000063, -32.524611190000279 ], [ -60.474199820000081, -32.525478840000289 ], [ -60.469109950000075, -32.516567620000274 ], [ -60.481012460000073, -32.519097080000279 ], [ -60.480638280000072, -32.51275329000029 ], [ -60.47065223000007, -32.512523990000275 ], [ -60.479241710000061, -32.506157010000294 ], [ -60.469704870000065, -32.504900430000291 ], [ -60.477636100000069, -32.490973000000274 ], [ -60.449959260000078, -32.482603990000271 ], [ -60.448581490000066, -32.458093790000277 ], [ -60.458873290000078, -32.440288800000289 ], [ -60.442253260000065, -32.431842900000291 ], [ -60.441228420000073, -32.443288680000293 ], [ -60.416415280000088, -32.442603600000268 ], [ -60.397486390000076, -32.427168910000276 ], [ -60.399429860000069, -32.401516420000284 ], [ -60.425970370000087, -32.38573104000028 ], [ -60.442007060000073, -32.340022200000277 ], [ -60.422598570000069, -32.302295170000292 ], [ -60.390097310000073, -32.290535890000278 ], [ -60.336472010000065, -32.298299790000272 ], [ -60.278489650000068, -32.245887940000287 ], [ -60.279716590000085, -32.232553620000303 ], [ -60.173903260000053, -32.218544920000284 ], [ -60.189742050000085, -32.233977930000286 ] ] ] ] } },
{ "type": "Feature", "properties": { "fid": 155, "gid": 1370, "DEPARTAMENTO": "Gualeguay", "PROVINCIA": "Entre Rios" }, "geometry": { "type": "MultiPolygon", "coordinates": [ [ [ [ -59.178861200000057, -33.746029440000271 ], [ -59.171144810000072, -33.808063810000277 ], [ -59.218811030000047, -33.814697270000295 ], [ -59.24890137000007, -33.803405760000281 ], [ -59.254882810000062, -33.785888670000261 ], [ -59.235412600000053, -33.739990230000281 ], [ -59.254272460000074, -33.722290040000274 ], [ -59.392700190000063, -33.736694340000277 ], [ -59.44897461000005, -33.724487300000277 ], [ -59.467773440000059, -33.70428467000027 ], [ -59.479309080000064, -33.652893070000268 ], [ -59.516736830000049, -33.63083361000028 ], [ -59.543000130000053, -33.640648880000278 ], [ -59.596627230000074, -33.691123200000277 ], [ -59.620749020000055, -33.692104730000267 ], [ -59.634163230000063, -33.671879310000278 ], [ -59.636037050000056, -33.642701170000279 ], [ -59.656411190000064, -33.621672680000266 ], [ -59.726635030000061, -33.603886210000276 ], [ -59.772588370000058, -33.607961040000262 ], [ -59.80358085000006, -33.595558100000289 ], [ -59.811016670000072, -33.584939750000274 ], [ -59.809529500000053, -33.551657040000272 ], [ -59.828743650000057, -33.524620410000281 ], [ -59.894743950000063, -33.510284160000289 ], [ -59.933005690000066, -33.474890830000277 ], [ -59.999392650000061, -33.470131910000269 ], [ -60.044840360000073, -33.44752703000028 ], [ -60.072204160000062, -33.424684200000279 ], [ -60.087097170000078, -33.394409180000281 ], [ -60.11108398000006, -33.372985840000297 ], [ -60.169616700000077, -33.348999020000278 ], [ -60.200683590000068, -33.29217529000028 ], [ -60.297828630000076, -33.242284180000283 ], [ -60.298780420000085, -33.226579740000282 ], [ -60.284503650000062, -33.20992351000028 ], [ -60.293190120000062, -33.192811720000286 ], [ -60.234859110000066, -33.212870950000287 ], [ -60.232594820000074, -33.238267850000291 ], [ -60.220062340000062, -33.255444200000284 ], [ -60.212631630000075, -33.232589060000279 ], [ -60.198229860000069, -33.222809640000264 ], [ -60.183616150000084, -33.228239360000273 ], [ -60.182246560000081, -33.24821865000029 ], [ -60.169561960000067, -33.25567023000027 ], [ -60.146088270000064, -33.252309600000281 ], [ -60.15091209000007, -33.231571770000286 ], [ -60.120379220000061, -33.219582890000275 ], [ -60.069287790000061, -33.257402410000275 ], [ -60.035056940000061, -33.245537220000273 ], [ -60.056502330000072, -33.235123800000274 ], [ -60.03600826000006, -33.22952605000026 ], [ -60.024590590000059, -33.24969177000029 ], [ -60.027597860000071, -33.272699870000281 ], [ -60.016853310000073, -33.284508900000269 ], [ -59.951079390000061, -33.237769420000276 ], [ -59.941298410000051, -33.244936470000276 ], [ -59.940787850000063, -33.276819820000277 ], [ -59.908864790000081, -33.27770096000026 ], [ -59.900905760000057, -33.268711750000286 ], [ -59.910527200000068, -33.244795530000268 ], [ -59.907650740000065, -33.222422380000289 ], [ -59.887088460000079, -33.237842000000278 ], [ -59.884546900000061, -33.265005870000273 ], [ -59.857686560000062, -33.273391190000275 ], [ -59.834920220000072, -33.271326370000274 ], [ -59.793169060000068, -33.242545400000274 ], [ -59.819812760000055, -33.215197580000279 ], [ -59.821494380000061, -33.20196124000028 ], [ -59.802982940000064, -33.173661250000279 ], [ -59.78475030000007, -33.169089780000284 ], [ -59.767835420000068, -33.136196610000276 ], [ -59.780040540000073, -33.123308670000284 ], [ -59.806981030000067, -33.125139290000284 ], [ -59.816672070000067, -33.079167610000283 ], [ -59.837049470000061, -33.075710810000281 ], [ -59.837620190000059, -33.095773600000278 ], [ -59.848096470000065, -33.102112560000272 ], [ -59.877078040000072, -33.071940970000277 ], [ -59.891987760000077, -33.040915710000284 ], [ -59.922964960000066, -33.028774190000277 ], [ -59.938422420000073, -33.040115860000277 ], [ -59.960253170000065, -33.006105420000281 ], [ -59.967764380000062, -33.00942581000028 ], [ -59.964090900000066, -33.02989803000029 ], [ -59.977739050000061, -33.010526140000295 ], [ -59.996495110000062, -33.020716660000275 ], [ -60.020353440000065, -33.01779787000028 ], [ -60.038349150000066, -33.009402120000281 ], [ -60.045939080000061, -32.994921420000281 ], [ -60.035944280000066, -32.988061030000274 ], [ -60.006783680000069, -32.997946060000274 ], [ -59.982365090000066, -32.991885150000279 ], [ -59.977657620000073, -32.967804010000279 ], [ -60.015637210000058, -32.975447820000277 ], [ -60.023998930000069, -32.95073652000027 ], [ -60.007693420000066, -32.931615290000288 ], [ -59.955699600000067, -32.898872150000287 ], [ -59.933147560000073, -32.903657440000288 ], [ -59.904652160000069, -32.930831520000275 ], [ -59.877818040000072, -32.927676090000276 ], [ -59.856523640000077, -32.937680930000283 ], [ -59.83577140000007, -32.932623200000279 ], [ -59.837265310000085, -32.912925100000287 ], [ -59.868524710000059, -32.900337770000277 ], [ -59.871962820000064, -32.888922640000295 ], [ -59.857230120000054, -32.868512580000271 ], [ -59.864972300000062, -32.853166460000288 ], [ -59.857480930000079, -32.849761500000277 ], [ -59.858290470000064, -32.839158660000287 ], [ -59.844823510000076, -32.838669380000283 ], [ -59.851126550000053, -32.833508630000296 ], [ -59.845726900000074, -32.824048810000257 ], [ -59.81120751000006, -32.798359230000294 ], [ -59.795175580000063, -32.766046730000291 ], [ -59.794769530000075, -32.736669010000298 ], [ -59.780736890000057, -32.729981500000306 ], [ -59.789652980000056, -32.710518610000278 ], [ -59.779055140000075, -32.698027150000279 ], [ -59.783683330000073, -32.670941240000282 ], [ -59.777040860000078, -32.662602620000285 ], [ -59.798777730000062, -32.642087430000274 ], [ -59.797355650000057, -32.627364080000291 ], [ -59.787349840000076, -32.62510982000029 ], [ -59.79318724000008, -32.620251440000281 ], [ -59.780935840000083, -32.614138860000288 ], [ -59.785716430000079, -32.601909750000267 ], [ -59.771867280000066, -32.58792737000028 ], [ -59.753801730000063, -32.581625960000274 ], [ -59.704726, -32.610321300000308 ], [ -59.658565650000064, -32.613051060000288 ], [ -59.648205100000069, -32.620682490000277 ], [ -59.637999860000072, -32.615270400000284 ], [ -59.607698620000065, -32.632689780000298 ], [ -59.599029990000055, -32.603454500000261 ], [ -59.60540759000007, -32.597013320000293 ], [ -59.601698030000065, -32.552047670000292 ], [ -59.461763970000071, -32.553269320000268 ], [ -59.405000130000055, -32.599504900000269 ], [ -59.417235640000079, -32.628072980000276 ], [ -59.414884780000051, -32.639822170000294 ], [ -59.269828910000051, -32.677489880000287 ], [ -59.272890770000053, -32.681953290000287 ], [ -59.22760262000007, -32.699392600000294 ], [ -59.144882570000071, -32.712611360000267 ], [ -59.127980260000065, -32.725767110000284 ], [ -59.136332500000066, -32.733605450000304 ], [ -59.135567880000067, -32.750100230000285 ], [ -59.112062710000053, -32.75043272000029 ], [ -59.123142830000077, -32.767646970000293 ], [ -59.114610070000062, -32.773888910000267 ], [ -59.131611740000046, -32.776807770000282 ], [ -59.114933100000066, -32.806644040000293 ], [ -59.132864620000063, -32.812704390000277 ], [ -59.142209880000074, -32.82586326000029 ], [ -59.125012970000064, -32.83551645000027 ], [ -59.127201330000069, -32.848630010000278 ], [ -59.142536350000071, -32.848823600000287 ], [ -59.147043850000053, -32.873718220000292 ], [ -59.162452050000063, -32.873883810000294 ], [ -59.153105670000059, -32.88281180000029 ], [ -59.152606650000074, -32.906474150000292 ], [ -59.142090380000056, -32.911965440000287 ], [ -59.187916890000061, -32.934945110000292 ], [ -59.191958860000071, -32.958703020000279 ], [ -59.202783410000066, -32.961919900000275 ], [ -59.196646610000059, -32.967789030000269 ], [ -59.201129390000069, -32.985988190000285 ], [ -59.212005570000059, -32.980222930000274 ], [ -59.219145270000055, -32.98595323000027 ], [ -59.219254320000069, -32.995750620000287 ], [ -59.231393090000047, -33.005169760000285 ], [ -59.225637960000071, -33.019821890000301 ], [ -59.236998210000074, -33.021916620000283 ], [ -59.234603330000056, -33.034234850000281 ], [ -59.252311040000052, -33.04356892000029 ], [ -59.249414750000064, -33.054864730000304 ], [ -59.266547030000062, -33.059952260000259 ], [ -59.262699600000055, -33.077169430000282 ], [ -59.273318200000062, -33.078921320000276 ], [ -59.277600940000063, -33.091359130000285 ], [ -59.270617010000059, -33.104854160000265 ], [ -59.259078490000064, -33.107579390000282 ], [ -59.270950310000067, -33.112654100000292 ], [ -59.268126040000055, -33.118207950000276 ], [ -59.251481940000055, -33.116822180000284 ], [ -59.257811850000067, -33.12870908000027 ], [ -59.278460890000055, -33.134952800000285 ], [ -59.295959600000067, -33.169868500000298 ], [ -59.308607500000051, -33.177998770000293 ], [ -59.297578980000054, -33.177409690000268 ], [ -59.297455670000069, -33.186850860000263 ], [ -59.308661310000076, -33.189083170000281 ], [ -59.321875100000071, -33.177703650000282 ], [ -59.336986060000072, -33.183413920000291 ], [ -59.313653970000061, -33.200408910000277 ], [ -59.313990560000057, -33.208071010000268 ], [ -59.323277170000068, -33.201959340000265 ], [ -59.342749410000053, -33.205347710000275 ], [ -59.335983480000067, -33.228825780000285 ], [ -59.358343430000048, -33.23053744000029 ], [ -59.364373330000063, -33.223107370000271 ], [ -59.388845670000073, -33.231598560000293 ], [ -59.415860690000066, -33.212882450000265 ], [ -59.423983220000068, -33.228078120000291 ], [ -59.465779230000045, -33.221113640000269 ], [ -59.49787718000006, -33.225840500000274 ], [ -59.515865440000056, -33.2141538400003 ], [ -59.522372990000065, -33.198385820000276 ], [ -59.547998310000061, -33.197287450000289 ], [ -59.565971900000065, -33.206121480000277 ], [ -59.645010620000086, -33.298434110000294 ], [ -59.631574760000049, -33.321030640000281 ], [ -59.608293460000063, -33.326240230000288 ], [ -59.631292970000047, -33.340839340000294 ], [ -59.621937320000065, -33.356924350000291 ], [ -59.584246330000056, -33.372474190000268 ], [ -59.540359370000061, -33.378043230000287 ], [ -59.540741950000061, -33.406521620000284 ], [ -59.52740625000007, -33.432934960000289 ], [ -59.430871600000067, -33.461106150000269 ], [ -59.41069949000007, -33.489737070000281 ], [ -59.385229960000061, -33.508826270000277 ], [ -59.364827230000067, -33.542509110000275 ], [ -59.320592350000069, -33.543042320000268 ], [ -59.305550480000065, -33.595035120000261 ], [ -59.259598970000063, -33.63739197000028 ], [ -59.235193530000068, -33.710490330000283 ], [ -59.178861200000057, -33.746029440000271 ] ] ] ] } },
{ "type": "Feature", "properties": { "fid": 162, "gid": 1425, "DEPARTAMENTO": "Constitución", "PROVINCIA": "Santa Fe" }, "geometry": { "type": "MultiPolygon", "coordinates": [ [ [ [ -60.342871450000068, -33.177899940000266 ], [ -60.310915670000071, -33.180418200000268 ], [ -60.288310790000075, -33.197550320000282 ], [ -60.284503650000062, -33.20992351000028 ], [ -60.298780420000085, -33.226579740000282 ], [ -60.297828630000076, -33.242284180000283 ], [ -60.259537430000073, -33.261850250000279 ], [ -60.252392440000072, -33.275415070000271 ], [ -60.267107030000062, -33.265935300000294 ], [ -60.272714110000081, -33.263863100000279 ], [ -60.264612040000067, -33.281316450000283 ], [ -60.289284270000067, -33.321728780000285 ], [ -60.323962710000075, -33.35075255000028 ], [ -60.321702600000066, -33.373739530000279 ], [ -60.335287770000079, -33.412104540000271 ], [ -60.410217, -33.467886240000276 ], [ -60.423840670000068, -33.528428890000271 ], [ -60.41383140000007, -33.545011710000267 ], [ -60.423679990000061, -33.563749970000288 ], [ -60.440619370000071, -33.567361990000286 ], [ -60.457380290000074, -33.58235973000027 ], [ -60.462531830000081, -33.63395834000027 ], [ -60.523331820000067, -33.648730040000274 ], [ -60.556948840000054, -33.646598040000264 ], [ -60.587418740000054, -33.631059350000278 ], [ -60.619920400000076, -33.628343790000272 ], [ -60.664800740000068, -33.592322450000275 ], [ -60.684582250000062, -33.585156580000273 ], [ -60.755586250000057, -33.58795147000027 ], [ -60.781950670000064, -33.578969000000271 ], [ -60.818249350000073, -33.54029324000026 ], [ -60.861336630000068, -33.54633231000026 ], [ -60.918108190000069, -33.588370250000281 ], [ -60.921855930000063, -33.637121660000261 ], [ -60.934033210000088, -33.654726660000286 ], [ -61.125073370000067, -33.833904080000273 ], [ -61.165091230000073, -33.794831360000288 ], [ -61.153352590000083, -33.789970840000272 ], [ -61.416339200000095, -33.450774030000268 ], [ -61.347070150000079, -33.41313645000028 ], [ -61.383046860000057, -33.366720300000274 ], [ -61.313775280000087, -33.329099450000271 ], [ -61.188830060000072, -33.491636890000258 ], [ -61.074982, -33.41906255000027 ], [ -61.066805460000083, -33.429350710000278 ], [ -61.045666970000063, -33.413021890000287 ], [ -60.987466130000058, -33.393344150000281 ], [ -60.977192850000087, -33.378269290000269 ], [ -60.933737450000059, -33.356894410000301 ], [ -60.894591520000084, -33.293722970000275 ], [ -60.860412500000088, -33.287615820000283 ], [ -60.815052480000077, -33.265896990000279 ], [ -60.791338710000062, -33.275160710000272 ], [ -60.761207960000064, -33.310188770000288 ], [ -60.739166030000057, -33.314348050000284 ], [ -60.711270660000068, -33.307429230000281 ], [ -60.701228810000067, -33.325355740000276 ], [ -60.682586700000073, -33.335392000000283 ], [ -60.656581910000064, -33.339012110000276 ], [ -60.61566082000008, -33.359495210000276 ], [ -60.579740140000055, -33.361916370000294 ], [ -60.533539040000079, -33.339094840000293 ], [ -60.511898920000071, -33.324145000000279 ], [ -60.513183, -33.31780964000027 ], [ -60.49148244000007, -33.315079370000277 ], [ -60.46021865000008, -33.271743240000291 ], [ -60.45912155000007, -33.257356690000286 ], [ -60.414788210000076, -33.221842170000286 ], [ -60.402572290000073, -33.202740990000265 ], [ -60.333284280000079, -33.214565260000278 ], [ -60.345019720000074, -33.191708690000269 ], [ -60.342871450000068, -33.177899940000266 ] ] ] ] } },
{ "type": "Feature", "properties": { "fid": 163, "gid": 1426, "DEPARTAMENTO": "Rosario", "PROVINCIA": "Santa Fe" }, "geometry": { "type": "MultiPolygon", "coordinates": [ [ [ [ -60.84262754000008, -32.820310100000277 ], [ -60.818615020000081, -32.834682540000273 ], [ -60.809076290000078, -32.829416810000289 ], [ -60.781805700000071, -32.832781830000286 ], [ -60.78152878000008, -32.838694430000281 ], [ -60.658922230000073, -32.833918050000278 ], [ -60.664979460000062, -32.855145890000287 ], [ -60.681397740000072, -32.871564170000291 ], [ -60.676208500000072, -32.899597170000291 ], [ -60.620245590000067, -32.947944860000284 ], [ -60.605492930000061, -32.999817110000279 ], [ -60.55438232000008, -33.053588870000269 ], [ -60.513183590000061, -33.112915040000296 ], [ -60.398003940000059, -33.18684274000028 ], [ -60.342868640000056, -33.177889200000287 ], [ -60.345019720000074, -33.191708690000269 ], [ -60.333284280000079, -33.214565260000278 ], [ -60.402572290000073, -33.202740990000265 ], [ -60.414788210000076, -33.221842170000286 ], [ -60.45912155000007, -33.257356690000286 ], [ -60.46021865000008, -33.271743240000291 ], [ -60.49148244000007, -33.315079370000277 ], [ -60.513183, -33.31780964000027 ], [ -60.511898920000071, -33.324145000000279 ], [ -60.533539040000079, -33.339094840000293 ], [ -60.579740140000055, -33.361916370000294 ], [ -60.61566082000008, -33.359495210000276 ], [ -60.656581910000064, -33.339012110000276 ], [ -60.682586700000073, -33.335392000000283 ], [ -60.701228810000067, -33.325355740000276 ], [ -60.711270660000068, -33.307429230000281 ], [ -60.739166030000057, -33.314348050000284 ], [ -60.761207960000064, -33.310188770000288 ], [ -60.804320070000081, -33.266003220000286 ], [ -60.830029640000078, -33.270058060000281 ], [ -60.860412500000088, -33.287615820000283 ], [ -60.888983590000088, -33.290069310000277 ], [ -60.906879080000074, -33.306232080000278 ], [ -60.924132900000075, -33.339699390000277 ], [ -61.001606370000054, -33.24739837000029 ], [ -60.982051910000067, -33.245019510000283 ], [ -60.995771010000063, -33.232400350000262 ], [ -60.981654390000088, -33.192175930000275 ], [ -60.945904710000079, -33.201051750000268 ], [ -60.942506320000071, -33.155510030000272 ], [ -60.880255990000066, -33.123829020000287 ], [ -60.912248360000078, -33.094601700000283 ], [ -60.905300080000067, -33.090715440000253 ], [ -60.916819040000064, -33.075271020000272 ], [ -60.901575450000074, -33.06682407000028 ], [ -60.914092510000089, -33.049292340000292 ], [ -60.960650900000068, -33.074039500000289 ], [ -60.99125585000008, -33.033290880000258 ], [ -60.969834950000063, -33.02193688000029 ], [ -60.97331829000008, -33.01746459000028 ], [ -60.938330240000063, -33.017820560000253 ], [ -60.958281830000068, -32.991250180000286 ], [ -60.968174340000083, -32.995258220000267 ], [ -60.97498901000008, -32.986544720000289 ], [ -60.967759420000064, -32.982700710000294 ], [ -61.00858171000008, -32.929868760000268 ], [ -60.877934540000062, -32.953259330000286 ], [ -60.861073370000071, -32.885541930000286 ], [ -60.845611940000055, -32.877036290000277 ], [ -60.873948170000084, -32.840184030000295 ], [ -60.84262754000008, -32.820310100000277 ] ] ] ] } },
{ "type": "Feature", "properties": { "fid": 164, "gid": 1427, "DEPARTAMENTO": "Iriondo", "PROVINCIA": "Santa Fe" }, "geometry": { "type": "MultiPolygon", "coordinates": [ [ [ [ -61.437686360000079, -32.393799720000274 ], [ -61.192762150000078, -32.438846850000289 ], [ -61.19091119000008, -32.431430780000284 ], [ -60.896685550000079, -32.467462790000283 ], [ -60.867635530000065, -32.451612570000279 ], [ -60.827814600000067, -32.458252440000287 ], [ -60.855661940000076, -32.474484720000284 ], [ -60.850014350000066, -32.487456650000283 ], [ -60.860197240000069, -32.50208248000029 ], [ -60.846938870000074, -32.523135990000291 ], [ -60.852914670000082, -32.533553020000284 ], [ -60.846020460000069, -32.538588610000289 ], [ -60.84975397000008, -32.556973360000292 ], [ -60.84238980000007, -32.590693470000303 ], [ -60.819142140000075, -32.617541330000272 ], [ -60.812414730000086, -32.637574470000281 ], [ -60.840345660000082, -32.648195010000272 ], [ -60.874430880000084, -32.680317220000298 ], [ -60.888639810000072, -32.66889681000027 ], [ -60.995123840000076, -32.69418580000027 ], [ -61.034107410000061, -32.752120290000271 ], [ -61.05468371000007, -32.770035490000282 ], [ -61.052490030000079, -32.788110110000268 ], [ -61.062535920000073, -32.80254741000028 ], [ -61.177993580000077, -32.857252910000284 ], [ -61.203304810000077, -32.883960520000294 ], [ -61.198108090000062, -32.891686290000266 ], [ -61.209678310000058, -32.907055770000284 ], [ -61.246226, -32.943198030000282 ], [ -61.236287540000077, -32.951205590000278 ], [ -61.295225980000069, -32.979163640000287 ], [ -61.296758130000065, -32.986928420000282 ], [ -61.364659280000083, -33.006837440000268 ], [ -61.373845910000064, -32.998475380000265 ], [ -61.425227870000079, -33.01499866000028 ], [ -61.442622660000076, -33.01360746000028 ], [ -61.543055530000061, -33.041305850000285 ], [ -61.565230380000074, -33.063734010000289 ], [ -61.635650260000077, -33.06667052000028 ], [ -61.649392590000062, -33.088912380000259 ], [ -61.656597490000081, -33.084098050000293 ], [ -61.663442310000072, -33.091616710000267 ], [ -61.676297420000076, -33.082111890000292 ], [ -61.686218590000081, -33.092235860000265 ], [ -61.712777610000074, -33.090669560000293 ], [ -61.642424710000078, -32.883256370000282 ], [ -61.618424320000081, -32.870177940000275 ], [ -61.51828316000006, -32.84910215000027 ], [ -61.532829120000081, -32.846633810000256 ], [ -61.471287830000072, -32.579565770000301 ], [ -61.484781740000081, -32.577094580000278 ], [ -61.437686360000079, -32.393799720000274 ] ] ] ] } },
{ "type": "Feature", "properties": { "fid": 165, "gid": 1431, "DEPARTAMENTO": "Caleu Caleu", "PROVINCIA": "La Pampa" }, "geometry": { "type": "MultiPolygon", "coordinates": [ [ [ [ -64.528231010000084, -38.246397660000227 ], [ -63.385313020000055, -38.252923810000226 ], [ -63.383269420000069, -39.32849160000022 ], [ -63.431758270000074, -39.330452860000221 ], [ -63.453001780000065, -39.32039360000023 ], [ -63.457403780000078, -39.328840690000234 ], [ -63.485600390000073, -39.30825835000023 ], [ -63.512012410000075, -39.312660350000222 ], [ -63.541220290000084, -39.296658480000218 ], [ -63.538818360000064, -39.27911377000023 ], [ -63.558031480000068, -39.26144571000021 ], [ -63.566101070000073, -39.266296390000235 ], [ -63.567182150000065, -39.258027360000213 ], [ -63.585840010000062, -39.256964870000203 ], [ -63.592970400000084, -39.245923220000236 ], [ -63.614376840000062, -39.25182942000022 ], [ -63.617629670000078, -39.235896440000211 ], [ -63.631713870000063, -39.247802730000217 ], [ -63.63337595000008, -39.227393340000205 ], [ -63.654410610000063, -39.228826000000225 ], [ -63.657916390000061, -39.21879675000023 ], [ -63.674256870000065, -39.22226324000021 ], [ -63.671701810000087, -39.203634600000228 ], [ -63.69088256000007, -39.206370500000226 ], [ -63.714175180000069, -39.198418610000218 ], [ -63.723801210000062, -39.18690525000023 ], [ -63.742993840000068, -39.188847400000213 ], [ -63.737157030000056, -39.179374840000214 ], [ -63.744771300000075, -39.16378937000021 ], [ -63.763671980000083, -39.154666990000216 ], [ -63.757080080000065, -39.129211430000232 ], [ -63.777160300000062, -39.128430610000223 ], [ -63.788208010000076, -39.109191890000226 ], [ -63.797238420000063, -39.109299710000222 ], [ -63.791408740000065, -39.11750885000022 ], [ -63.79735739000008, -39.123933400000212 ], [ -63.834952870000087, -39.13630659000021 ], [ -63.831707800000075, -39.122089830000228 ], [ -63.841796870000088, -39.109191890000218 ], [ -63.858271590000072, -39.11037047000022 ], [ -63.870295560000081, -39.095952640000235 ], [ -63.879577640000086, -39.100402830000228 ], [ -63.87170410000008, -39.107788090000206 ], [ -63.897894480000076, -39.106950170000218 ], [ -63.911499020000072, -39.08709717000022 ], [ -63.932800290000081, -39.093505860000228 ], [ -63.926534880000069, -39.075230770000225 ], [ -63.933462560000066, -39.061591520000228 ], [ -63.957136150000075, -39.054153740000224 ], [ -63.960231490000062, -39.044459400000221 ], [ -63.998611260000068, -39.035572890000203 ], [ -64.002354720000071, -39.024959680000222 ], [ -63.991599710000081, -39.010914400000232 ], [ -64.023567630000073, -39.017497020000221 ], [ -64.008653230000064, -39.006834710000227 ], [ -64.013703920000054, -39.000900200000224 ], [ -64.047395020000067, -38.999045560000233 ], [ -64.062487690000069, -39.010033580000218 ], [ -64.06397319000007, -38.991719270000218 ], [ -64.152587890000078, -38.963195800000221 ], [ -64.230051900000078, -38.924123640000218 ], [ -64.279602050000065, -38.914001460000229 ], [ -64.293950890000076, -38.897646660000213 ], [ -64.32535978000007, -38.906450670000233 ], [ -64.348594660000074, -38.883451480000218 ], [ -64.355784470000089, -38.891207000000222 ], [ -64.366717740000084, -38.882661950000227 ], [ -64.37800753000009, -38.891996440000227 ], [ -64.397888180000066, -38.88592529000023 ], [ -64.397399900000082, -38.873229980000211 ], [ -64.413362390000088, -38.883776580000223 ], [ -64.420657190000085, -38.871829510000211 ], [ -64.431901400000072, -38.87903927000022 ], [ -64.476379390000076, -38.85998535000023 ], [ -64.51519775000007, -38.868408200000218 ], [ -64.536722660000081, -38.858090890000213 ], [ -64.528231010000084, -38.246397660000227 ] ] ] ] } },
{ "type": "Feature", "properties": { "fid": 166, "gid": 1433, "DEPARTAMENTO": "Chapaleufú", "PROVINCIA": "La Pampa" }, "geometry": { "type": "MultiPolygon", "coordinates": [ [ [ [ -63.38561360000007, -35.454111060000265 ], [ -63.937410030000095, -35.452422440000255 ], [ -63.934927120000076, -35.007631410000251 ], [ -63.385733800000068, -35.002217650000262 ], [ -63.38561360000007, -35.454111060000265 ] ] ] ] } },
{ "type": "Feature", "properties": { "fid": 167, "gid": 1434, "DEPARTAMENTO": "Rancul", "PROVINCIA": "La Pampa" }, "geometry": { "type": "MultiPolygon", "coordinates": [ [ [ [ -65.10758261000008, -35.801211800000253 ], [ -65.106759320000094, -35.015330230000259 ], [ -64.480177210000079, -35.011512130000256 ], [ -64.493200100000095, -35.81067283000025 ], [ -65.10758261000008, -35.801211800000253 ] ] ] ] } },
{ "type": "Feature", "properties": { "fid": 168, "gid": 1435, "DEPARTAMENTO": "Lihuel Calel", "PROVINCIA": "La Pampa" }, "geometry": { "type": "MultiPolygon", "coordinates": [ [ [ [ -64.520228830000093, -37.703916620000228 ], [ -64.53808359000007, -38.865642910000226 ], [ -64.572488960000086, -38.85525505000021 ], [ -64.596374510000075, -38.859191890000218 ], [ -64.604753990000063, -38.847402630000218 ], [ -64.629446300000069, -38.85284432000023 ], [ -64.634048010000072, -38.844800460000222 ], [ -64.670888370000085, -38.833693670000244 ], [ -64.693481440000099, -38.843688960000243 ], [ -64.704579470000084, -38.837086300000237 ], [ -64.737958310000081, -38.84065857000023 ], [ -64.807330790000066, -38.81600563000022 ], [ -64.847175570000076, -38.826619750000226 ], [ -64.877089790000085, -38.814518020000229 ], [ -64.891433540000065, -38.826738720000236 ], [ -64.924270100000086, -38.833163270000206 ], [ -64.966813890000068, -38.820514750000207 ], [ -65.033569340000071, -38.817504880000236 ], [ -65.113446820000064, -38.799711760000228 ], [ -65.140025370000089, -38.818387600000214 ], [ -65.167135780000066, -38.802285450000234 ], [ -65.191592360000072, -38.809818840000204 ], [ -65.18623031000007, -38.829320180000238 ], [ -65.191820540000066, -38.836369680000224 ], [ -65.256051110000072, -38.83168496000021 ], [ -65.28051758000008, -38.821411130000236 ], [ -65.374532070000072, -38.855879490000227 ], [ -65.390813130000069, -38.83073962000023 ], [ -65.502502440000072, -38.798095700000232 ], [ -65.523193360000079, -38.77917480000022 ], [ -65.569548290000071, -38.784804880000223 ], [ -65.584940510000081, -38.77452747000023 ], [ -65.624333470000082, -38.787502280000218 ], [ -65.608468350000066, -38.798383840000227 ], [ -65.617084240000068, -38.808705830000207 ], [ -65.63217690000009, -38.802429120000234 ], [ -65.631047920000086, -38.818329020000228 ], [ -65.646378260000077, -38.809449700000229 ], [ -65.652498510000072, -38.827393150000212 ], [ -65.68492271000008, -38.831674690000227 ], [ -65.655280050000087, -37.689804910000241 ], [ -64.520228830000093, -37.703916620000228 ] ] ] ] } },
{ "type": "Feature", "properties": { "fid": 169, "gid": 1436, "DEPARTAMENTO": "Hucal", "PROVINCIA": "La Pampa" }, "geometry": { "type": "MultiPolygon", "coordinates": [ [ [ [ -64.528231010000084, -38.246397660000227 ], [ -64.520228830000093, -37.703916620000228 ], [ -63.385488020000061, -37.709885900000259 ], [ -63.385313020000055, -38.252923810000226 ], [ -64.528231010000084, -38.246397660000227 ] ] ] ] } },
{ "type": "Feature", "properties": { "fid": 170, "gid": 1437, "DEPARTAMENTO": "Limay Mahuida", "PROVINCIA": "La Pampa" }, "geometry": { "type": "MultiPolygon", "coordinates": [ [ [ [ -65.977724410000093, -37.683216620000245 ], [ -67.111685240000099, -37.700194270000239 ], [ -67.126856680000088, -36.799484180000235 ], [ -66.00542517000008, -36.781418130000247 ], [ -65.977724410000093, -37.683216620000245 ] ] ] ] } },
{ "type": "Feature", "properties": { "fid": 171, "gid": 1438, "DEPARTAMENTO": "Guatraché", "PROVINCIA": "La Pampa" }, "geometry": { "type": "MultiPolygon", "coordinates": [ [ [ [ -63.385356830000063, -37.258926990000241 ], [ -63.385488020000061, -37.709885900000259 ], [ -64.180201240000102, -37.706625210000226 ], [ -64.174235290000098, -37.25686954000026 ], [ -63.385356830000063, -37.258926990000241 ] ] ] ] } },
{ "type": "Feature", "properties": { "fid": 172, "gid": 1439, "DEPARTAMENTO": "Maracó", "PROVINCIA": "La Pampa" }, "geometry": { "type": "MultiPolygon", "coordinates": [ [ [ [ -63.385621610000101, -35.455494310000255 ], [ -63.385445350000076, -35.905603030000258 ], [ -63.940507170000075, -35.904714770000247 ], [ -63.937410030000095, -35.452422440000255 ], [ -63.385621610000101, -35.455494310000255 ] ] ] ] } },
{ "type": "Feature", "properties": { "fid": 173, "gid": 1440, "DEPARTAMENTO": "Realicó", "PROVINCIA": "La Pampa" }, "geometry": { "type": "MultiPolygon", "coordinates": [ [ [ [ -64.480187970000088, -35.012128960000247 ], [ -63.934927120000076, -35.007631410000251 ], [ -63.937410030000095, -35.452422440000255 ], [ -64.487828140000104, -35.449909860000261 ], [ -64.480187970000088, -35.012128960000247 ] ] ] ] } },
{ "type": "Feature", "properties": { "fid": 174, "gid": 1441, "DEPARTAMENTO": "Utracán", "PROVINCIA": "La Pampa" }, "geometry": { "type": "MultiPolygon", "coordinates": [ [ [ [ -64.17209844000007, -36.986758630000232 ], [ -64.180201240000102, -37.706625210000226 ], [ -65.655280050000087, -37.689804910000241 ], [ -65.654885750000091, -37.675961150000241 ], [ -65.977724410000093, -37.683216620000245 ], [ -65.999749470000083, -36.961394730000229 ], [ -65.634372700000085, -36.95156651000022 ], [ -65.634783250000098, -36.965812030000244 ], [ -64.17209844000007, -36.986758630000232 ] ] ] ] } },
{ "type": "Feature", "properties": { "fid": 175, "gid": 1442, "DEPARTAMENTO": "Toay", "PROVINCIA": "La Pampa" }, "geometry": { "type": "MultiPolygon", "coordinates": [ [ [ [ -65.058930950000089, -36.253403010000234 ], [ -64.499816740000085, -36.262336000000239 ], [ -64.505383220000098, -36.62232721000025 ], [ -64.356967060000088, -36.624948310000242 ], [ -64.282862010000073, -36.686640240000244 ], [ -64.283045070000085, -36.71518796000025 ], [ -64.170390930000067, -36.716355290000244 ], [ -64.17209844000007, -36.986758630000232 ], [ -65.071335290000079, -36.977221690000242 ], [ -65.058930950000089, -36.253403010000234 ] ] ] ] } },
{ "type": "Feature", "properties": { "fid": 176, "gid": 1443, "DEPARTAMENTO": "Capital", "PROVINCIA": "La Pampa" }, "geometry": { "type": "MultiPolygon", "coordinates": [ [ [ [ -63.942917050000062, -36.26561270000024 ], [ -63.945801360000083, -36.806206650000235 ], [ -64.169898520000089, -36.805551920000234 ], [ -64.170390930000067, -36.716355290000244 ], [ -64.283045070000085, -36.71518796000025 ], [ -64.282862010000073, -36.686640240000244 ], [ -64.356967060000088, -36.624948310000242 ], [ -64.505383220000098, -36.62232721000025 ], [ -64.499816740000085, -36.262336000000239 ], [ -63.942917050000062, -36.26561270000024 ] ] ] ] } },
{ "type": "Feature", "properties": { "fid": 177, "gid": 1444, "DEPARTAMENTO": "Trenel", "PROVINCIA": "La Pampa" }, "geometry": { "type": "MultiPolygon", "coordinates": [ [ [ [ -63.939182620000096, -35.813942830000258 ], [ -64.493200100000095, -35.81067283000025 ], [ -64.487828140000104, -35.449909860000261 ], [ -63.937410030000095, -35.452422440000255 ], [ -63.939182620000096, -35.813942830000258 ] ] ] ] } },
{ "type": "Feature", "properties": { "fid": 178, "gid": 1447, "DEPARTAMENTO": "Conhelo", "PROVINCIA": "La Pampa" }, "geometry": { "type": "MultiPolygon", "coordinates": [ [ [ [ -65.107772310000087, -35.98229144000026 ], [ -65.107583710000085, -35.802259500000233 ], [ -63.939182620000096, -35.813942830000258 ], [ -63.942917050000062, -36.26561270000024 ], [ -65.058930950000089, -36.253403010000234 ], [ -65.050640650000105, -35.983365150000246 ], [ -65.107772310000087, -35.98229144000026 ] ] ] ] } },
{ "type": "Feature", "properties": { "fid": 179, "gid": 1448, "DEPARTAMENTO": "Loventué", "PROVINCIA": "La Pampa" }, "geometry": { "type": "MultiPolygon", "coordinates": [ [ [ [ -66.017736100000079, -36.000019520000244 ], [ -65.10780945000009, -35.999061790000248 ], [ -65.107772310000087, -35.98229144000026 ], [ -65.050640650000105, -35.983365150000246 ], [ -65.071335290000079, -36.977221690000242 ], [ -65.634783250000098, -36.965812030000244 ], [ -65.634372700000085, -36.95156651000022 ], [ -65.999749470000083, -36.961394730000229 ], [ -66.019842910000079, -36.320409700000226 ], [ -66.03835095000008, -36.321052870000244 ], [ -66.048571550000105, -36.151408080000252 ], [ -66.022895960000085, -36.150933300000233 ], [ -66.026551470000101, -36.060351530000233 ], [ -66.017736100000079, -36.000019520000244 ] ] ] ] } },
{ "type": "Feature", "properties": { "fid": 180, "gid": 1450, "DEPARTAMENTO": "San Fernando", "PROVINCIA": "Buenos Aires" }, "geometry": { "type": "MultiPolygon", "coordinates": [ [ [ [ -58.378924700000049, -34.012225870000279 ], [ -58.344985700000059, -34.038413000000268 ], [ -58.350899500000054, -34.056836770000295 ], [ -58.366027830000057, -34.064697270000266 ], [ -58.365833120000055, -34.11279763000028 ], [ -58.359637050000075, -34.120705410000269 ], [ -58.359875, -34.122073600000284 ], [ -58.363741620000056, -34.126535090000274 ], [ -58.366775440000048, -34.132364770000279 ], [ -58.37329102000006, -34.158081050000263 ], [ -58.371093750000064, -34.171691890000275 ], [ -58.353728060000051, -34.185602730000284 ], [ -58.353966, -34.204638420000279 ], [ -58.368540200000048, -34.214096780000268 ], [ -58.385434380000042, -34.209873240000285 ], [ -58.383590290000065, -34.218974670000279 ], [ -58.380378020000052, -34.224447430000275 ], [ -58.400900870000065, -34.228016630000276 ], [ -58.388646650000048, -34.240270850000265 ], [ -58.401198310000048, -34.257819370000298 ], [ -58.420776370000063, -34.265197750000276 ], [ -58.452697750000056, -34.26330566000027 ], [ -58.462707520000052, -34.273803710000294 ], [ -58.499949650000062, -34.267534270000262 ], [ -58.486862620000061, -34.279550550000259 ], [ -58.50965231000005, -34.296196140000276 ], [ -58.549102, -34.297106000000269 ], [ -58.597238, -34.277653000000278 ], [ -58.712152, -34.248902000000285 ], [ -58.710837, -34.219097000000268 ], [ -58.694356, -34.200590000000268 ], [ -58.6914, -34.172432000000306 ], [ -58.7467, -34.165507000000275 ], [ -58.74679, -34.154412000000285 ], [ -58.764556, -34.144121000000268 ], [ -58.76385, -34.126474000000286 ], [ -58.80475, -34.08751500000028 ], [ -58.804028, -34.080777000000275 ], [ -58.675300050000054, -34.025466790000273 ], [ -58.637865110000064, -34.039298960000281 ], [ -58.607170070000052, -34.037871280000267 ], [ -58.463195800000058, -34.001892090000268 ], [ -58.378924700000049, -34.012225870000279 ] ] ], [ [ [ -58.557946580000063, -34.424092120000282 ], [ -58.516165, -34.443321000000267 ], [ -58.600303, -34.490354000000288 ], [ -58.606470940000065, -34.48038153000028 ], [ -58.595171, -34.448343000000271 ], [ -58.579511, -34.444465000000278 ], [ -58.557946580000063, -34.424092120000282 ] ] ], [ [ [ -58.276286930000047, -34.218700530000284 ], [ -58.300842960000061, -34.240020500000284 ], [ -58.305125990000072, -34.228694260000275 ], [ -58.315405270000056, -34.245636020000283 ], [ -58.328825420000065, -34.240020500000284 ], [ -58.333393990000062, -34.208706790000278 ], [ -58.32331697000005, -34.192121950000264 ], [ -58.31159813000005, -34.187957890000277 ], [ -58.279998890000066, -34.210610360000281 ], [ -58.276286930000047, -34.218700530000284 ] ] ], [ [ [ -58.242776180000057, -34.248729320000272 ], [ -58.251996600000048, -34.264374280000276 ], [ -58.265975930000053, -34.248967270000279 ], [ -58.269128710000047, -34.258068710000273 ], [ -58.26151444000007, -34.268954740000268 ], [ -58.278170670000065, -34.268002960000274 ], [ -58.267950310000067, -34.225740860000272 ], [ -58.242776180000057, -34.248729320000272 ] ] ], [ [ [ -58.476938940000053, -34.303361560000276 ], [ -58.479118530000051, -34.311818160000286 ], [ -58.467873200000049, -34.316696060000268 ], [ -58.474726040000064, -34.321464500000268 ], [ -58.508699790000072, -34.300843960000265 ], [ -58.500319, -34.294887250000272 ], [ -58.476938940000053, -34.303361560000276 ] ] ], [ [ [ -58.338426550000058, -34.213001720000257 ], [ -58.334024550000073, -34.244232140000271 ], [ -58.332953790000062, -34.251548990000266 ], [ -58.352346400000052, -34.236974790000282 ], [ -58.350323860000053, -34.222638530000289 ], [ -58.338426550000058, -34.213001720000257 ] ] ], [ [ [ -58.326840950000062, -34.160528070000275 ], [ -58.317112020000067, -34.18130901000027 ], [ -58.334471080000064, -34.195255150000278 ], [ -58.336254100000069, -34.175913660000283 ], [ -58.333113210000057, -34.173515170000272 ], [ -58.326840950000062, -34.160528070000275 ] ] ], [ [ [ -58.253581900000057, -34.20486497000028 ], [ -58.256048820000061, -34.219170870000276 ], [ -58.24971945000005, -34.221502740000282 ], [ -58.253336230000059, -34.229926030000264 ], [ -58.267327460000054, -34.21089034000029 ], [ -58.253581900000057, -34.20486497000028 ] ] ], [ [ [ -58.291087170000047, -34.269870840000294 ], [ -58.296417170000069, -34.255736840000267 ], [ -58.282330760000072, -34.237319810000265 ], [ -58.282854240000049, -34.257116920000286 ], [ -58.291087170000047, -34.269870840000294 ] ] ], [ [ [ -58.276477280000073, -34.221900900000286 ], [ -58.293656990000066, -34.249264700000268 ], [ -58.300985730000043, -34.25093033000028 ], [ -58.299510470000051, -34.240889000000287 ], [ -58.276477280000073, -34.221900900000286 ] ] ], [ [ [ -58.491310890000051, -34.284249730000283 ], [ -58.467254960000048, -34.28542508000028 ], [ -58.465865360000066, -34.286833720000303 ], [ -58.483816010000048, -34.288470790000268 ], [ -58.486816, -34.297560360000261 ], [ -58.501010790000052, -34.293403400000287 ], [ -58.491310890000051, -34.284249730000283 ] ] ], [ [ [ -58.333341640000071, -34.146275100000267 ], [ -58.325974830000064, -34.157753620000285 ], [ -58.335854350000062, -34.174200450000285 ], [ -58.342103640000047, -34.151293610000288 ], [ -58.333341640000071, -34.146275100000267 ] ] ], [ [ [ -58.356781700000049, -34.119932090000269 ], [ -58.352201240000035, -34.127367900000287 ], [ -58.358239120000057, -34.142864140000277 ], [ -58.36689441000005, -34.13524987000028 ], [ -58.356781700000049, -34.119932090000269 ] ] ], [ [ [ -58.233205990000066, -34.253732540000271 ], [ -58.24341388000007, -34.268223450000271 ], [ -58.249731350000062, -34.266974240000266 ], [ -58.24084406000005, -34.248021830000283 ], [ -58.233205990000066, -34.253732540000271 ] ] ], [ [ [ -58.372963240000054, -34.215177150000272 ], [ -58.376978580000063, -34.225438570000279 ], [ -58.383551840000052, -34.212232570000268 ], [ -58.372963240000054, -34.215177150000272 ] ] ], [ [ [ -58.330752790000048, -34.240187060000274 ], [ -58.315524240000059, -34.25553458000028 ], [ -58.332953790000047, -34.245005470000272 ], [ -58.330752790000048, -34.240187060000274 ] ] ], [ [ [ -58.352479680000059, -34.095475480000268 ], [ -58.349196020000051, -34.077415380000254 ], [ -58.348446490000065, -34.100757890000288 ], [ -58.352479680000059, -34.095475480000268 ] ] ], [ [ [ -58.469929580000048, -34.29418308000028 ], [ -58.470262700000056, -34.305690160000275 ], [ -58.481798330000053, -34.298075880000276 ], [ -58.469929580000048, -34.29418308000028 ] ] ], [ [ [ -58.347961070000068, -34.255078500000288 ], [ -58.347818300000064, -34.276398470000274 ], [ -58.34991222000005, -34.254317080000263 ], [ -58.347961070000068, -34.255078500000288 ] ] ], [ [ [ -58.33490101000006, -34.145051970000289 ], [ -58.341492770000066, -34.148570880000257 ], [ -58.337180870000061, -34.138063720000268 ], [ -58.33490101000006, -34.145051970000289 ] ] ], [ [ [ -58.33244221000006, -34.135329580000274 ], [ -58.338105320000032, -34.133854310000274 ], [ -58.338200500000056, -34.130427890000284 ], [ -58.33582104000007, -34.129571280000263 ], [ -58.33244221000006, -34.135329580000274 ] ] ], [ [ [ -58.374851070000069, -34.241782590000277 ], [ -58.377230530000055, -34.244899690000274 ], [ -58.37875339000005, -34.237404390000272 ], [ -58.374851070000069, -34.241782590000277 ] ] ], [ [ [ -58.475309680000059, -34.282059930000266 ], [ -58.477327460000055, -34.283677960000269 ], [ -58.480772920000049, -34.282098000000275 ], [ -58.475309680000059, -34.282059930000266 ] ] ], [ [ [ -58.465560880000048, -34.297086030000287 ], [ -58.463000580000056, -34.295667870000287 ], [ -58.461363520000049, -34.296971810000279 ], [ -58.465560880000048, -34.297086030000287 ] ] ], [ [ [ -58.38046966000006, -34.237124720000267 ], [ -58.38137385000006, -34.238802240000268 ], [ -58.381909230000055, -34.236946260000281 ], [ -58.38046966000006, -34.237124720000267 ] ] ], [ [ [ -58.46486995000005, -34.286045330000285 ], [ -58.462639200000048, -34.286081020000282 ], [ -58.462187110000066, -34.286699680000254 ], [ -58.46486995000005, -34.286045330000285 ] ] ] ] } },
{ "type": "Feature", "properties": { "fid": 181, "gid": 1451, "DEPARTAMENTO": "Tigre", "PROVINCIA": "Buenos Aires" }, "geometry": { "type": "MultiPolygon", "coordinates": [ [ [ [ -58.539706380000048, -34.298375710000279 ], [ -58.538762760000068, -34.305714980000282 ], [ -58.518918060000054, -34.304430070000294 ], [ -58.494689940000065, -34.323669430000265 ], [ -58.454121240000063, -34.388018280000274 ], [ -58.47563156000006, -34.390588090000264 ], [ -58.481627800000069, -34.413621280000285 ], [ -58.495714210000067, -34.412098420000262 ], [ -58.490538890000067, -34.438617510000277 ], [ -58.50395905000007, -34.422841690000276 ], [ -58.502067380000071, -34.440152270000283 ], [ -58.522148820000055, -34.44390983000028 ], [ -58.557946580000063, -34.424092120000282 ], [ -58.579511, -34.444465000000278 ], [ -58.595171, -34.448343000000271 ], [ -58.606470940000065, -34.48038153000028 ], [ -58.598342, -34.49816800000027 ], [ -58.606343, -34.534542000000265 ], [ -58.67821, -34.474651000000271 ], [ -58.734634, -34.402460000000275 ], [ -58.715909, -34.392543000000295 ], [ -58.721358, -34.390084000000279 ], [ -58.70532886000008, -34.372972570000286 ], [ -58.720619, -34.363290000000262 ], [ -58.679814, -34.345687000000275 ], [ -58.649515, -34.266598000000272 ], [ -58.539706380000048, -34.298375710000279 ] ] ], [ [ [ -58.486414640000049, -34.329438380000269 ], [ -58.458647460000073, -34.330957320000273 ], [ -58.456778830000054, -34.344573190000283 ], [ -58.445663310000072, -34.355088660000263 ], [ -58.451588160000078, -34.353898930000298 ], [ -58.452695720000058, -34.349999390000271 ], [ -58.453421510000055, -34.349193310000274 ], [ -58.453895360000033, -34.349193310000281 ], [ -58.452492360000058, -34.353518220000275 ], [ -58.44271277000005, -34.365058600000282 ], [ -58.449979030000073, -34.37700430000028 ], [ -58.486414640000049, -34.329438380000269 ] ] ], [ [ [ -58.444046750000055, -34.33942235000027 ], [ -58.456336300000046, -34.343664650000278 ], [ -58.453412310000047, -34.330684970000284 ], [ -58.444046750000055, -34.33942235000027 ] ] ], [ [ [ -58.45007630000007, -34.328300750000267 ], [ -58.441338920000064, -34.328029490000262 ], [ -58.441410310000059, -34.336252910000269 ], [ -58.445336420000054, -34.331484470000269 ], [ -58.45007630000007, -34.328300750000267 ] ] ], [ [ [ -58.442846550000063, -34.33796517000026 ], [ -58.448482450000057, -34.333458670000276 ], [ -58.450498900000071, -34.329151640000283 ], [ -58.444559760000047, -34.332844570000269 ], [ -58.442846550000063, -34.33796517000026 ] ] ], [ [ [ -58.441367480000054, -34.326944450000283 ], [ -58.437084450000064, -34.327444140000267 ], [ -58.439654260000061, -34.33174145000028 ], [ -58.441367480000054, -34.326944450000283 ] ] ] ] } },
{ "type": "Feature", "properties": { "fid": 182, "gid": 1456, "DEPARTAMENTO": "Rivadavia", "PROVINCIA": "Buenos Aires" }, "geometry": { "type": "MultiPolygon", "coordinates": [ [ [ [ -63.385470740000081, -35.883676630000245 ], [ -63.385707060000065, -35.36972390000026 ], [ -63.329475, -35.323156000000253 ], [ -63.347169, -35.300041000000256 ], [ -63.310018, -35.267808000000265 ], [ -63.285144, -35.288491000000263 ], [ -63.211173, -35.228970000000267 ], [ -63.23551391000008, -35.208571730000259 ], [ -63.139051, -35.128403000000262 ], [ -63.090385, -35.168254000000246 ], [ -63.11541263000008, -35.188867520000258 ], [ -62.964607, -35.311894000000251 ], [ -62.89953, -35.259295000000257 ], [ -62.864144, -35.28850200000025 ], [ -62.893164, -35.311318000000249 ], [ -62.846541, -35.350452000000246 ], [ -62.873097, -35.371607000000246 ], [ -62.803814170000066, -35.429501200000274 ], [ -62.777689, -35.408695000000243 ], [ -62.685256970000069, -35.485625910000252 ], [ -62.69389, -35.492640000000257 ], [ -62.623811, -35.55074300000026 ], [ -62.932454, -35.798306000000238 ], [ -62.923600620000066, -35.805193050000241 ], [ -63.20373, -36.033076000000243 ], [ -63.385470740000081, -35.883676630000245 ] ] ] ] } },
{ "type": "Feature", "properties": { "fid": 183, "gid": 1463, "DEPARTAMENTO": "General López", "PROVINCIA": "Santa Fe" }, "geometry": { "type": "MultiPolygon", "coordinates": [ [ [ [ -61.607151490000078, -33.287205600000277 ], [ -61.516285030000084, -33.405637220000287 ], [ -61.47061697000008, -33.380746100000266 ], [ -61.452359650000062, -33.404476330000264 ], [ -61.383046860000057, -33.366720300000274 ], [ -61.347070150000079, -33.41313645000028 ], [ -61.416339200000095, -33.450774030000268 ], [ -61.153352590000083, -33.789970840000272 ], [ -61.165091230000073, -33.794831360000288 ], [ -61.125073370000067, -33.833904080000273 ], [ -61.719753410000081, -34.385554690000269 ], [ -62.883908710000085, -34.386549770000272 ], [ -62.131220100000078, -33.397682080000266 ], [ -62.015902220000079, -33.417943380000274 ], [ -62.013403970000077, -33.408086640000292 ], [ -61.982085510000076, -33.413603720000275 ], [ -61.97936927000007, -33.402803480000287 ], [ -61.927980030000079, -33.411868250000268 ], [ -61.969304660000091, -33.43388405000028 ], [ -61.910346760000067, -33.511218920000267 ], [ -61.674393620000075, -33.377675770000266 ], [ -61.703731830000081, -33.339348790000265 ], [ -61.607151490000078, -33.287205600000277 ] ] ] ] } },
{ "type": "Feature", "properties": { "fid": 184, "gid": 1464, "DEPARTAMENTO": "Caseros", "PROVINCIA": "Santa Fe" }, "geometry": { "type": "MultiPolygon", "coordinates": [ [ [ [ -61.207192300000081, -32.902715750000283 ], [ -61.061943760000062, -33.090025720000277 ], [ -61.106754210000069, -33.156110500000274 ], [ -61.154834800000074, -33.164687540000273 ], [ -61.132559400000076, -33.231378690000284 ], [ -61.168598990000064, -33.243853080000299 ], [ -61.099090100000083, -33.332666170000273 ], [ -61.129560100000077, -33.349312860000261 ], [ -61.074982, -33.41906255000027 ], [ -61.188830060000072, -33.491636890000258 ], [ -61.313775280000087, -33.329099450000271 ], [ -61.452359650000062, -33.404476330000264 ], [ -61.47061697000008, -33.380746100000266 ], [ -61.516285030000084, -33.405637220000287 ], [ -61.607151490000078, -33.287205600000277 ], [ -61.703731830000081, -33.339348790000265 ], [ -61.674393620000075, -33.377675770000266 ], [ -61.910346760000067, -33.511218920000267 ], [ -61.969304660000091, -33.43388405000028 ], [ -61.927980030000079, -33.411868250000268 ], [ -61.97936927000007, -33.402803480000287 ], [ -61.982085510000076, -33.413603720000275 ], [ -62.013403970000077, -33.408086640000292 ], [ -62.015902220000079, -33.417943380000274 ], [ -62.131220100000078, -33.397682080000266 ], [ -61.923248890000082, -33.119580610000277 ], [ -61.896647940000079, -33.112544070000276 ], [ -61.861146650000087, -33.068394890000278 ], [ -61.795935140000068, -33.014465010000272 ], [ -61.743871700000078, -33.073069210000284 ], [ -61.701129070000079, -33.093952710000281 ], [ -61.680972270000076, -33.090080280000279 ], [ -61.676297420000076, -33.082111890000292 ], [ -61.663442310000072, -33.091616710000267 ], [ -61.641465380000078, -33.083181980000283 ], [ -61.635650260000077, -33.06667052000028 ], [ -61.565230380000074, -33.063734010000289 ], [ -61.543055530000061, -33.041305850000285 ], [ -61.442622660000076, -33.01360746000028 ], [ -61.425227870000079, -33.01499866000028 ], [ -61.373845910000064, -32.998475380000265 ], [ -61.364659280000083, -33.006837440000268 ], [ -61.296758130000065, -32.986928420000282 ], [ -61.295225980000069, -32.979163640000287 ], [ -61.236287540000077, -32.951205590000278 ], [ -61.246226, -32.943198030000282 ], [ -61.207192300000081, -32.902715750000283 ] ] ] ] } },
{ "type": "Feature", "properties": { "fid": 185, "gid": 1465, "DEPARTAMENTO": "San Lorenzo", "PROVINCIA": "Santa Fe" }, "geometry": { "type": "MultiPolygon", "coordinates": [ [ [ [ -60.794380760000067, -32.453345870000263 ], [ -60.801327980000067, -32.469562880000289 ], [ -60.794975130000068, -32.497451950000283 ], [ -60.769142030000062, -32.496754850000293 ], [ -60.774719240000067, -32.514404300000294 ], [ -60.747375490000088, -32.554321290000281 ], [ -60.74389648000006, -32.586120600000278 ], [ -60.752075190000077, -32.622192380000271 ], [ -60.723514200000075, -32.671689440000293 ], [ -60.716003420000071, -32.773620600000278 ], [ -60.694274900000067, -32.805603030000285 ], [ -60.658922230000073, -32.833918050000278 ], [ -60.78152878000008, -32.838694430000281 ], [ -60.781805700000071, -32.832781830000286 ], [ -60.809076290000078, -32.829416810000289 ], [ -60.818615020000081, -32.834682540000273 ], [ -60.84262754000008, -32.820310100000277 ], [ -60.873948170000084, -32.840184030000295 ], [ -60.845611940000055, -32.877036290000277 ], [ -60.861073370000071, -32.885541930000286 ], [ -60.877934540000062, -32.953259330000286 ], [ -61.00858171000008, -32.929868760000268 ], [ -60.967759420000064, -32.982700710000294 ], [ -60.97498901000008, -32.986544720000289 ], [ -60.968174340000083, -32.995258220000267 ], [ -60.958281830000068, -32.991250180000286 ], [ -60.938330240000063, -33.017820560000253 ], [ -60.97331829000008, -33.01746459000028 ], [ -60.969834950000063, -33.02193688000029 ], [ -60.99125585000008, -33.033290880000258 ], [ -60.960650900000068, -33.074039500000289 ], [ -60.914092510000089, -33.049292340000292 ], [ -60.901575450000074, -33.06682407000028 ], [ -60.916819040000064, -33.075271020000272 ], [ -60.905300080000067, -33.090715440000253 ], [ -60.912248360000078, -33.094601700000283 ], [ -60.880255990000066, -33.123829020000287 ], [ -60.942506320000071, -33.155510030000272 ], [ -60.945904710000079, -33.201051750000268 ], [ -60.981654390000088, -33.192175930000275 ], [ -60.995771010000063, -33.232400350000262 ], [ -60.982051910000067, -33.245019510000283 ], [ -61.001606370000054, -33.24739837000029 ], [ -60.924132900000075, -33.339699390000277 ], [ -60.930664730000061, -33.352251810000276 ], [ -60.94423529000008, -33.365827250000272 ], [ -60.977192850000087, -33.378269290000269 ], [ -60.987466130000058, -33.393344150000281 ], [ -61.045666970000063, -33.413021890000287 ], [ -61.066805460000083, -33.429350710000278 ], [ -61.129560100000077, -33.349312860000261 ], [ -61.099090100000083, -33.332666170000273 ], [ -61.168598990000064, -33.243853080000299 ], [ -61.132559400000076, -33.231378690000284 ], [ -61.154834800000074, -33.164687540000273 ], [ -61.106754210000069, -33.156110500000274 ], [ -61.061943760000062, -33.090025720000277 ], [ -61.207192300000081, -32.902715750000283 ], [ -61.198108090000062, -32.891686290000266 ], [ -61.203463130000081, -32.884470750000283 ], [ -61.160889170000075, -32.845392920000293 ], [ -61.062535920000073, -32.80254741000028 ], [ -61.052490030000079, -32.788110110000268 ], [ -61.05468371000007, -32.770035490000282 ], [ -61.034107410000061, -32.752120290000271 ], [ -60.994250560000069, -32.693621790000272 ], [ -60.888639810000072, -32.66889681000027 ], [ -60.874430880000084, -32.680317220000298 ], [ -60.840345660000082, -32.648195010000272 ], [ -60.812561540000075, -32.637781630000291 ], [ -60.819142140000075, -32.617541330000272 ], [ -60.84238980000007, -32.590693470000303 ], [ -60.84975397000008, -32.556973360000292 ], [ -60.846020460000069, -32.538588610000289 ], [ -60.852914670000082, -32.533553020000284 ], [ -60.846938870000074, -32.523135990000291 ], [ -60.860197240000069, -32.50208248000029 ], [ -60.850206420000063, -32.488569680000275 ], [ -60.855265580000086, -32.474021680000284 ], [ -60.803591900000079, -32.442149220000267 ], [ -60.794380760000067, -32.453345870000263 ] ] ] ] } },
{ "type": "Feature", "properties": { "fid": 186, "gid": 1471, "DEPARTAMENTO": "Atreucó", "PROVINCIA": "La Pampa" }, "geometry": { "type": "MultiPolygon", "coordinates": [ [ [ [ -63.385316800000076, -36.808587620000239 ], [ -63.385340470000081, -37.258927030000237 ], [ -64.174235290000098, -37.25686954000026 ], [ -64.169898520000089, -36.805551920000234 ], [ -63.385316800000076, -36.808587620000239 ] ] ] ] } },
{ "type": "Feature", "properties": { "fid": 187, "gid": 1472, "DEPARTAMENTO": "Catriló", "PROVINCIA": "La Pampa" }, "geometry": { "type": "MultiPolygon", "coordinates": [ [ [ [ -63.38573202000007, -36.356913030000236 ], [ -63.385171470000074, -36.807843300000236 ], [ -63.945801360000083, -36.806206650000235 ], [ -63.943466690000072, -36.356755850000255 ], [ -63.38573202000007, -36.356913030000236 ] ] ] ] } },
{ "type": "Feature", "properties": { "fid": 188, "gid": 1473, "DEPARTAMENTO": "Quemú Quemú", "PROVINCIA": "La Pampa" }, "geometry": { "type": "MultiPolygon", "coordinates": [ [ [ [ -63.385662270000083, -36.356913940000247 ], [ -63.943466690000072, -36.356755850000255 ], [ -63.940507170000075, -35.904714770000247 ], [ -63.385445350000076, -35.905603030000258 ], [ -63.385662270000083, -36.356913940000247 ] ] ] ] } },
{ "type": "Feature", "properties": { "fid": 189, "gid": 1474, "DEPARTAMENTO": "Curacó", "PROVINCIA": "La Pampa" }, "geometry": { "type": "MultiPolygon", "coordinates": [ [ [ [ -65.654885750000091, -37.675961150000241 ], [ -65.688744670000077, -38.833667640000215 ], [ -65.696291, -38.832366310000218 ], [ -65.701757640000082, -38.816283620000227 ], [ -65.712585450000077, -38.825012210000203 ], [ -65.748639960000077, -38.810426010000228 ], [ -65.756067460000082, -38.816051190000238 ], [ -65.778231090000105, -38.811588270000215 ], [ -65.787262920000089, -38.794617340000229 ], [ -65.804970060000102, -38.806288200000211 ], [ -65.811149730000082, -38.802568610000222 ], [ -65.804672960000076, -38.793919810000233 ], [ -65.82018156000008, -38.788711420000212 ], [ -65.817448250000069, -38.795268350000214 ], [ -65.824400380000071, -38.798848830000225 ], [ -65.841076410000085, -38.786644810000233 ], [ -65.86430680000008, -38.799796460000223 ], [ -65.865792300000066, -38.788961620000215 ], [ -65.882429880000075, -38.790449770000222 ], [ -65.877082090000073, -38.77789256000024 ], [ -65.911189130000068, -38.782915710000211 ], [ -65.912496370000071, -38.764867910000227 ], [ -65.927589030000064, -38.775194790000228 ], [ -65.925547270000081, -38.764158900000211 ], [ -65.946662830000065, -38.767938230000219 ], [ -65.944464290000084, -38.751980460000212 ], [ -65.951007510000082, -38.747264730000211 ], [ -66.01897689000009, -38.740859080000234 ], [ -66.030682610000071, -38.751282520000217 ], [ -66.031989850000073, -38.738904510000225 ], [ -66.037738860000076, -38.74762165000022 ], [ -66.054866530000098, -38.74267398000022 ], [ -66.064670810000067, -38.751142930000228 ], [ -66.084635910000088, -38.725267590000207 ], [ -66.106977810000089, -38.727687980000219 ], [ -66.119812510000074, -38.743278940000209 ], [ -66.120525550000082, -38.734017860000215 ], [ -66.133122580000091, -38.739276810000227 ], [ -66.155048530000087, -38.728851610000227 ], [ -66.176910310000082, -38.745238040000224 ], [ -66.180237830000067, -38.731276530000216 ], [ -66.198233500000086, -38.737152020000217 ], [ -66.207392740000074, -38.73132308000023 ], [ -66.217969480000079, -38.741003340000219 ], [ -66.248986690000081, -38.736209910000227 ], [ -66.288263260000065, -38.75566084000021 ], [ -66.290068700000106, -38.745937270000212 ], [ -66.308406620000085, -38.742864780000211 ], [ -66.315061650000089, -38.761290370000218 ], [ -66.323321020000094, -38.747983480000222 ], [ -66.341833970000081, -38.75773435000022 ], [ -66.357546900000088, -38.744912300000216 ], [ -66.389098890000071, -38.738443780000203 ], [ -66.404418940000085, -38.744079590000226 ], [ -66.407578490000091, -38.730578390000218 ], [ -66.41649148000009, -38.743702410000211 ], [ -66.441804370000099, -38.745610310000217 ], [ -66.464027420000079, -38.731462710000216 ], [ -66.476379390000091, -38.737121580000228 ], [ -66.47568324000008, -38.727418020000236 ], [ -66.488170820000079, -38.729537740000218 ], [ -66.498759420000084, -38.717997360000211 ], [ -66.538615390000089, -38.720852710000216 ], [ -66.554438810000065, -38.697890910000211 ], [ -66.575211620000076, -38.70139432000024 ], [ -66.583312990000081, -38.696899410000221 ], [ -66.578836240000086, -38.690544420000222 ], [ -66.607143870000087, -38.67909317000025 ], [ -66.595397950000077, -38.674682620000219 ], [ -66.598266560000084, -38.650529790000213 ], [ -66.578186030000083, -38.62280273000021 ], [ -66.60058393000007, -38.598276550000222 ], [ -66.595295560000068, -38.589696080000223 ], [ -66.605773930000083, -38.580810550000216 ], [ -66.609880250000089, -38.55797861000022 ], [ -66.633793830000087, -38.556788880000227 ], [ -66.635879370000083, -38.542065020000194 ], [ -66.69268483000009, -38.528997070000216 ], [ -66.712233990000087, -38.531750880000217 ], [ -66.714432520000102, -38.521015110000228 ], [ -66.7459250900001, -38.517280560000231 ], [ -66.786071780000086, -38.480529780000218 ], [ -66.8120117200001, -38.484802250000236 ], [ -66.854370120000084, -38.475585940000229 ], [ -66.871605370000069, -38.463426160000225 ], [ -66.892089840000097, -38.461975100000203 ], [ -66.896972660000088, -38.443725590000234 ], [ -66.948851280000085, -38.452586670000223 ], [ -66.970420720000106, -38.44258673000023 ], [ -66.995788570000087, -38.44567871000023 ], [ -67.00904368000009, -38.42323708000022 ], [ -67.095677940000073, -38.394997770000217 ], [ -67.102194720000085, -38.380327620000216 ], [ -67.111685240000099, -37.700194270000239 ], [ -65.654885750000091, -37.675961150000241 ] ] ] ] } },
{ "type": "Feature", "properties": { "fid": 190, "gid": 1477, "DEPARTAMENTO": "Belgrano", "PROVINCIA": "Santa Fe" }, "geometry": { "type": "MultiPolygon", "coordinates": [ [ [ [ -61.912424330000078, -32.307222830000285 ], [ -61.437686360000079, -32.393799720000274 ], [ -61.484781740000081, -32.577094580000278 ], [ -61.471287830000072, -32.579565770000301 ], [ -61.532829120000081, -32.846633810000256 ], [ -61.51828316000006, -32.84910215000027 ], [ -61.618424320000081, -32.870177940000275 ], [ -61.642424710000078, -32.883256370000282 ], [ -61.71287695000008, -33.09051259000028 ], [ -61.72228512000008, -33.078828340000271 ], [ -61.747348600000059, -33.071044270000279 ], [ -61.794523070000061, -33.019178990000277 ], [ -61.787608900000087, -33.005547360000278 ], [ -61.790999540000072, -32.958406690000274 ], [ -61.771552210000074, -32.901465000000272 ], [ -61.792242810000076, -32.877227810000278 ], [ -61.777690030000088, -32.830402390000273 ], [ -61.795699070000076, -32.773966320000284 ], [ -61.810154530000069, -32.759372580000282 ], [ -61.828402290000078, -32.754510680000287 ], [ -61.857987900000083, -32.694551530000268 ], [ -61.907414770000081, -32.695746810000294 ], [ -61.946625700000077, -32.678480550000288 ], [ -61.946168130000075, -32.651026360000273 ], [ -61.890409980000086, -32.614448790000289 ], [ -61.890736820000065, -32.591971850000277 ], [ -61.922430530000078, -32.593213820000258 ], [ -61.925969700000081, -32.582997870000263 ], [ -61.902477380000079, -32.568618840000283 ], [ -61.90505222000008, -32.55254614000026 ], [ -61.930573410000093, -32.544505980000267 ], [ -61.929451700000079, -32.536421380000299 ], [ -61.912074510000075, -32.52647400000027 ], [ -61.92071231000007, -32.506144820000301 ], [ -61.914512190000082, -32.494663610000288 ], [ -61.943944070000079, -32.439106970000275 ], [ -61.983966610000081, -32.393778230000294 ], [ -62.012275910000078, -32.345523970000265 ], [ -61.903744080000088, -32.327464920000274 ], [ -61.912424330000078, -32.307222830000285 ] ] ] ] } },
{ "type": "Feature", "properties": { "fid": 191, "gid": 1497, "DEPARTAMENTO": "Islas del Ibicuy", "PROVINCIA": "Entre Rios" }, "geometry": { "type": "MultiPolygon", "coordinates": [ [ [ [ -59.267058640000066, -33.1739974500003 ], [ -59.25168476000006, -33.208303810000281 ], [ -59.223158310000052, -33.323031710000286 ], [ -59.146995350000068, -33.410188090000283 ], [ -59.094792920000067, -33.421547880000254 ], [ -58.953344730000062, -33.481014880000274 ], [ -58.848540110000066, -33.498265910000271 ], [ -58.836059960000057, -33.497058530000274 ], [ -58.861224280000066, -33.480736920000275 ], [ -58.840857890000073, -33.442243320000287 ], [ -58.801922330000053, -33.458347070000265 ], [ -58.793386690000062, -33.440004560000276 ], [ -58.746369940000051, -33.476505400000264 ], [ -58.683844970000067, -33.436331380000276 ], [ -58.658850540000053, -33.436602150000276 ], [ -58.625627830000049, -33.458468540000283 ], [ -58.60227114000007, -33.459891400000281 ], [ -58.605875180000062, -33.469723840000285 ], [ -58.597862020000051, -33.476031890000279 ], [ -58.57919320000007, -33.440788200000284 ], [ -58.562271870000053, -33.457631720000279 ], [ -58.549092770000073, -33.451695950000278 ], [ -58.540239890000066, -33.468614150000263 ], [ -58.434499880000061, -33.501462800000283 ], [ -58.445011420000064, -33.54105151000028 ], [ -58.48001953000005, -33.56598420000028 ], [ -58.494618230000057, -33.587184150000276 ], [ -58.475343620000046, -33.65023272000029 ], [ -58.447320440000048, -33.687883920000289 ], [ -58.434369350000061, -33.721886750000294 ], [ -58.437772850000066, -33.76041584000027 ], [ -58.423536220000067, -33.91666609000027 ], [ -58.37666667000007, -34.000000000000284 ], [ -58.344988540000067, -34.038397160000279 ], [ -58.378924700000049, -34.012225870000279 ], [ -58.463195800000058, -34.001892090000268 ], [ -58.607170070000052, -34.037871280000267 ], [ -58.650476260000069, -34.036681550000282 ], [ -58.684021, -34.019287110000263 ], [ -58.733519440000066, -33.966487460000273 ], [ -58.763738590000052, -33.945310250000276 ], [ -58.830601450000053, -33.955303990000282 ], [ -58.85487195000006, -33.947213820000272 ], [ -58.899780270000072, -33.890991210000287 ], [ -58.933593750000064, -33.874389650000282 ], [ -58.977890080000073, -33.87035723000028 ], [ -58.99288068000007, -33.841803700000277 ], [ -59.020482430000065, -33.848942090000286 ], [ -59.055480960000054, -33.832397460000294 ], [ -59.112609860000063, -33.848327640000292 ], [ -59.138610840000048, -33.843811030000268 ], [ -59.174393370000061, -33.803502360000273 ], [ -59.178861200000057, -33.746029440000271 ], [ -59.235193530000068, -33.710490330000283 ], [ -59.259598970000063, -33.63739197000028 ], [ -59.305550480000065, -33.595035120000261 ], [ -59.320592350000069, -33.543042320000268 ], [ -59.364827230000067, -33.542509110000275 ], [ -59.385229960000061, -33.508826270000277 ], [ -59.41069949000007, -33.489737070000281 ], [ -59.430871600000067, -33.461106150000269 ], [ -59.530904480000075, -33.430170730000292 ], [ -59.542365530000062, -33.376180690000282 ], [ -59.591494800000056, -33.370395860000286 ], [ -59.631906180000065, -33.345830580000275 ], [ -59.607925040000062, -33.327746830000279 ], [ -59.631574760000049, -33.321030640000281 ], [ -59.644087120000073, -33.295831310000274 ], [ -59.624141340000065, -33.281111110000282 ], [ -59.620898490000066, -33.264999730000291 ], [ -59.565971900000065, -33.206121480000277 ], [ -59.550964980000074, -33.198374510000278 ], [ -59.522372990000065, -33.198385820000276 ], [ -59.515865440000056, -33.2141538400003 ], [ -59.49787718000006, -33.225840500000274 ], [ -59.465779230000045, -33.221113640000269 ], [ -59.423983220000068, -33.228078120000291 ], [ -59.415860690000066, -33.212882450000265 ], [ -59.391186290000064, -33.231271830000281 ], [ -59.364373330000063, -33.223107370000271 ], [ -59.353325070000054, -33.230687890000283 ], [ -59.334394060000079, -33.22729034000028 ], [ -59.342749410000053, -33.205347710000275 ], [ -59.313128280000072, -33.206603790000294 ], [ -59.336986060000072, -33.183413920000291 ], [ -59.321875100000071, -33.177703650000282 ], [ -59.305587100000054, -33.189973550000261 ], [ -59.294685950000073, -33.184266870000279 ], [ -59.299935100000063, -33.175766260000287 ], [ -59.308865970000049, -33.178871960000286 ], [ -59.295959600000067, -33.169868500000298 ], [ -59.291979520000055, -33.153522590000257 ], [ -59.267058640000066, -33.1739974500003 ] ] ] ] } },
{ "type": "Feature", "properties": { "fid": 192, "gid": 1498, "DEPARTAMENTO": "Uruguay", "PROVINCIA": "Entre Rios" }, "geometry": { "type": "MultiPolygon", "coordinates": [ [ [ [ -58.707658060000071, -31.968059600000284 ], [ -58.691963340000065, -32.019265150000308 ], [ -58.697549200000061, -32.029286760000289 ], [ -58.677674910000064, -32.041817540000288 ], [ -58.683618, -32.045571370000303 ], [ -58.676117070000053, -32.060627420000287 ], [ -58.665837130000064, -32.061935950000297 ], [ -58.672275590000048, -32.074034780000297 ], [ -58.657355840000051, -32.086451640000284 ], [ -58.652522, -32.115035450000285 ], [ -58.657955720000047, -32.127286510000296 ], [ -58.648254350000066, -32.134386330000275 ], [ -58.651993850000068, -32.162679360000269 ], [ -58.629062710000063, -32.192946100000292 ], [ -58.593312910000066, -32.194305030000287 ], [ -58.580404060000056, -32.208644750000268 ], [ -58.563120430000055, -32.211575120000283 ], [ -58.561229770000061, -32.245340810000293 ], [ -58.540109520000065, -32.227722250000291 ], [ -58.543431280000071, -32.204531830000278 ], [ -58.530190520000069, -32.190605680000282 ], [ -58.412182080000065, -32.183644680000292 ], [ -58.41408653000007, -32.250328520000274 ], [ -58.340702240000063, -32.264578060000289 ], [ -58.324332560000059, -32.276577820000291 ], [ -58.320522830000073, -32.293867160000275 ], [ -58.288754170000047, -32.319318480000291 ], [ -58.286405320000057, -32.331680270000291 ], [ -58.239867860000054, -32.343731760000288 ], [ -58.231343680000066, -32.357123430000271 ], [ -58.221700190000064, -32.357331910000269 ], [ -58.22520295000006, -32.366606870000297 ], [ -58.210776310000057, -32.354206670000274 ], [ -58.19789904000006, -32.356858260000287 ], [ -58.19965964000005, -32.363733830000285 ], [ -58.189141280000065, -32.370225070000309 ], [ -58.184284290000065, -32.391977270000275 ], [ -58.204429650000051, -32.463303560000277 ], [ -58.18738733000005, -32.532868960000286 ], [ -58.160559510000063, -32.570774070000276 ], [ -58.14504660000005, -32.671126540000287 ], [ -58.150049250000073, -32.731981590000267 ], [ -58.119797550000058, -32.815234130000292 ], [ -58.124346130000063, -32.835417990000288 ], [ -58.115576420000053, -32.919768420000288 ], [ -58.086799490000061, -32.960805760000277 ], [ -58.084932210000062, -33.004060790000288 ], [ -58.110284650000054, -33.028255700000301 ], [ -58.125275680000065, -33.029435530000278 ], [ -58.130666520000055, -33.023833230000285 ], [ -58.263783470000064, -33.027343760000285 ], [ -58.262724800000072, -32.875677250000287 ], [ -58.498021730000048, -32.873978580000276 ], [ -58.494880520000052, -32.860859730000293 ], [ -58.484690490000069, -32.863662520000261 ], [ -58.486532410000052, -32.842592670000279 ], [ -58.495497350000065, -32.836319730000291 ], [ -58.48880058000006, -32.810783340000292 ], [ -58.501353560000055, -32.80116378000028 ], [ -58.493329330000051, -32.774766750000282 ], [ -58.505326400000072, -32.75652795000029 ], [ -58.489662380000055, -32.745460910000276 ], [ -58.50461988000005, -32.732975880000282 ], [ -58.509210080000067, -32.704756860000295 ], [ -58.518020780000064, -32.700273880000282 ], [ -58.509732070000062, -32.686838170000286 ], [ -58.513904190000069, -32.673891290000284 ], [ -58.53366316000006, -32.668658650000296 ], [ -58.51977204000007, -32.656210630000281 ], [ -58.532397960000047, -32.637047160000286 ], [ -58.523206600000066, -32.622319640000292 ], [ -58.531551850000071, -32.610919260000301 ], [ -58.511537170000047, -32.596593500000289 ], [ -58.51733143000007, -32.596906640000284 ], [ -58.521172020000051, -32.561852020000288 ], [ -58.547242630000071, -32.551993780000281 ], [ -58.582421120000063, -32.55354667000028 ], [ -58.62221877000006, -32.516542100000279 ], [ -58.641505280000054, -32.511323700000283 ], [ -58.726282340000068, -32.552696060000287 ], [ -58.751357930000061, -32.552789760000287 ], [ -58.764148040000066, -32.561027010000281 ], [ -58.802960330000062, -32.558362750000278 ], [ -58.814387520000082, -32.549803370000298 ], [ -58.838501180000065, -32.549105260000289 ], [ -58.881283810000049, -32.517206690000293 ], [ -58.911745340000067, -32.510424220000289 ], [ -58.921312220000054, -32.491899220000278 ], [ -58.938328750000061, -32.495760550000277 ], [ -58.971036190000049, -32.5227329900003 ], [ -59.028437500000074, -32.493232910000273 ], [ -59.068024480000062, -32.486002100000285 ], [ -59.090803800000067, -32.464656910000286 ], [ -59.114135340000061, -32.456290500000307 ], [ -59.105404910000061, -32.446410350000278 ], [ -59.107951980000067, -32.438213000000296 ], [ -59.087445030000062, -32.425797560000291 ], [ -59.100969620000065, -32.42093018000029 ], [ -59.095674200000069, -32.41810717000029 ], [ -59.103529600000073, -32.413928910000287 ], [ -59.093559030000065, -32.411192770000298 ], [ -59.105698450000069, -32.403248760000274 ], [ -59.090714150000061, -32.397936020000301 ], [ -59.097016930000059, -32.390363290000273 ], [ -59.084401400000068, -32.3859643500003 ], [ -59.083880540000074, -32.377042000000294 ], [ -59.094205830000071, -32.373101650000301 ], [ -59.086073050000067, -32.372069990000284 ], [ -59.082807250000066, -32.361228570000286 ], [ -59.089542600000073, -32.354113520000283 ], [ -59.096731470000073, -32.358658720000278 ], [ -59.103005220000064, -32.347877050000299 ], [ -59.084022160000067, -32.342148710000288 ], [ -59.09628734000006, -32.329565650000291 ], [ -59.077783530000062, -32.320313240000274 ], [ -59.083953250000057, -32.312961120000274 ], [ -59.073779290000061, -32.312019100000271 ], [ -59.081807040000051, -32.294452130000288 ], [ -59.076080640000065, -32.29012053000028 ], [ -59.08530604000007, -32.286976550000276 ], [ -59.077059510000062, -32.277328420000273 ], [ -59.090156230000062, -32.259294720000277 ], [ -59.08440186000005, -32.250313100000284 ], [ -59.094905810000064, -32.245144500000286 ], [ -59.104468670000074, -32.250410570000277 ], [ -59.105575200000054, -32.238172870000277 ], [ -59.113071910000073, -32.235751030000309 ], [ -59.106641190000062, -32.233209410000299 ], [ -59.111472590000062, -32.225357340000279 ], [ -59.101493940000061, -32.221785460000291 ], [ -59.107391730000074, -32.210084880000274 ], [ -59.100835270000069, -32.196418100000272 ], [ -59.077187390000056, -32.177559660000284 ], [ -59.084970860000062, -32.165110800000285 ], [ -59.078174850000067, -32.158289470000284 ], [ -59.09771224000005, -32.135793530000292 ], [ -59.094473680000078, -32.126402630000285 ], [ -59.074873260000061, -32.126242030000292 ], [ -59.071154280000066, -32.119111310000292 ], [ -59.08567655000008, -32.111430060000302 ], [ -59.077042410000061, -32.101479240000288 ], [ -59.093892660000066, -32.094909510000285 ], [ -59.095699660000058, -32.084036910000272 ], [ -59.081454090000065, -32.070757820000303 ], [ -59.062173410000071, -32.069207290000286 ], [ -59.003347500000061, -32.083383290000278 ], [ -58.990259580000064, -32.061043280000305 ], [ -58.967991840000053, -32.051210760000295 ], [ -58.919183160000053, -32.065505640000289 ], [ -58.902268280000065, -32.051961660000295 ], [ -58.871530940000071, -32.046562810000296 ], [ -58.861482030000062, -32.026300500000303 ], [ -58.768022550000076, -32.009204260000281 ], [ -58.726663040000062, -31.971113490000281 ], [ -58.720494760000058, -31.976214390000308 ], [ -58.707658060000071, -31.968059600000284 ] ], [ [ -58.107781420000059, -32.962242680000287 ], [ -58.107655790000067, -33.001667160000267 ], [ -58.109116830000055, -33.010382640000294 ], [ -58.114550080000058, -33.024698330000291 ], [ -58.087383840000058, -32.996768990000277 ], [ -58.088910030000051, -32.957851060000294 ], [ -58.099723110000056, -32.951574590000277 ], [ -58.101165370000047, -32.956382100000269 ], [ -58.107781420000059, -32.962242680000287 ] ], [ [ -58.121014320000043, -33.028624290000288 ], [ -58.10810544000006, -33.00148255000029 ], [ -58.115740390000049, -32.990353540000292 ], [ -58.128754550000046, -33.025390710000281 ], [ -58.121014320000043, -33.028624290000288 ] ], [ [ -58.114954530000041, -32.974192280000288 ], [ -58.108589210000048, -32.961813840000296 ], [ -58.101434580000067, -32.954353680000288 ], [ -58.112484780000067, -32.931158440000274 ], [ -58.114954530000041, -32.974192280000288 ] ], [ [ -58.114383280000069, -32.99014098000027 ], [ -58.11133903000006, -32.980018670000298 ], [ -58.111975560000054, -32.971667370000283 ], [ -58.11807778000005, -32.982034360000291 ], [ -58.114383280000069, -32.99014098000027 ] ], [ [ -58.124400900000062, -33.008556690000283 ], [ -58.126437580000051, -33.007847870000298 ], [ -58.125741990000051, -33.01139580000028 ], [ -58.124400900000062, -33.008556690000283 ] ] ] ] } },
{ "type": "Feature", "properties": { "fid": 193, "gid": 1500, "DEPARTAMENTO": "Gualeguaychú", "PROVINCIA": "Entre Rios" }, "geometry": { "type": "MultiPolygon", "coordinates": [ [ [ [ -59.089536380000062, -32.465937230000286 ], [ -59.068024480000062, -32.486002100000285 ], [ -59.028437500000074, -32.493232910000273 ], [ -58.971036190000049, -32.5227329900003 ], [ -58.938328750000061, -32.495760550000277 ], [ -58.921312220000054, -32.491899220000278 ], [ -58.911745350000061, -32.510424220000289 ], [ -58.881283810000049, -32.517206690000293 ], [ -58.838501180000065, -32.549105260000289 ], [ -58.814387520000082, -32.549803370000298 ], [ -58.802960330000062, -32.558362750000278 ], [ -58.764148040000066, -32.561027010000281 ], [ -58.751357930000061, -32.552789760000287 ], [ -58.726282340000068, -32.552696060000287 ], [ -58.641505280000054, -32.511323700000283 ], [ -58.62221877000006, -32.516542100000279 ], [ -58.582421120000063, -32.55354667000028 ], [ -58.547242630000071, -32.551993780000281 ], [ -58.521172020000051, -32.561852020000288 ], [ -58.51733143000007, -32.596906640000284 ], [ -58.511537170000047, -32.596593500000289 ], [ -58.531551850000071, -32.610919260000301 ], [ -58.523206600000066, -32.622319640000292 ], [ -58.532397960000047, -32.637047160000286 ], [ -58.51977204000007, -32.656210630000281 ], [ -58.53366316000006, -32.668658650000296 ], [ -58.513904190000069, -32.673891290000284 ], [ -58.509732070000062, -32.686838170000286 ], [ -58.518020780000064, -32.700273880000282 ], [ -58.509210080000067, -32.704756860000295 ], [ -58.50461988000005, -32.732975880000282 ], [ -58.489662380000055, -32.745460910000276 ], [ -58.505326410000066, -32.75652795000029 ], [ -58.493329330000051, -32.774766750000282 ], [ -58.501353560000055, -32.80116378000028 ], [ -58.48880058000006, -32.810783340000292 ], [ -58.495497350000065, -32.836319730000291 ], [ -58.486532410000052, -32.842592670000279 ], [ -58.484690490000069, -32.863662520000261 ], [ -58.494880520000052, -32.860859730000293 ], [ -58.498021730000048, -32.873978580000276 ], [ -58.262724800000072, -32.875677250000287 ], [ -58.263783470000064, -33.027343760000285 ], [ -58.130666520000055, -33.023833230000285 ], [ -58.113999770000049, -33.030173850000295 ], [ -58.139354200000049, -33.040602170000298 ], [ -58.17679368000006, -33.077235640000296 ], [ -58.25798841000006, -33.102834460000274 ], [ -58.315437990000071, -33.106227950000267 ], [ -58.369720380000061, -33.12774684000027 ], [ -58.40444861000006, -33.180585150000269 ], [ -58.409847610000057, -33.235555460000285 ], [ -58.390455750000058, -33.279117730000301 ], [ -58.397185190000073, -33.313767210000279 ], [ -58.431713730000055, -33.363329070000297 ], [ -58.431056820000052, -33.412217410000281 ], [ -58.44314975000006, -33.448080360000269 ], [ -58.434499880000061, -33.501462800000283 ], [ -58.540239890000066, -33.468614150000263 ], [ -58.549092770000073, -33.451695950000278 ], [ -58.562271870000053, -33.457631720000279 ], [ -58.57919320000007, -33.440788200000284 ], [ -58.59800335000007, -33.476012390000278 ], [ -58.605875180000062, -33.469723840000285 ], [ -58.60210875000007, -33.459969760000284 ], [ -58.625627830000049, -33.458468540000283 ], [ -58.658850540000053, -33.436602150000276 ], [ -58.683844970000067, -33.436331380000276 ], [ -58.746369940000051, -33.476505400000264 ], [ -58.793386690000062, -33.440004560000276 ], [ -58.801922330000053, -33.458347070000265 ], [ -58.840857890000073, -33.442243320000287 ], [ -58.861224280000066, -33.480736920000275 ], [ -58.836059960000057, -33.497058530000274 ], [ -58.842546250000055, -33.498439390000279 ], [ -58.930137990000063, -33.486382080000283 ], [ -59.094792920000067, -33.421547880000254 ], [ -59.147996930000069, -33.409691100000295 ], [ -59.222871, -33.323537620000288 ], [ -59.251919420000057, -33.207642370000286 ], [ -59.270890550000061, -33.16555202000027 ], [ -59.291979520000055, -33.153522590000257 ], [ -59.251481940000055, -33.116822180000284 ], [ -59.268126040000055, -33.118207950000276 ], [ -59.270950310000067, -33.112654100000292 ], [ -59.259078490000064, -33.107579390000282 ], [ -59.270617010000059, -33.104854160000265 ], [ -59.277600940000063, -33.091359130000285 ], [ -59.273318200000062, -33.078921320000276 ], [ -59.262699600000055, -33.077169430000282 ], [ -59.266547030000062, -33.059952260000259 ], [ -59.249414750000064, -33.054864730000304 ], [ -59.252311040000052, -33.04356892000029 ], [ -59.234603330000056, -33.034234850000281 ], [ -59.236998210000074, -33.021916620000283 ], [ -59.225637960000071, -33.019821890000301 ], [ -59.231393090000047, -33.005169760000285 ], [ -59.219254320000069, -32.995750620000287 ], [ -59.219145270000055, -32.98595323000027 ], [ -59.212005570000059, -32.980222930000274 ], [ -59.201129390000069, -32.985988190000285 ], [ -59.196646610000059, -32.967789030000269 ], [ -59.202783410000066, -32.961919900000275 ], [ -59.191958860000071, -32.958703020000279 ], [ -59.187916890000061, -32.934945110000292 ], [ -59.142090380000056, -32.911965440000287 ], [ -59.152606650000074, -32.906474150000292 ], [ -59.153105670000059, -32.88281180000029 ], [ -59.162452050000063, -32.873883810000294 ], [ -59.147043850000053, -32.873718220000292 ], [ -59.142536350000071, -32.848823600000287 ], [ -59.127201330000069, -32.848630010000278 ], [ -59.125012970000064, -32.83551645000027 ], [ -59.142209880000074, -32.82586326000029 ], [ -59.132864620000063, -32.812704390000277 ], [ -59.114933100000066, -32.806644040000293 ], [ -59.131611740000046, -32.776807770000282 ], [ -59.114610070000062, -32.773888910000267 ], [ -59.123142830000077, -32.767646970000293 ], [ -59.111688590000064, -32.752294690000284 ], [ -59.135567880000067, -32.750100230000285 ], [ -59.136332500000066, -32.733605450000304 ], [ -59.127980260000065, -32.725767110000284 ], [ -59.144766380000064, -32.718290120000283 ], [ -59.145845480000084, -32.710163810000282 ], [ -59.134777360000072, -32.708910740000277 ], [ -59.126093110000063, -32.68671046000027 ], [ -59.117756420000063, -32.684906320000287 ], [ -59.126700890000066, -32.663355840000278 ], [ -59.108491800000074, -32.666031060000272 ], [ -59.115500890000064, -32.662304510000283 ], [ -59.104131680000087, -32.645343010000289 ], [ -59.105777820000071, -32.633171100000276 ], [ -59.092370830000064, -32.623555620000296 ], [ -59.095060590000053, -32.614421610000285 ], [ -59.103033620000062, -32.615426130000301 ], [ -59.096527550000062, -32.604699820000278 ], [ -59.101469230000063, -32.595810500000276 ], [ -59.094659540000059, -32.592870260000282 ], [ -59.109600550000089, -32.587945030000284 ], [ -59.088571370000061, -32.573667280000279 ], [ -59.110050510000065, -32.563792340000269 ], [ -59.09701423000007, -32.558977110000292 ], [ -59.102920210000065, -32.552892390000281 ], [ -59.096718030000062, -32.543398440000274 ], [ -59.117789310000063, -32.530806510000289 ], [ -59.107237080000061, -32.533736550000292 ], [ -59.112113770000086, -32.515219220000269 ], [ -59.097155400000062, -32.506032670000288 ], [ -59.106261640000064, -32.484291960000284 ], [ -59.089536380000062, -32.465937230000286 ] ] ] ] } },
{ "type": "Feature", "properties": { "fid": 194, "gid": 1535, "DEPARTAMENTO": "Unión", "PROVINCIA": "Córdoba" }, "geometry": { "type": "MultiPolygon", "coordinates": [ [ [ [ -62.52082582000007, -31.967241050000293 ], [ -62.316270120000077, -32.004361680000287 ], [ -62.324623010000089, -32.038981580000275 ], [ -62.282457700000073, -32.046515800000279 ], [ -62.306503580000083, -32.142082150000284 ], [ -62.339386520000069, -32.136807200000277 ], [ -62.375949480000088, -32.287481020000286 ], [ -62.29468231000007, -32.301348920000287 ], [ -62.299082140000081, -32.319533080000276 ], [ -62.24502569000007, -32.329049770000275 ], [ -62.266009200000077, -32.429050810000263 ], [ -62.347192900000074, -32.414841590000258 ], [ -62.354478500000077, -32.444627510000274 ], [ -62.390519070000082, -32.438148410000302 ], [ -62.456272950000084, -32.684690600000287 ], [ -62.486304870000069, -32.679132290000275 ], [ -62.491010650000078, -32.695573570000271 ], [ -62.483258920000075, -32.698027080000273 ], [ -62.503805230000083, -32.782159760000276 ], [ -62.492634220000078, -32.789193690000268 ], [ -62.48738902000008, -32.764303220000258 ], [ -62.451133770000069, -32.848265580000273 ], [ -62.515901820000082, -32.837040020000273 ], [ -62.542887670000056, -32.94671245000027 ], [ -62.507803090000088, -32.952753790000259 ], [ -62.530602810000069, -33.043449440000273 ], [ -62.625233770000079, -33.107961870000267 ], [ -62.520811720000083, -33.127526080000294 ], [ -62.57489634000008, -33.211517810000288 ], [ -62.688415480000089, -33.285672670000267 ], [ -62.603343620000089, -33.301352990000261 ], [ -62.645662870000095, -33.358521750000264 ], [ -62.753369730000074, -33.783465960000278 ], [ -62.776692850000082, -33.779326440000268 ], [ -62.805150940000082, -33.89599599000028 ], [ -63.224709520000076, -33.81525855000028 ], [ -63.081660110000072, -33.272761940000279 ], [ -63.218447930000096, -33.247014200000265 ], [ -63.20430321000007, -33.194275730000264 ], [ -63.215281770000075, -33.192041520000274 ], [ -63.190967130000089, -33.100600180000285 ], [ -63.180191690000086, -33.102497460000258 ], [ -63.131753740000079, -32.919096570000264 ], [ -63.109799190000075, -32.923186240000277 ], [ -63.090610980000079, -32.850247070000279 ], [ -63.055850420000084, -32.857049980000262 ], [ -63.054823370000079, -32.81973228000026 ], [ -63.103317830000073, -32.811029210000278 ], [ -63.058800340000069, -32.632841780000263 ], [ -63.118060990000089, -32.616095560000261 ], [ -63.101127900000094, -32.547964110000272 ], [ -63.081047230000081, -32.525884550000264 ], [ -63.089753790000088, -32.512887660000274 ], [ -63.146575320000082, -32.506082700000277 ], [ -63.163393960000086, -32.472298140000284 ], [ -63.12647594000007, -32.422325520000285 ], [ -63.097697, -32.438324030000267 ], [ -63.092368860000072, -32.417903750000256 ], [ -63.066426040000081, -32.426639350000279 ], [ -63.057835980000078, -32.393239360000265 ], [ -63.067585320000084, -32.395847640000291 ], [ -63.066550100000079, -32.383983400000275 ], [ -63.053498450000077, -32.376364460000289 ], [ -63.020428410000086, -32.382017370000277 ], [ -63.017425940000095, -32.370295080000297 ], [ -62.927380730000081, -32.391462390000278 ], [ -62.861467750000095, -32.160551770000275 ], [ -62.878124450000072, -32.157171150000281 ], [ -62.837834280000088, -32.008354600000274 ], [ -62.635630310000096, -32.047210180000292 ], [ -62.619373470000092, -31.983290340000281 ], [ -62.528957830000081, -31.998894640000287 ], [ -62.52082582000007, -31.967241050000293 ] ] ] ] } },
{ "type": "Feature", "properties": { "fid": 195, "gid": 1536, "DEPARTAMENTO": "Tercero Arriba", "PROVINCIA": "Córdoba" }, "geometry": { "type": "MultiPolygon", "coordinates": [ [ [ [ -63.244447330000078, -31.924843010000281 ], [ -63.211613730000089, -32.010699150000271 ], [ -63.182589030000095, -32.001558300000255 ], [ -63.125630220000076, -31.947395690000274 ], [ -63.111484070000095, -31.958938430000302 ], [ -63.083484110000072, -31.952208220000283 ], [ -63.097011910000084, -32.005466730000286 ], [ -63.115946830000077, -32.00093669000028 ], [ -63.185919830000088, -32.095959270000279 ], [ -63.201318810000089, -32.048266860000275 ], [ -63.358698460000085, -32.087908300000272 ], [ -63.407281970000092, -32.08436166000029 ], [ -63.425469340000085, -32.099370890000266 ], [ -63.447723910000093, -32.103725790000276 ], [ -63.371241470000079, -32.191024110000285 ], [ -63.459314700000093, -32.247409760000288 ], [ -63.516175360000084, -32.222389800000286 ], [ -63.525838040000089, -32.258213990000293 ], [ -63.542777340000079, -32.261906060000292 ], [ -63.572436540000083, -32.378820040000299 ], [ -63.498892330000068, -32.392853110000274 ], [ -63.581384010000086, -32.703139560000281 ], [ -63.560294280000086, -32.707101120000281 ], [ -63.576771560000083, -32.769391280000292 ], [ -63.550249830000091, -32.822658620000261 ], [ -63.721517630000072, -32.790689720000287 ], [ -63.699917180000078, -32.709767980000287 ], [ -63.907448060000085, -32.70037877000027 ], [ -63.97739719000009, -32.737687480000275 ], [ -63.973418720000083, -32.723217120000257 ], [ -64.044013060000083, -32.750362890000261 ], [ -63.977936030000095, -32.475562430000288 ], [ -63.944125470000102, -32.458715100000255 ], [ -63.920393970000092, -32.374520700000275 ], [ -63.988601620000082, -32.360895640000294 ], [ -63.986210690000092, -32.327626240000278 ], [ -64.043773250000086, -32.324466690000257 ], [ -64.089423240000087, -32.308126290000281 ], [ -64.189029020000092, -32.302859560000265 ], [ -64.245859450000097, -32.308222950000285 ], [ -64.245641170000084, -32.32694243000028 ], [ -64.281293330000082, -32.313679700000272 ], [ -64.283426740000081, -32.320101960000287 ], [ -64.293479370000099, -32.318220490000272 ], [ -64.293893740000087, -32.204908480000284 ], [ -64.307402680000081, -32.181091210000282 ], [ -64.284620980000085, -32.164334750000279 ], [ -64.274341600000085, -32.146131140000293 ], [ -64.241407550000091, -32.004466520000264 ], [ -64.084511770000091, -32.004652790000279 ], [ -64.084101470000078, -31.950585980000309 ], [ -63.973793690000093, -31.951751120000292 ], [ -63.974445260000088, -31.998013880000283 ], [ -63.919286860000085, -32.009833260000278 ], [ -63.91895398000009, -31.986993280000284 ], [ -63.699783040000092, -31.988379900000272 ], [ -63.699694, -32.035456900000284 ], [ -63.67787768000008, -32.035053910000272 ], [ -63.677612730000092, -31.999059310000277 ], [ -63.65889805000009, -32.020754860000274 ], [ -63.570011690000086, -31.964225290000304 ], [ -63.554991, -31.981376000000278 ], [ -63.424387870000089, -31.98398268000027 ], [ -63.421731180000094, -31.974198400000276 ], [ -63.396248300000082, -31.970680560000275 ], [ -63.400033710000088, -31.98208339000027 ], [ -63.370387010000087, -31.978013430000296 ], [ -63.367494290000089, -31.966460850000274 ], [ -63.348103510000094, -31.963837520000286 ], [ -63.342522450000082, -31.941777180000276 ], [ -63.313280150000082, -31.933546290000265 ], [ -63.267082330000079, -31.935837670000282 ], [ -63.244447330000078, -31.924843010000281 ] ] ] ] } },
{ "type": "Feature", "properties": { "fid": 196, "gid": 1537, "DEPARTAMENTO": "Río Cuarto", "PROVINCIA": "Córdoba" }, "geometry": { "type": "MultiPolygon", "coordinates": [ [ [ [ -64.245859450000097, -32.308222950000285 ], [ -64.089423240000087, -32.308126290000281 ], [ -64.043773250000086, -32.324466690000257 ], [ -63.986210690000092, -32.327626240000278 ], [ -63.988601620000082, -32.360895640000294 ], [ -63.920393970000092, -32.374520700000275 ], [ -63.944125470000102, -32.458715100000255 ], [ -63.977936030000095, -32.475562430000288 ], [ -64.044013060000083, -32.750362890000261 ], [ -63.973418720000083, -32.723217120000257 ], [ -64.022363800000093, -32.902768370000267 ], [ -64.0375944500001, -32.899741620000277 ], [ -64.042658660000086, -32.91077014000026 ], [ -64.036826130000094, -32.918797440000262 ], [ -64.046461440000101, -32.925324430000281 ], [ -64.029337220000102, -32.930513510000267 ], [ -64.048030860000082, -33.001872520000276 ], [ -64.063840920000089, -33.000518390000273 ], [ -64.075177950000096, -33.04628096000026 ], [ -64.042045250000086, -33.043719160000279 ], [ -63.976576430000087, -33.054284860000273 ], [ -63.992059390000072, -33.111328970000265 ], [ -64.04883046000009, -33.109682200000272 ], [ -64.047936930000091, -33.192644110000273 ], [ -64.038299070000079, -33.197660890000279 ], [ -64.033267290000083, -33.187104200000263 ], [ -64.026834920000084, -33.192456720000266 ], [ -64.022836760000089, -33.179625700000273 ], [ -64.007746940000075, -33.189376520000273 ], [ -64.000862410000082, -33.184739550000273 ], [ -63.995783820000092, -33.196297890000267 ], [ -63.970937040000102, -33.197152990000269 ], [ -63.970722300000077, -33.191288890000287 ], [ -63.965887620000075, -33.197920320000271 ], [ -63.96234744000008, -33.19098984000027 ], [ -63.955486380000082, -33.201600910000273 ], [ -63.95138675000009, -33.191071600000278 ], [ -63.944310670000085, -33.191492070000265 ], [ -63.926220850000078, -33.200689480000271 ], [ -63.926918880000073, -33.206954500000272 ], [ -63.919080510000079, -33.198881580000254 ], [ -63.90641564000007, -33.205206890000284 ], [ -63.903762780000079, -33.192827620000294 ], [ -63.899993550000083, -33.200396470000271 ], [ -63.890153240000082, -33.199487830000258 ], [ -63.885379510000078, -33.643288660000273 ], [ -64.039213190000098, -33.643104440000265 ], [ -64.031711950000087, -34.174234140000259 ], [ -64.07673902000009, -34.179032240000268 ], [ -64.088287470000083, -34.198677840000272 ], [ -64.160196190000079, -34.208414620000276 ], [ -64.208542650000084, -34.239100370000259 ], [ -64.23924609000008, -34.238895170000269 ], [ -64.251985800000099, -34.237312860000273 ], [ -64.254221590000071, -34.227220240000271 ], [ -64.282445860000081, -34.229371240000276 ], [ -64.294315390000065, -34.21394829000026 ], [ -64.317638830000107, -34.226331710000267 ], [ -64.341691270000069, -34.213007140000251 ], [ -64.387815070000087, -34.216709380000268 ], [ -64.398372690000087, -34.20671351000027 ], [ -64.410519380000068, -34.22230436000028 ], [ -64.425229100000081, -34.205585090000262 ], [ -64.466784330000081, -34.210576750000257 ], [ -64.472702310000102, -34.197248690000265 ], [ -64.508805730000091, -34.193175370000262 ], [ -64.520831850000079, -34.182078600000253 ], [ -64.547654280000103, -34.191410350000247 ], [ -64.55545749000008, -34.178054660000264 ], [ -64.565916560000105, -34.183462730000265 ], [ -64.578263140000089, -34.170807230000264 ], [ -64.621803950000071, -34.170319480000259 ], [ -64.623321990000093, -34.160714870000263 ], [ -64.633873570000105, -34.165518090000269 ], [ -64.653359020000096, -34.154750710000251 ], [ -64.644935910000086, -34.142370640000252 ], [ -64.687150460000083, -34.115714530000261 ], [ -64.705857100000088, -34.127965120000255 ], [ -64.711699730000092, -34.11249784000028 ], [ -64.733772230000099, -34.108802630000262 ], [ -64.742450500000089, -34.095900580000254 ], [ -64.759475600000087, -34.09322600000025 ], [ -64.759759370000083, -34.083860070000277 ], [ -64.7871576000001, -34.094081990000262 ], [ -64.791499320000085, -34.083433060000253 ], [ -64.80581830000007, -34.083954530000256 ], [ -64.81443533000008, -34.060748920000272 ], [ -64.818347580000079, -34.065983910000249 ], [ -64.822196750000089, -34.059330720000261 ], [ -64.851284270000079, -34.055939590000264 ], [ -64.859040320000091, -34.067441200000275 ], [ -64.869450130000089, -34.051834060000246 ], [ -64.893805230000083, -34.053940630000248 ], [ -64.912602270000093, -34.042348800000255 ], [ -64.92628146000007, -34.046951060000261 ], [ -64.980276880000091, -34.031263860000273 ], [ -64.99733446000009, -34.037393080000264 ], [ -65.023580660000079, -34.008259620000253 ], [ -65.061433620000088, -34.006216280000267 ], [ -65.063514810000086, -33.979432310000263 ], [ -65.075545240000096, -33.989306470000272 ], [ -65.104354600000093, -33.971429350000257 ], [ -65.14299924000008, -33.19477483000027 ], [ -65.070800730000073, -33.138276650000279 ], [ -65.054847900000084, -33.115570010000262 ], [ -65.059428370000091, -33.099151730000273 ], [ -65.044913650000083, -33.062508030000252 ], [ -65.030504400000083, -33.054502690000263 ], [ -64.9997039000001, -33.002664590000265 ], [ -65.022308780000088, -32.973040300000257 ], [ -64.992780360000097, -32.945166070000262 ], [ -64.980031, -32.885194470000279 ], [ -64.963062260000086, -32.863254680000274 ], [ -64.974005720000093, -32.828963940000264 ], [ -64.970674470000077, -32.805050350000265 ], [ -64.944619380000091, -32.767335900000269 ], [ -64.948188570000099, -32.722839980000266 ], [ -64.909462210000086, -32.685397100000266 ], [ -64.924393960000089, -32.65871350000026 ], [ -64.909919070000086, -32.642167050000289 ], [ -64.921468410000116, -32.623617770000251 ], [ -64.889944980000095, -32.579574950000264 ], [ -64.744725380000077, -32.605939620000278 ], [ -64.727638160000097, -32.617244960000264 ], [ -64.684354060000089, -32.620436980000271 ], [ -64.681428400000101, -32.628734440000272 ], [ -64.663192330000086, -32.632052570000276 ], [ -64.594495880000082, -32.616848140000272 ], [ -64.578475140000066, -32.630715530000259 ], [ -64.550088350000095, -32.630820320000254 ], [ -64.526788810000099, -32.617699700000273 ], [ -64.487502560000095, -32.476551730000274 ], [ -64.459069850000091, -32.481558490000275 ], [ -64.448502500000089, -32.466961900000264 ], [ -64.439101280000088, -32.401279240000271 ], [ -64.426096080000093, -32.379883040000273 ], [ -64.324948100000086, -32.398811510000264 ], [ -64.321989540000089, -32.376370060000276 ], [ -64.24568967000009, -32.390110390000281 ], [ -64.245859450000097, -32.308222950000285 ] ] ] ] } },
{ "type": "Feature", "properties": { "fid": 197, "gid": 1538, "DEPARTAMENTO": "Presidente Roque Sáenz Peña", "PROVINCIA": "Córdoba" }, "geometry": { "type": "MultiPolygon", "coordinates": [ [ [ [ -63.224709520000076, -33.81525855000028 ], [ -62.54427431000007, -33.943225380000264 ], [ -62.883908710000085, -34.386549770000272 ], [ -63.38508386000008, -34.385761310000269 ], [ -63.385298110000079, -34.529636670000265 ], [ -63.502403630000074, -34.521050360000253 ], [ -63.501538850000081, -34.544843010000264 ], [ -63.829820420000082, -34.545433400000249 ], [ -63.834941410000098, -34.364239990000257 ], [ -64.162196480000091, -34.37045857000026 ], [ -64.165508150000079, -34.257347210000269 ], [ -64.208542650000084, -34.239100370000259 ], [ -64.160196190000079, -34.208414620000276 ], [ -64.088287470000083, -34.198677840000272 ], [ -64.07673902000009, -34.179032240000268 ], [ -64.031711950000087, -34.174234140000259 ], [ -64.034825920000074, -33.832831320000267 ], [ -63.228509990000077, -33.830575620000282 ], [ -63.224709520000076, -33.81525855000028 ] ] ] ] } },
{ "type": "Feature", "properties": { "fid": 198, "gid": 1539, "DEPARTAMENTO": "General Roca", "PROVINCIA": "Córdoba" }, "geometry": { "type": "MultiPolygon", "coordinates": [ [ [ [ -65.103713330000105, -33.971726410000265 ], [ -65.075545240000096, -33.989306470000272 ], [ -65.063514810000086, -33.979432310000263 ], [ -65.061433620000088, -34.006216280000267 ], [ -65.023580660000079, -34.008259620000253 ], [ -64.99733446000009, -34.037393080000264 ], [ -64.980276880000091, -34.031263860000273 ], [ -64.92628146000007, -34.046951060000261 ], [ -64.912602270000093, -34.042348800000255 ], [ -64.893805230000083, -34.053940630000248 ], [ -64.869450130000089, -34.051834060000246 ], [ -64.859040320000091, -34.067441200000275 ], [ -64.851284270000079, -34.055939590000264 ], [ -64.822196750000089, -34.059330720000261 ], [ -64.818347580000079, -34.065983910000249 ], [ -64.81443533000008, -34.060748920000272 ], [ -64.80581830000007, -34.083954530000256 ], [ -64.791499320000085, -34.083433060000253 ], [ -64.7871576000001, -34.094081990000262 ], [ -64.759759370000083, -34.083860070000277 ], [ -64.759475600000087, -34.09322600000025 ], [ -64.742450500000089, -34.095900580000254 ], [ -64.733772230000099, -34.108802630000262 ], [ -64.711699730000092, -34.11249784000028 ], [ -64.705857100000088, -34.127965120000255 ], [ -64.687150460000083, -34.115714530000261 ], [ -64.644935910000086, -34.142370640000252 ], [ -64.653359020000096, -34.154750710000251 ], [ -64.633873570000105, -34.165518090000269 ], [ -64.623321990000093, -34.160714870000263 ], [ -64.621803950000071, -34.170319480000259 ], [ -64.578263140000089, -34.170807230000264 ], [ -64.565916560000105, -34.183462730000265 ], [ -64.55545749000008, -34.178054660000264 ], [ -64.547654280000103, -34.191410350000247 ], [ -64.520831850000079, -34.182078600000253 ], [ -64.508805730000091, -34.193175370000262 ], [ -64.472702310000102, -34.197248690000265 ], [ -64.466784330000081, -34.210576750000257 ], [ -64.425229100000081, -34.205585090000262 ], [ -64.410519380000068, -34.22230436000028 ], [ -64.398372690000087, -34.20671351000027 ], [ -64.387815070000087, -34.216709380000268 ], [ -64.341691270000069, -34.213007140000251 ], [ -64.317638830000107, -34.226331710000267 ], [ -64.294315390000065, -34.21394829000026 ], [ -64.277933340000089, -34.23101223000026 ], [ -64.254221590000071, -34.227220240000271 ], [ -64.251451330000094, -34.237556650000286 ], [ -64.199178420000095, -34.24292410000028 ], [ -64.165508150000079, -34.257347210000269 ], [ -64.162196480000091, -34.37045857000026 ], [ -63.834941410000098, -34.364239990000257 ], [ -63.829820420000082, -34.545433400000249 ], [ -63.501538850000081, -34.544843010000264 ], [ -63.502403630000074, -34.521050360000253 ], [ -63.385298110000079, -34.529636670000265 ], [ -63.385733800000068, -35.002217650000262 ], [ -65.106759320000094, -35.015330230000259 ], [ -65.109037940000078, -33.955675500000261 ], [ -65.103713330000105, -33.971726410000265 ] ] ] ] } },
{ "type": "Feature", "properties": { "fid": 199, "gid": 1543, "DEPARTAMENTO": "Juárez Celman", "PROVINCIA": "Córdoba" }, "geometry": { "type": "MultiPolygon", "coordinates": [ [ [ [ -63.524450550000083, -32.872076060000275 ], [ -63.420807550000085, -32.909828330000281 ], [ -63.404789840000092, -32.850128080000275 ], [ -63.345375650000072, -32.861306630000271 ], [ -63.39300366000009, -33.045808460000273 ], [ -63.458682800000084, -33.033244310000292 ], [ -63.481337760000095, -33.118902460000278 ], [ -63.339485250000074, -33.14539169000026 ], [ -63.337836330000073, -33.139395110000294 ], [ -63.316602980000084, -33.143264080000272 ], [ -63.300329750000081, -33.08144769000026 ], [ -63.190967130000089, -33.100600180000285 ], [ -63.215281770000075, -33.192041520000274 ], [ -63.20430321000007, -33.194275730000264 ], [ -63.218447930000096, -33.247014200000265 ], [ -63.081660110000072, -33.272761940000279 ], [ -63.228509990000077, -33.830575620000282 ], [ -64.035988790000076, -33.832821550000247 ], [ -64.039213190000098, -33.643104440000265 ], [ -63.885379510000078, -33.643288660000273 ], [ -63.890153240000082, -33.199487830000258 ], [ -63.899993550000083, -33.200396470000271 ], [ -63.903762780000079, -33.192827620000294 ], [ -63.90641564000007, -33.205206890000284 ], [ -63.919080510000079, -33.198881580000254 ], [ -63.926918880000073, -33.206954500000272 ], [ -63.926220850000078, -33.200689480000271 ], [ -63.944310670000085, -33.191492070000265 ], [ -63.95138675000009, -33.191071600000278 ], [ -63.955486380000082, -33.201600910000273 ], [ -63.96234744000008, -33.19098984000027 ], [ -63.965887620000075, -33.197920320000271 ], [ -63.970722300000077, -33.191288890000287 ], [ -63.970937040000102, -33.197152990000269 ], [ -63.995783820000092, -33.196297890000267 ], [ -64.000862410000082, -33.184739550000273 ], [ -64.007746940000075, -33.189376520000273 ], [ -64.022836760000089, -33.179625700000273 ], [ -64.026834920000084, -33.192456720000266 ], [ -64.033267290000083, -33.187104200000263 ], [ -64.038299070000079, -33.197660890000279 ], [ -64.047936930000091, -33.192644110000273 ], [ -64.04883046000009, -33.109682200000272 ], [ -63.992059390000072, -33.111328970000265 ], [ -63.976576430000087, -33.054284860000273 ], [ -64.042045250000086, -33.043719160000279 ], [ -64.075177950000096, -33.04628096000026 ], [ -64.063840920000089, -33.000518390000273 ], [ -64.048030860000082, -33.001872520000276 ], [ -64.029337220000102, -32.930513510000267 ], [ -64.046461440000101, -32.925324430000281 ], [ -64.036826130000094, -32.918797440000262 ], [ -64.042658660000086, -32.91077014000026 ], [ -64.0375944500001, -32.899741620000277 ], [ -64.022363800000093, -32.902768370000267 ], [ -63.97739719000009, -32.737687480000275 ], [ -63.907448060000085, -32.70037877000027 ], [ -63.699917180000078, -32.709767980000287 ], [ -63.721517630000072, -32.790689720000287 ], [ -63.513140990000075, -32.829308980000285 ], [ -63.524450550000083, -32.872076060000275 ] ] ] ] } },
{ "type": "Feature", "properties": { "fid": 200, "gid": 1547, "DEPARTAMENTO": "General San Martín", "PROVINCIA": "Córdoba" }, "geometry": { "type": "MultiPolygon", "coordinates": [ [ [ [ -63.006235450000091, -32.036614190000279 ], [ -62.951163660000091, -32.036430240000279 ], [ -62.954107, -32.048133200000272 ], [ -62.851178520000076, -32.060529530000267 ], [ -62.878124450000072, -32.157171150000281 ], [ -62.861467750000095, -32.160551770000275 ], [ -62.927380730000081, -32.391462390000278 ], [ -63.017425940000095, -32.370295080000297 ], [ -63.020428410000086, -32.382017370000277 ], [ -63.053498450000077, -32.376364460000289 ], [ -63.066550100000079, -32.383983400000275 ], [ -63.067585320000084, -32.395847640000291 ], [ -63.057835980000078, -32.393239360000265 ], [ -63.066426040000081, -32.426639350000279 ], [ -63.092368860000072, -32.417903750000256 ], [ -63.097697, -32.438324030000267 ], [ -63.12647594000007, -32.422325520000285 ], [ -63.163393960000086, -32.472298140000284 ], [ -63.146575320000082, -32.506082700000277 ], [ -63.089753790000088, -32.512887660000274 ], [ -63.081047230000081, -32.525884550000264 ], [ -63.101127900000094, -32.547964110000272 ], [ -63.118060990000089, -32.616095560000261 ], [ -63.058800340000069, -32.632841780000263 ], [ -63.103317830000073, -32.811029210000278 ], [ -63.054823370000079, -32.81973228000026 ], [ -63.055850420000084, -32.857049980000262 ], [ -63.090610980000079, -32.850247070000279 ], [ -63.109799190000075, -32.923186240000277 ], [ -63.131753740000079, -32.919096570000264 ], [ -63.180191690000086, -33.102497460000258 ], [ -63.300329750000081, -33.08144769000026 ], [ -63.316602980000084, -33.143264080000272 ], [ -63.337836330000073, -33.139395110000294 ], [ -63.339485250000074, -33.14539169000026 ], [ -63.481337760000095, -33.118902460000278 ], [ -63.458682800000084, -33.033244310000292 ], [ -63.39300366000009, -33.045808460000273 ], [ -63.345375650000072, -32.861306630000271 ], [ -63.404789840000092, -32.850128080000275 ], [ -63.420807550000085, -32.909828330000281 ], [ -63.524450550000083, -32.872076060000275 ], [ -63.513140990000075, -32.829308980000285 ], [ -63.550249830000091, -32.822658620000261 ], [ -63.576771560000083, -32.769391280000292 ], [ -63.560294280000086, -32.707101120000281 ], [ -63.581384010000086, -32.703139560000281 ], [ -63.498892330000068, -32.392853110000274 ], [ -63.572436540000083, -32.378820040000299 ], [ -63.542777340000079, -32.261906060000292 ], [ -63.525838040000089, -32.258213990000293 ], [ -63.516175360000084, -32.222389800000286 ], [ -63.459314700000093, -32.247409760000288 ], [ -63.371241470000079, -32.191024110000285 ], [ -63.447723910000093, -32.103725790000276 ], [ -63.425469340000085, -32.099370890000266 ], [ -63.408943680000078, -32.084921030000267 ], [ -63.358698460000085, -32.087908300000272 ], [ -63.201318810000089, -32.048266860000275 ], [ -63.185919830000088, -32.095959270000279 ], [ -63.115946830000077, -32.00093669000028 ], [ -63.006307820000075, -32.021499890000293 ], [ -63.006235450000091, -32.036614190000279 ] ] ] ] } },
{ "type": "Feature", "properties": { "fid": 201, "gid": 1550, "DEPARTAMENTO": "Marcos Juárez", "PROVINCIA": "Córdoba" }, "geometry": { "type": "MultiPolygon", "coordinates": [ [ [ [ -62.182143090000082, -32.063679220000289 ], [ -62.196779650000089, -32.114769780000287 ], [ -62.178877180000093, -32.159421550000282 ], [ -62.127683080000089, -32.209223070000284 ], [ -62.037889360000086, -32.262914420000286 ], [ -62.011634640000075, -32.347327590000283 ], [ -61.983966610000081, -32.393778230000294 ], [ -61.943944070000079, -32.439106970000275 ], [ -61.914512190000082, -32.494663610000288 ], [ -61.92071231000007, -32.506144820000301 ], [ -61.912074510000075, -32.52647400000027 ], [ -61.929451700000079, -32.536421380000299 ], [ -61.930573410000093, -32.544505980000267 ], [ -61.90505222000008, -32.55254614000026 ], [ -61.902477380000079, -32.568618840000283 ], [ -61.926380570000084, -32.584034410000307 ], [ -61.92059092000008, -32.594278370000268 ], [ -61.89182938000009, -32.59053377000027 ], [ -61.889494840000069, -32.61079757000028 ], [ -61.946168130000075, -32.651026360000273 ], [ -61.946625700000077, -32.678480550000288 ], [ -61.907414770000081, -32.695746810000294 ], [ -61.857987900000083, -32.694551530000268 ], [ -61.828402290000078, -32.754510680000287 ], [ -61.810154530000069, -32.759372580000282 ], [ -61.785790900000073, -32.79561705000026 ], [ -61.777690030000088, -32.830402390000273 ], [ -61.792818640000078, -32.873249350000258 ], [ -61.771552210000074, -32.901465000000272 ], [ -61.790999540000072, -32.958406690000274 ], [ -61.787668390000071, -33.006201710000269 ], [ -61.861146650000087, -33.068394890000278 ], [ -61.888748400000068, -33.105990380000279 ], [ -61.923248890000082, -33.119580610000277 ], [ -62.54427431000007, -33.943225380000264 ], [ -62.805150940000082, -33.89599599000028 ], [ -62.776692850000082, -33.779326440000268 ], [ -62.753369730000074, -33.783465960000278 ], [ -62.645662870000095, -33.358521750000264 ], [ -62.603343620000089, -33.301352990000261 ], [ -62.688415480000089, -33.285672670000267 ], [ -62.57489634000008, -33.211517810000288 ], [ -62.520811720000083, -33.127526080000294 ], [ -62.625233770000079, -33.107961870000267 ], [ -62.530602810000069, -33.043449440000273 ], [ -62.507803090000088, -32.952753790000259 ], [ -62.542887670000056, -32.94671245000027 ], [ -62.515901820000082, -32.837040020000273 ], [ -62.451133770000069, -32.848265580000273 ], [ -62.48738902000008, -32.764303220000258 ], [ -62.492634220000078, -32.789193690000268 ], [ -62.503805230000083, -32.782159760000276 ], [ -62.483258920000075, -32.698027080000273 ], [ -62.491010650000078, -32.695573570000271 ], [ -62.486304870000069, -32.679132290000275 ], [ -62.456272950000084, -32.684690600000287 ], [ -62.390519070000082, -32.438148410000302 ], [ -62.354478500000077, -32.444627510000274 ], [ -62.347192900000074, -32.414841590000258 ], [ -62.266009200000077, -32.429050810000263 ], [ -62.24502569000007, -32.329049770000275 ], [ -62.299082140000081, -32.319533080000276 ], [ -62.29468231000007, -32.301348920000287 ], [ -62.375949480000088, -32.287481020000286 ], [ -62.339386520000069, -32.136807200000277 ], [ -62.306503580000083, -32.142082150000284 ], [ -62.282457700000073, -32.046515800000279 ], [ -62.182143090000082, -32.063679220000289 ] ] ] ] } },
{ "type": "Feature", "properties": { "fid": 269, "gid": 1071, "DEPARTAMENTO": "O'Higgins", "PROVINCIA": "Chaco" }, "geometry": { "type": "MultiPolygon", "coordinates": [ [ [ [ -60.513373840000092, -27.009848320000316 ], [ -60.518392010000078, -27.46476401000033 ], [ -60.909284190000072, -27.460028050000322 ], [ -60.909424890000075, -27.399847280000316 ], [ -60.820795650000086, -27.370181750000324 ], [ -60.81988208000007, -27.309903040000322 ], [ -60.905855980000076, -27.252031330000321 ], [ -60.844518390000083, -27.18007240000032 ], [ -60.817972810000086, -27.198176570000314 ], [ -60.815564980000076, -27.054974970000313 ], [ -60.615315070000094, -27.057248070000309 ], [ -60.614826570000076, -26.974100560000313 ], [ -60.513373840000092, -27.009848320000316 ] ] ] ] } },
{ "type": "Feature", "properties": { "fid": 276, "gid": 1119, "DEPARTAMENTO": "12 de Octubre", "PROVINCIA": "Chaco" }, "geometry": { "type": "MultiPolygon", "coordinates": [ [ [ [ -61.71267926000008, -26.928196960000317 ], [ -60.997214450000079, -27.417700890000322 ], [ -60.99728161000008, -27.478114780000308 ], [ -61.571167920000093, -27.480193310000313 ], [ -61.569270730000085, -27.714244860000306 ], [ -61.711868290000083, -27.713970550000319 ], [ -61.71267926000008, -26.928196960000317 ] ] ] ] } },
{ "type": "Feature", "properties": { "fid": 277, "gid": 1120, "DEPARTAMENTO": "Pilagás", "PROVINCIA": "Formosa" }, "geometry": { "type": "MultiPolygon", "coordinates": [ [ [ [ -58.891536970000075, -24.715035180000328 ], [ -58.879087630000079, -24.73281451000032 ], [ -58.854760020000072, -24.732624160000334 ], [ -58.807361160000056, -24.772408740000344 ], [ -58.743439320000078, -24.78087962000032 ], [ -58.726992490000086, -24.774331350000331 ], [ -58.708565940000071, -24.810518190000327 ], [ -58.688749790000081, -24.810175550000331 ], [ -58.67350220000008, -24.831514560000318 ], [ -58.648660630000073, -24.824528460000337 ], [ -58.611027070000063, -24.831114810000329 ], [ -58.573583880000072, -24.821025890000342 ], [ -58.550474550000075, -24.827726450000323 ], [ -58.52618501000007, -24.850816740000329 ], [ -58.510899360000082, -24.843507040000333 ], [ -58.49746016000006, -24.857955130000349 ], [ -58.473703620000066, -24.860905660000341 ], [ -58.430016720000069, -24.893304400000314 ], [ -58.428627110000065, -24.923437890000326 ], [ -58.408339830000074, -24.92305718000032 ], [ -58.392916160000091, -24.951610710000317 ], [ -58.380523930000066, -24.955132310000337 ], [ -58.378353120000057, -25.392969130000328 ], [ -58.605171200000065, -25.394346240000338 ], [ -58.605098720000072, -25.470651630000329 ], [ -59.053630830000074, -25.174020770000318 ], [ -58.891178130000071, -25.051959990000327 ], [ -58.891536970000075, -24.715035180000328 ] ] ] ] } },
{ "type": "Feature", "properties": { "fid": 278, "gid": 1121, "DEPARTAMENTO": "Laishi", "PROVINCIA": "Formosa" }, "geometry": { "type": "MultiPolygon", "coordinates": [ [ [ [ -58.50413132000007, -26.343353270000332 ], [ -58.267353060000062, -26.34418487000033 ], [ -58.215851520000065, -26.384135490000322 ], [ -58.218498190000062, -26.417829000000328 ], [ -58.180900330000085, -26.457397060000321 ], [ -58.228622800000061, -26.464621110000319 ], [ -58.234003150000063, -26.474246030000316 ], [ -58.208199880000073, -26.495468440000323 ], [ -58.224932250000059, -26.536071560000337 ], [ -58.199805140000066, -26.560513380000312 ], [ -58.194094440000072, -26.597804300000316 ], [ -58.210198630000072, -26.622131910000324 ], [ -58.190668010000088, -26.643147310000305 ], [ -58.20945624000008, -26.654911360000327 ], [ -58.245662120000077, -26.642290700000316 ], [ -58.260224420000064, -26.645088950000321 ], [ -58.248003510000068, -26.754620290000325 ], [ -58.264735880000067, -26.762672390000329 ], [ -58.293346520000064, -26.75776118000033 ], [ -58.283980960000065, -26.795394740000315 ], [ -58.307052210000066, -26.808358040000307 ], [ -58.334863350000056, -26.809557290000321 ], [ -58.317894740000071, -26.85273440000033 ], [ -58.325271630000074, -26.869673870000312 ], [ -58.370212620000075, -26.864265860000323 ], [ -58.378235620000076, -26.879842340000302 ], [ -58.382502630000076, -26.858923700000318 ], [ -58.398664850000074, -26.864892480000314 ], [ -58.390583740000075, -26.841015440000316 ], [ -58.40104165000006, -26.829927930000327 ], [ -58.404369170000066, -26.840589010000315 ], [ -58.409122760000059, -26.827369120000323 ], [ -58.42100675000006, -26.836751140000324 ], [ -58.428137140000054, -26.83376604000032 ], [ -58.422432830000062, -26.82438377000032 ], [ -58.443824, -26.832060230000312 ], [ -58.450479030000075, -26.817133300000329 ], [ -58.468067330000061, -26.818839330000316 ], [ -58.473296290000079, -26.828222060000339 ], [ -58.481852760000066, -26.818412830000312 ], [ -58.471870210000056, -26.812868090000311 ], [ -58.485655630000053, -26.794952470000322 ], [ -58.497064260000087, -26.791966250000343 ], [ -58.52083223000006, -26.756125470000317 ], [ -58.534142300000056, -26.756125470000342 ], [ -58.530814780000064, -26.740761640000311 ], [ -58.544600210000063, -26.738627610000318 ], [ -58.545386830000076, -26.75158694000033 ], [ -58.557970780000076, -26.72903192000032 ], [ -58.569117290000065, -26.727701740000327 ], [ -58.577114020000074, -26.696770050000325 ], [ -58.572181390000068, -26.687516700000327 ], [ -58.611001390000077, -26.681494020000336 ], [ -58.628151340000073, -26.662333420000323 ], [ -58.642130160000086, -26.655609890000331 ], [ -58.653181040000064, -26.65941772000032 ], [ -58.66106280000006, -26.648829170000319 ], [ -58.681545740000054, -26.642493820000329 ], [ -58.677033850000072, -26.634387110000322 ], [ -58.689423510000054, -26.594150890000318 ], [ -58.701011520000073, -26.58993830000033 ], [ -58.720127910000066, -26.602053040000325 ], [ -58.744377080000064, -26.602646340000323 ], [ -58.770597230000057, -26.538664970000323 ], [ -58.796145220000064, -26.535042680000323 ], [ -58.791126510000076, -26.51995884000031 ], [ -58.823327270000078, -26.525002630000312 ], [ -58.845613870000086, -26.519216190000325 ], [ -58.856797100000087, -26.508922190000341 ], [ -58.865752220000076, -26.475083260000314 ], [ -58.909808630000079, -26.462557180000314 ], [ -58.914854710000064, -26.445142410000326 ], [ -58.941972060000055, -26.430659030000328 ], [ -58.955559890000067, -26.399876490000338 ], [ -58.974859860000073, -26.388461010000327 ], [ -58.974452970000073, -26.185766220000321 ], [ -58.757656100000077, -26.183553700000321 ], [ -58.75666046000007, -26.157299040000339 ], [ -58.568695070000068, -26.159208300000344 ], [ -58.568973540000073, -26.17350006000034 ], [ -58.505393980000065, -26.173637390000319 ], [ -58.50413132000007, -26.343353270000332 ] ] ] ] } },
{ "type": "Feature", "properties": { "fid": 279, "gid": 1122, "DEPARTAMENTO": "Pirané", "PROVINCIA": "Formosa" }, "geometry": { "type": "MultiPolygon", "coordinates": [ [ [ [ -58.92586136000007, -25.778560640000329 ], [ -58.926033020000062, -26.185304640000318 ], [ -58.974452970000073, -26.185766220000321 ], [ -58.974859860000073, -26.388461010000327 ], [ -59.002731380000085, -26.374149030000329 ], [ -59.024080680000075, -26.381219930000327 ], [ -59.024410750000058, -26.373343130000325 ], [ -59.035271610000066, -26.374370270000334 ], [ -59.042898480000076, -26.365348100000311 ], [ -59.068475280000072, -26.374232780000316 ], [ -59.105999720000085, -26.344850950000314 ], [ -59.128816980000067, -26.343994360000337 ], [ -59.110277960000062, -26.32600447000031 ], [ -59.130718410000064, -26.328146270000317 ], [ -59.153871870000081, -26.316859910000325 ], [ -59.152109590000087, -26.308011750000311 ], [ -59.138799530000085, -26.31272440000032 ], [ -59.140225600000072, -26.299442800000321 ], [ -59.167564220000067, -26.298636640000336 ], [ -59.171450510000064, -26.309083610000318 ], [ -59.181964800000088, -26.30471777000033 ], [ -59.190360540000064, -26.316469810000317 ], [ -59.184089220000082, -26.32287826000033 ], [ -59.192586640000087, -26.32973406000033 ], [ -59.203680030000065, -26.326819800000319 ], [ -59.229570450000075, -26.343062050000324 ], [ -59.254734450000072, -26.34048684000032 ], [ -59.252410440000062, -26.348705530000334 ], [ -59.27765701000007, -26.349770080000319 ], [ -59.297552650000078, -26.335795790000329 ], [ -59.311118080000078, -26.339427300000331 ], [ -59.312988200000078, -26.318949630000336 ], [ -59.333465610000054, -26.335710630000314 ], [ -59.343859190000067, -26.327791220000311 ], [ -59.357505540000076, -26.337969600000338 ], [ -59.385972720000076, -26.30454285000032 ], [ -59.40328764000008, -26.299483970000324 ], [ -59.403317350000066, -26.293990060000315 ], [ -59.386937160000073, -26.294729600000334 ], [ -59.384560360000073, -26.279303240000324 ], [ -59.39606670000007, -26.273781140000303 ], [ -59.380692540000076, -26.264928890000316 ], [ -59.397934990000081, -26.258624290000327 ], [ -59.39455008000008, -26.247644630000327 ], [ -59.415861940000063, -26.222160930000321 ], [ -59.410297570000075, -26.207101910000318 ], [ -59.429351680000082, -26.197750240000325 ], [ -59.41874231000007, -26.196174470000329 ], [ -59.425023570000072, -26.189123230000309 ], [ -59.420658290000063, -26.178300000000334 ], [ -59.408930810000079, -26.180013370000324 ], [ -59.413657380000082, -26.168091630000319 ], [ -59.424006330000076, -26.167150360000317 ], [ -59.421377160000077, -26.161157440000334 ], [ -59.454159860000061, -26.147612400000327 ], [ -59.456181540000074, -26.160198180000314 ], [ -59.464972990000071, -26.150592160000318 ], [ -59.475770940000068, -26.161734360000338 ], [ -59.489342130000082, -26.155426270000337 ], [ -59.49580233000006, -26.16238161000031 ], [ -59.495422300000072, -26.153879590000308 ], [ -59.507731060000069, -26.159701080000318 ], [ -59.51779018000007, -26.143775130000318 ], [ -59.532136620000074, -26.150626570000316 ], [ -59.535483530000079, -26.141321640000328 ], [ -59.547333800000068, -26.142566660000316 ], [ -59.547319350000073, -26.150856510000327 ], [ -59.574228790000063, -26.152814760000307 ], [ -59.584773310000067, -26.121825710000323 ], [ -59.597207680000082, -26.130960590000313 ], [ -59.603346890000068, -26.115218820000322 ], [ -59.608874080000078, -26.123711750000325 ], [ -59.636642200000068, -26.119929840000314 ], [ -59.635147090000068, -25.607522960000328 ], [ -59.053630830000074, -25.174020770000318 ], [ -58.605098720000072, -25.470651630000329 ], [ -58.604747770000088, -25.777242660000329 ], [ -58.92586136000007, -25.778560640000329 ] ] ] ] } },
{ "type": "Feature", "properties": { "fid": 280, "gid": 1123, "DEPARTAMENTO": "General Güemes", "PROVINCIA": "Chaco" }, "geometry": { "type": "MultiPolygon", "coordinates": [ [ [ [ -62.324339550000097, -24.123184090000322 ], [ -62.301522300000087, -24.116203390000337 ], [ -62.243528450000106, -24.145432480000313 ], [ -62.228316940000092, -24.135399370000336 ], [ -62.216432960000084, -24.151103010000323 ], [ -62.182682440000107, -24.155028610000318 ], [ -62.171749170000098, -24.177707490000344 ], [ -62.180781, -24.195150010000336 ], [ -62.167946290000096, -24.203870360000323 ], [ -62.164143420000094, -24.195586040000325 ], [ -62.136097210000109, -24.196022070000328 ], [ -62.138474010000095, -24.218693580000323 ], [ -62.07642849000009, -24.201301040000331 ], [ -62.087610540000107, -24.220437370000312 ], [ -62.082856950000092, -24.230463720000312 ], [ -62.055286100000082, -24.211282190000318 ], [ -62.041025320000088, -24.240489260000331 ], [ -62.01773270000011, -24.22697638000033 ], [ -61.989211140000101, -24.250514010000323 ], [ -61.979228590000098, -24.245283810000338 ], [ -61.984651610000093, -24.227095370000328 ], [ -61.94500271000009, -24.23918163000031 ], [ -61.95450990000009, -24.261409570000311 ], [ -61.938823030000087, -24.266203310000325 ], [ -61.907837860000107, -24.259432070000337 ], [ -61.904007840000084, -24.27777047000032 ], [ -61.920264160000087, -24.283898980000316 ], [ -61.908516480000102, -24.306762290000332 ], [ -61.883681340000095, -24.266639100000319 ], [ -61.879320770000092, -24.307321470000343 ], [ -61.839948270000107, -24.301497090000325 ], [ -61.831391800000084, -24.316744410000343 ], [ -61.8023948700001, -24.322407230000326 ], [ -61.798592, -24.336345390000325 ], [ -61.761513960000094, -24.306724950000323 ], [ -61.760563240000089, -24.32850537000034 ], [ -61.720633040000081, -24.339829690000325 ], [ -61.728238800000092, -24.359427060000332 ], [ -61.694012920000077, -24.365958840000349 ], [ -61.713978010000091, -24.383375230000315 ], [ -61.694488270000086, -24.415153910000342 ], [ -61.639697600000069, -24.434574620000323 ], [ -61.610349650000089, -24.421682770000327 ], [ -61.604169980000094, -24.455627350000338 ], [ -61.597514950000097, -24.438221030000314 ], [ -61.582844250000107, -24.441594150000327 ], [ -61.596402730000094, -24.479292730000328 ], [ -61.521750670000088, -24.518060630000331 ], [ -61.523956370000093, -24.539262050000346 ], [ -61.477249, -24.575229930000329 ], [ -61.471544690000094, -24.58479316000032 ], [ -61.483904040000091, -24.590009160000335 ], [ -61.472598450000092, -24.601062740000327 ], [ -61.423825, -24.617484260000317 ], [ -61.382725160000092, -24.61275732000032 ], [ -61.381226390000087, -24.637812220000342 ], [ -61.361835830000082, -24.621647360000317 ], [ -61.346106700000085, -24.638663420000327 ], [ -61.284728420000079, -24.624342320000327 ], [ -61.276062010000089, -24.639154530000329 ], [ -61.255731500000088, -24.62173507000033 ], [ -61.244322870000069, -24.653452840000334 ], [ -61.230062090000089, -24.635205250000315 ], [ -61.227209930000093, -24.655190560000339 ], [ -61.214850580000089, -24.649108420000335 ], [ -61.197262280000075, -24.661272410000322 ], [ -61.199163720000094, -24.674303920000341 ], [ -61.217702740000085, -24.665616400000332 ], [ -61.201065160000077, -24.682556500000331 ], [ -61.208073850000083, -24.698026450000338 ], [ -61.180149340000078, -24.72250855000032 ], [ -61.170642150000077, -24.699928550000312 ], [ -61.156856730000094, -24.703836920000334 ], [ -61.170166800000089, -24.709916360000324 ], [ -61.162561040000092, -24.721640160000323 ], [ -61.171592870000083, -24.734231140000333 ], [ -61.156381370000084, -24.738572560000328 ], [ -61.150201700000082, -24.749859530000343 ], [ -61.148775620000094, -24.761145470000322 ], [ -61.158282810000095, -24.757672980000322 ], [ -61.156381370000076, -24.785016150000345 ], [ -61.133088760000092, -24.786752020000321 ], [ -61.143546670000077, -24.792827360000341 ], [ -61.144022030000087, -24.804977150000333 ], [ -61.107416980000082, -24.83484135000031 ], [ -61.092683200000089, -24.83491257000032 ], [ -61.091257130000095, -24.852696810000324 ], [ -61.067964510000095, -24.857467750000314 ], [ -61.078765930000095, -24.864566560000334 ], [ -61.075101890000084, -24.872696180000315 ], [ -61.063210920000095, -24.872646790000335 ], [ -61.042770460000078, -24.897362900000324 ], [ -61.024231440000094, -24.889124750000317 ], [ -61.031837190000083, -24.90126498000032 ], [ -61.016150330000094, -24.909502310000324 ], [ -61.020234980000069, -24.921316160000327 ], [ -60.994186460000094, -24.916385400000319 ], [ -60.995709880000092, -24.933777520000319 ], [ -60.963973310000085, -24.948386190000335 ], [ -60.953522470000074, -24.972647070000335 ], [ -60.921553800000069, -24.979280500000343 ], [ -60.941518900000084, -24.990978510000328 ], [ -60.940092820000068, -25.004408180000322 ], [ -60.927258110000096, -24.992711460000319 ], [ -60.921078440000073, -25.010472710000318 ], [ -60.892081510000089, -25.011339040000323 ], [ -60.874980300000075, -25.019712280000316 ], [ -60.869739620000082, -25.031263070000332 ], [ -60.821728310000076, -25.03429470000032 ], [ -60.820777600000092, -25.039491600000336 ], [ -60.83693982000009, -25.038192400000323 ], [ -60.814122560000094, -25.074564880000317 ], [ -60.806992170000086, -25.064173850000319 ], [ -60.748522960000095, -25.069369480000315 ], [ -60.767537340000089, -25.090582630000327 ], [ -60.741867930000083, -25.101837070000336 ], [ -60.738065050000081, -25.097508560000325 ], [ -60.732836100000092, -25.116985640000319 ], [ -60.720476750000103, -25.116120060000323 ], [ -60.721446820000097, -25.125210230000327 ], [ -60.700036290000092, -25.119582340000331 ], [ -60.676268320000077, -25.135594130000342 ], [ -60.68625087000008, -25.113956080000321 ], [ -60.653451070000081, -25.119582340000317 ], [ -60.670564010000078, -25.149007780000314 ], [ -60.644419240000076, -25.154199760000321 ], [ -60.642517800000078, -25.159824150000322 ], [ -60.653926430000084, -25.158526240000317 ], [ -60.651549630000069, -25.165448280000344 ], [ -60.63728885000009, -25.165448280000319 ], [ -60.63063381000007, -25.177560910000327 ], [ -60.625880220000091, -25.17063956000035 ], [ -60.608291920000077, -25.177128330000322 ], [ -60.605439760000081, -25.159391520000334 ], [ -60.585950020000077, -25.177993480000339 ], [ -60.571213880000094, -25.169774360000318 ], [ -60.568361730000078, -25.198755070000342 ], [ -60.561231330000076, -25.18361676000033 ], [ -60.544118390000094, -25.180156310000324 ], [ -60.541002050000081, -25.167448320000315 ], [ -60.529647970000077, -25.171783650000307 ], [ -60.510211550000072, -25.188299520000324 ], [ -60.508310120000075, -25.213816290000317 ], [ -60.489771100000077, -25.209491790000332 ], [ -60.485017500000076, -25.235868790000321 ], [ -60.466003120000074, -25.242354060000316 ], [ -60.441759790000077, -25.265265850000315 ], [ -60.443185870000079, -25.28644456000033 ], [ -60.431301880000078, -25.281690480000304 ], [ -60.427499010000076, -25.315397150000337 ], [ -60.413713580000085, -25.307619530000327 ], [ -60.400878880000072, -25.329654810000324 ], [ -60.388994890000092, -25.335271000000329 ], [ -60.354293650000081, -25.322742220000336 ], [ -60.350015420000076, -25.355573490000332 ], [ -60.340032870000087, -25.357301200000325 ], [ -60.338606790000071, -25.365507490000322 ], [ -60.346212540000089, -25.380191030000319 ], [ -60.331001040000068, -25.377599940000323 ], [ -60.312937380000093, -25.388395740000341 ], [ -60.333853200000092, -25.391418390000329 ], [ -60.32719816000008, -25.407393980000315 ], [ -60.307708430000091, -25.405666990000316 ], [ -60.322919930000083, -25.424230800000334 ], [ -60.295824440000075, -25.409984420000317 ], [ -60.300102670000072, -25.427684210000319 ], [ -60.282514370000079, -25.433295800000337 ], [ -60.27443326000008, -25.466528210000334 ], [ -60.252566730000069, -25.46393900000032 ], [ -60.248763850000095, -25.474726990000317 ], [ -60.238781300000078, -25.473000980000315 ], [ -60.224520520000084, -25.485082530000323 ], [ -60.241158100000092, -25.508810590000316 ], [ -60.22689732000007, -25.501476970000311 ], [ -60.220242290000087, -25.534259050000323 ], [ -60.226421960000081, -25.542884410000319 ], [ -60.241633460000088, -25.544609410000323 ], [ -60.23783059000008, -25.559270870000343 ], [ -60.231175550000088, -25.567894410000324 ], [ -60.222143720000069, -25.558408480000331 ], [ -60.219291570000081, -25.570050200000335 ], [ -60.205030780000094, -25.57393051000032 ], [ -60.226421960000089, -25.586001800000325 ], [ -60.211685820000078, -25.592899130000319 ], [ -60.220717650000083, -25.598502910000313 ], [ -60.215488690000086, -25.601951250000329 ], [ -60.184114970000074, -25.611433700000333 ], [ -60.203129350000069, -25.613588690000338 ], [ -60.175083140000083, -25.630396290000331 ], [ -60.192671440000069, -25.635998300000324 ], [ -60.181262810000078, -25.643754480000315 ], [ -60.176984580000095, -25.659696140000339 ], [ -60.171280260000088, -25.648494120000329 ], [ -60.142283340000084, -25.637291030000316 ], [ -60.139906540000077, -25.6510792900003 ], [ -60.115663210000079, -25.663142700000321 ], [ -60.101402420000085, -25.657541990000322 ], [ -60.099260140000084, -26.122377810000327 ], [ -61.203582290000078, -26.109011540000335 ], [ -61.193568410000083, -25.563500520000318 ], [ -61.39383319000008, -25.560392080000316 ], [ -61.393658780000095, -25.469501370000319 ], [ -62.218557590000096, -25.466682070000324 ], [ -62.218558220000098, -24.830107530000319 ], [ -62.715774820000085, -24.83089692000032 ], [ -62.342352100000092, -24.392113400000323 ], [ -62.342156890000091, -24.110248640000325 ], [ -62.326716350000105, -24.078675570000321 ], [ -62.309603410000101, -24.105295290000338 ], [ -62.324339550000097, -24.123184090000322 ] ] ] ] } },
{ "type": "Feature", "properties": { "fid": 282, "gid": 1149, "DEPARTAMENTO": "Patiño", "PROVINCIA": "Formosa" }, "geometry": { "type": "MultiPolygon", "coordinates": [ [ [ [ -60.0731, -24.011100000000322 ], [ -60.039, -24.011700000000349 ], [ -59.471410750000082, -24.335322340000328 ], [ -59.472231660000077, -24.347528970000326 ], [ -59.458097660000078, -24.35745133000033 ], [ -59.456598600000078, -24.373512690000322 ], [ -59.425596610000078, -24.395858210000327 ], [ -59.421275510000072, -24.408878620000323 ], [ -59.374103880000064, -24.421866910000325 ], [ -59.352153350000066, -24.481204710000338 ], [ -59.341921670000076, -24.489175910000338 ], [ -59.319941400000062, -24.492001520000336 ], [ -59.286932330000063, -24.517985230000335 ], [ -59.25760547000008, -24.519680600000331 ], [ -59.241276420000084, -24.546062870000327 ], [ -59.185537540000077, -24.563641140000321 ], [ -59.177863780000074, -24.577977390000328 ], [ -59.157102990000077, -24.587495240000326 ], [ -59.153385080000071, -24.599689970000345 ], [ -59.132564790000075, -24.608107320000354 ], [ -59.127805870000081, -24.617952340000333 ], [ -59.079829990000057, -24.621283580000327 ], [ -59.023882910000076, -24.660098540000337 ], [ -58.972970770000082, -24.662055650000326 ], [ -58.891744340000074, -24.715016140000344 ], [ -58.891178130000071, -25.051959990000327 ], [ -59.635147090000068, -25.607522960000328 ], [ -59.639742580000075, -26.126385900000322 ], [ -59.626247180000085, -26.134340040000328 ], [ -59.648731450000078, -26.134901360000313 ], [ -59.658593860000082, -26.143556680000319 ], [ -59.662444520000079, -26.139011480000324 ], [ -59.649267560000077, -26.119454910000321 ], [ -59.678303660000083, -26.115001600000337 ], [ -59.674269190000075, -26.09611761000032 ], [ -59.682510160000071, -26.089486370000323 ], [ -59.665726550000073, -26.076042850000324 ], [ -59.673109350000075, -26.070239800000319 ], [ -59.663610830000088, -26.062459820000331 ], [ -59.663984750000083, -26.05384848000033 ], [ -59.67002989000008, -26.061580260000341 ], [ -59.678640850000065, -26.054132570000327 ], [ -59.67262819000009, -26.049806490000314 ], [ -59.676370160000083, -26.030073030000324 ], [ -59.668182380000069, -26.024916030000316 ], [ -59.68543479000008, -26.009402880000327 ], [ -59.669865380000068, -26.011443210000323 ], [ -59.67116783000008, -26.003304010000313 ], [ -59.69605801000008, -26.006521910000309 ], [ -59.702284310000074, -26.00046502000032 ], [ -59.707786680000069, -26.009778850000316 ], [ -59.708057440000061, -25.996322620000321 ], [ -59.725093930000092, -25.999757560000329 ], [ -59.727870340000074, -25.970149570000327 ], [ -59.740804540000077, -25.975545440000328 ], [ -59.751428440000083, -25.96323701000032 ], [ -59.743571820000071, -25.949520900000326 ], [ -59.75452020000008, -25.955628180000328 ], [ -59.74761232000008, -25.943317730000306 ], [ -59.757926560000072, -25.937980990000341 ], [ -59.753458390000084, -25.920720840000325 ], [ -59.768644400000071, -25.925681990000339 ], [ -59.764571100000083, -25.916001000000314 ], [ -59.788283950000078, -25.909711620000333 ], [ -59.781179730000062, -25.896681420000338 ], [ -59.789218010000091, -25.903023280000316 ], [ -59.804346660000071, -25.898267350000332 ], [ -59.801847220000099, -25.89205767000032 ], [ -59.811609260000061, -25.89624959000032 ], [ -59.826802900000075, -25.88993705000032 ], [ -59.815720190000079, -25.884432120000323 ], [ -59.827161480000079, -25.869636870000321 ], [ -59.836127840000088, -25.875978450000314 ], [ -59.843675610000076, -25.856046630000318 ], [ -59.871339100000078, -25.845801750000309 ], [ -59.859206760000077, -25.838027660000336 ], [ -59.869569820000081, -25.835410880000332 ], [ -59.87721284000007, -25.845089600000307 ], [ -59.871817960000079, -25.82836665000033 ], [ -59.881310990000081, -25.815121900000317 ], [ -59.877508120000073, -25.802213470000318 ], [ -59.926470140000092, -25.791885690000317 ], [ -59.921241190000089, -25.782417770000315 ], [ -59.927896220000072, -25.769936160000331 ], [ -59.943107720000086, -25.773379500000328 ], [ -59.942632360000076, -25.759605550000316 ], [ -59.954991710000073, -25.769936160000324 ], [ -59.986840790000095, -25.743246880000317 ], [ -59.979710400000066, -25.723010650000333 ], [ -59.998249420000086, -25.734636150000338 ], [ -60.011559490000089, -25.729469400000319 ], [ -60.02154203000007, -25.723010650000329 ], [ -60.018214520000072, -25.704062940000309 ], [ -60.063373670000075, -25.673912560000321 ], [ -60.070028700000073, -25.680374010000332 ], [ -60.102828500000079, -25.670035530000323 ], [ -60.101402420000085, -25.657541990000322 ], [ -60.115663210000079, -25.663142700000321 ], [ -60.139906540000077, -25.6510792900003 ], [ -60.142283340000084, -25.637291030000316 ], [ -60.171280260000088, -25.648494120000329 ], [ -60.176984580000095, -25.659696140000339 ], [ -60.181262810000078, -25.643754480000315 ], [ -60.192671440000069, -25.635998300000324 ], [ -60.175083140000083, -25.630396290000331 ], [ -60.203129350000069, -25.613588690000338 ], [ -60.184114970000074, -25.611433700000333 ], [ -60.215488690000086, -25.601951250000329 ], [ -60.220717650000083, -25.598502910000313 ], [ -60.211685820000078, -25.592899130000319 ], [ -60.226421960000089, -25.586001800000325 ], [ -60.205030780000094, -25.57393051000032 ], [ -60.219291570000081, -25.570050200000335 ], [ -60.222143720000069, -25.558408480000331 ], [ -60.231175550000088, -25.567894410000324 ], [ -60.23783059000008, -25.559270870000343 ], [ -60.241633460000088, -25.544609410000323 ], [ -60.226421960000081, -25.542884410000319 ], [ -60.220242290000087, -25.534259050000323 ], [ -60.22689732000007, -25.501476970000311 ], [ -60.241158100000092, -25.508810590000316 ], [ -60.224520520000084, -25.485082530000323 ], [ -60.238781300000078, -25.473000980000315 ], [ -60.248763850000095, -25.474726990000317 ], [ -60.252566730000069, -25.46393900000032 ], [ -60.27443326000008, -25.466528210000334 ], [ -60.282514370000079, -25.433295800000337 ], [ -60.300102670000072, -25.427684210000319 ], [ -60.295824440000075, -25.409984420000317 ], [ -60.322919930000083, -25.424230800000334 ], [ -60.307708430000091, -25.405666990000316 ], [ -60.32719816000008, -25.407393980000315 ], [ -60.333853200000092, -25.391418390000329 ], [ -60.312937380000093, -25.388395740000341 ], [ -60.331001040000068, -25.377599940000323 ], [ -60.346212540000089, -25.380191030000319 ], [ -60.338606790000071, -25.365507490000322 ], [ -60.340032870000087, -25.357301200000325 ], [ -60.350015420000076, -25.355573490000332 ], [ -60.354293650000081, -25.322742220000336 ], [ -60.388994890000092, -25.335271000000329 ], [ -60.400878880000072, -25.329654810000324 ], [ -60.413713580000085, -25.307619530000327 ], [ -60.427499010000076, -25.315397150000337 ], [ -60.431301880000078, -25.281690480000304 ], [ -60.443185870000079, -25.28644456000033 ], [ -60.441759790000077, -25.265265850000315 ], [ -60.466003120000074, -25.242354060000316 ], [ -60.485017500000076, -25.235868790000321 ], [ -60.489771100000077, -25.209491790000332 ], [ -60.508310120000075, -25.213816290000317 ], [ -60.510211550000072, -25.188299520000324 ], [ -60.529647970000077, -25.171783650000307 ], [ -60.541002050000081, -25.167448320000315 ], [ -60.544118390000094, -25.180156310000324 ], [ -60.561231330000076, -25.18361676000033 ], [ -60.568361730000078, -25.198755070000342 ], [ -60.571213880000094, -25.169774360000318 ], [ -60.585950020000077, -25.177993480000339 ], [ -60.605439760000081, -25.159391520000334 ], [ -60.608291920000077, -25.177128330000322 ], [ -60.625880220000091, -25.17063956000035 ], [ -60.63063381000007, -25.177560910000327 ], [ -60.63728885000009, -25.165448280000319 ], [ -60.651549630000069, -25.165448280000344 ], [ -60.653926430000084, -25.158526240000317 ], [ -60.642517800000078, -25.159824150000322 ], [ -60.644419240000076, -25.154199760000321 ], [ -60.670564010000078, -25.149007780000314 ], [ -60.653451070000081, -25.119582340000317 ], [ -60.68625087000008, -25.113956080000321 ], [ -60.676268320000077, -25.135594130000342 ], [ -60.700036290000092, -25.119582340000331 ], [ -60.721446820000097, -25.125210230000327 ], [ -60.720476750000103, -25.116120060000323 ], [ -60.732836100000092, -25.116985640000319 ], [ -60.738065050000081, -25.097508560000325 ], [ -60.741867930000083, -25.101837070000336 ], [ -60.767537340000089, -25.090582630000327 ], [ -60.748522960000095, -25.069369480000315 ], [ -60.806992170000086, -25.064173850000319 ], [ -60.814122560000094, -25.074564880000317 ], [ -60.83693982000009, -25.038192400000323 ], [ -60.820777600000092, -25.039491600000336 ], [ -60.821728310000076, -25.03429470000032 ], [ -60.869739620000082, -25.031263070000332 ], [ -60.874980300000075, -25.019712280000316 ], [ -60.892081510000089, -25.011339040000323 ], [ -60.921078440000073, -25.010472710000318 ], [ -60.927258110000096, -24.992711460000319 ], [ -60.940092820000068, -25.004408180000322 ], [ -60.941518900000084, -24.990978510000328 ], [ -60.921553800000069, -24.979280500000343 ], [ -60.953522470000074, -24.972647070000335 ], [ -60.963973310000085, -24.948386190000335 ], [ -60.995709880000092, -24.933777520000319 ], [ -60.994186460000094, -24.916385400000319 ], [ -61.020234980000069, -24.921316160000327 ], [ -61.016150330000094, -24.909502310000324 ], [ -61.031837190000083, -24.90126498000032 ], [ -61.024231440000094, -24.889124750000317 ], [ -61.042770460000078, -24.897362900000324 ], [ -61.063210920000095, -24.872646790000335 ], [ -61.075101890000084, -24.872696180000315 ], [ -61.078765930000095, -24.864566560000334 ], [ -61.067964510000095, -24.857467750000314 ], [ -61.091257130000095, -24.852696810000324 ], [ -61.092683200000089, -24.83491257000032 ], [ -61.102190390000075, -24.837515300000323 ], [ -61.130734930000095, -24.820147310000312 ], [ -61.14687418000009, -24.79890241000032 ], [ -60.365008350000089, -24.020225100000339 ], [ -60.333712070000075, -24.021185330000318 ], [ -60.3232, -24.032900000000335 ], [ -60.2845382900001, -24.043139520000331 ], [ -60.1924, -24.044800000000329 ], [ -60.127022470000085, -24.034897160000337 ], [ -60.1034, -24.019900000000327 ], [ -60.0907, -24.02440000000032 ], [ -60.0731, -24.011100000000322 ] ] ] ] } },
{ "type": "Feature", "properties": { "fid": 284, "gid": 1156, "DEPARTAMENTO": "Tapenagá", "PROVINCIA": "Chaco" }, "geometry": { "type": "MultiPolygon", "coordinates": [ [ [ [ -59.596494800000073, -27.284182820000321 ], [ -59.580980090000068, -27.298472400000318 ], [ -59.582228910000076, -27.468113920000313 ], [ -59.403776840000077, -27.467581780000312 ], [ -59.401200500000087, -28.000064450000316 ], [ -60.215599990000079, -28.000696500000302 ], [ -60.212945470000079, -27.285072740000327 ], [ -59.596494800000073, -27.284182820000321 ] ] ] ] } },
{ "type": "Feature", "properties": { "fid": 285, "gid": 1157, "DEPARTAMENTO": "Quitilipi", "PROVINCIA": "Chaco" }, "geometry": { "type": "MultiPolygon", "coordinates": [ [ [ [ -60.201476170000078, -26.301855910000317 ], [ -60.001516640000077, -26.303592590000331 ], [ -60.005748760000081, -26.70295833000031 ], [ -60.088585350000074, -26.673781680000342 ], [ -60.272488250000094, -27.094938390000319 ], [ -60.413000590000081, -27.045443130000319 ], [ -60.228710500000076, -26.624282960000315 ], [ -60.205495770000084, -26.632495970000335 ], [ -60.201476170000078, -26.301855910000317 ] ] ] ] } },
{ "type": "Feature", "properties": { "fid": 286, "gid": 1158, "DEPARTAMENTO": "Presidencia de la Plaza", "PROVINCIA": "Chaco" }, "geometry": { "type": "MultiPolygon", "coordinates": [ [ [ [ -59.703955950000072, -26.711435920000319 ], [ -59.704579730000077, -26.801759750000308 ], [ -59.604524840000082, -26.80189772000033 ], [ -59.604235450000076, -26.982839980000318 ], [ -59.553701020000076, -26.983147490000331 ], [ -59.554348320000074, -27.239884150000297 ], [ -59.596494800000073, -27.284182820000321 ], [ -60.011301780000053, -27.286395860000315 ], [ -60.011123220000073, -27.196273750000316 ], [ -59.983009710000083, -27.196502390000322 ], [ -60.037179680000079, -27.177625310000323 ], [ -59.854078110000081, -26.755302180000321 ], [ -59.853891080000068, -26.710830160000334 ], [ -59.703955950000072, -26.711435920000319 ] ] ] ] } },
{ "type": "Feature", "properties": { "fid": 287, "gid": 1160, "DEPARTAMENTO": "Sargento Cabral", "PROVINCIA": "Chaco" }, "geometry": { "type": "MultiPolygon", "coordinates": [ [ [ [ -59.503547160000075, -26.622080580000322 ], [ -59.503240810000065, -26.712476740000337 ], [ -59.452829570000077, -26.712138510000312 ], [ -59.452225060000067, -26.802761070000308 ], [ -59.201337070000079, -26.801491790000316 ], [ -59.201216060000078, -26.818759610000317 ], [ -59.155060740000081, -26.818491590000328 ], [ -59.154593990000073, -26.869837970000322 ], [ -59.170005100000061, -26.869916950000313 ], [ -59.170034440000073, -26.899698480000321 ], [ -59.301754260000095, -27.015866820000326 ], [ -59.301067350000068, -26.982090930000311 ], [ -59.351512740000075, -26.982255640000322 ], [ -59.351126060000077, -27.027335020000333 ], [ -59.402655360000061, -27.028097940000318 ], [ -59.402908800000063, -27.012435170000316 ], [ -59.553775920000071, -27.012864490000297 ], [ -59.553701020000076, -26.983147490000331 ], [ -59.604235450000076, -26.982839980000318 ], [ -59.604524840000082, -26.80189772000033 ], [ -59.704579730000077, -26.801759750000308 ], [ -59.703707070000078, -26.711436930000321 ], [ -59.853891080000068, -26.710830160000334 ], [ -59.852452520000071, -26.53018076000032 ], [ -59.70323431000007, -26.531702710000332 ], [ -59.703001830000069, -26.621872670000311 ], [ -59.503547160000075, -26.622080580000322 ] ] ] ] } },
{ "type": "Feature", "properties": { "fid": 288, "gid": 1161, "DEPARTAMENTO": "Independencia", "PROVINCIA": "Chaco" }, "geometry": { "type": "MultiPolygon", "coordinates": [ [ [ [ -60.508357830000072, -26.525246680000336 ], [ -60.694459160000079, -26.94604842000032 ], [ -60.614826570000076, -26.974100560000313 ], [ -60.615315070000094, -27.057248070000309 ], [ -60.815564980000076, -27.054974970000313 ], [ -60.816236500000073, -26.902289860000323 ], [ -60.851420720000071, -26.889905840000317 ], [ -60.883055950000077, -26.927045930000336 ], [ -61.008181400000083, -26.841828410000325 ], [ -60.992731, -26.841963500000325 ], [ -60.98999347000008, -26.661330920000314 ], [ -60.930051280000079, -26.661773650000328 ], [ -60.900184870000075, -26.676846270000322 ], [ -60.788818840000069, -26.425504600000295 ], [ -60.508357830000072, -26.525246680000336 ] ] ] ] } },
{ "type": "Feature", "properties": { "fid": 289, "gid": 1162, "DEPARTAMENTO": "Mayor Luis J. Fontana", "PROVINCIA": "Chaco" }, "geometry": { "type": "MultiPolygon", "coordinates": [ [ [ [ -60.909284190000072, -27.460028050000322 ], [ -60.467813810000074, -27.465211720000298 ], [ -60.469169240000078, -27.645922000000308 ], [ -60.523295310000094, -27.645628450000324 ], [ -60.521902990000065, -27.737226210000305 ], [ -60.215358760000079, -27.738101480000321 ], [ -60.215599990000079, -28.000696500000302 ], [ -60.909114970000068, -27.998339470000314 ], [ -60.908656110000088, -27.793855250000316 ], [ -61.013662520000075, -27.794092870000316 ], [ -61.022349940000069, -27.478217800000312 ], [ -60.99728161000008, -27.478114780000308 ], [ -60.997165020000075, -27.400118670000314 ], [ -60.909424890000075, -27.399847280000316 ], [ -60.909284190000072, -27.460028050000322 ] ] ] ] } },
{ "type": "Feature", "properties": { "fid": 290, "gid": 1163, "DEPARTAMENTO": "Fray Justo Santa María de Oro", "PROVINCIA": "Chaco" }, "geometry": { "type": "MultiPolygon", "coordinates": [ [ [ [ -61.013524390000072, -27.634922560000305 ], [ -61.013662520000075, -27.794092870000316 ], [ -60.908656110000088, -27.793855250000316 ], [ -60.909114970000068, -27.998339470000314 ], [ -61.712044910000081, -27.998552210000312 ], [ -61.711868290000083, -27.713970550000319 ], [ -61.569270730000085, -27.714244860000306 ], [ -61.568326260000077, -27.794832500000311 ], [ -61.240145130000094, -27.794178260000308 ], [ -61.24052706000009, -27.705558630000322 ], [ -61.129482110000083, -27.705471510000311 ], [ -61.129841620000072, -27.635325300000304 ], [ -61.013524390000072, -27.634922560000305 ] ] ] ] } },
{ "type": "Feature", "properties": { "fid": 297, "gid": 1183, "DEPARTAMENTO": "Maipú", "PROVINCIA": "Chaco" }, "geometry": { "type": "MultiPolygon", "coordinates": [ [ [ [ -60.099260140000084, -26.122377810000327 ], [ -60.101138120000087, -26.302762470000317 ], [ -60.201476170000078, -26.301855910000317 ], [ -60.205495770000084, -26.632495970000335 ], [ -60.804517460000092, -26.41990372000032 ], [ -60.799787130000077, -26.114880070000325 ], [ -60.099260140000084, -26.122377810000327 ] ] ] ] } },
{ "type": "Feature", "properties": { "fid": 299, "gid": 1192, "DEPARTAMENTO": "Almirante Brown", "PROVINCIA": "Chaco" }, "geometry": { "type": "MultiPolygon", "coordinates": [ [ [ [ -62.218557590000096, -25.466682070000324 ], [ -61.393658780000095, -25.469501370000319 ], [ -61.39383319000008, -25.560392080000316 ], [ -61.193568410000083, -25.563500520000318 ], [ -61.203582290000078, -26.109011540000335 ], [ -60.799787130000077, -26.114880070000325 ], [ -60.804517460000092, -26.41990372000032 ], [ -60.788818840000069, -26.425504600000295 ], [ -60.900184870000075, -26.676846270000322 ], [ -60.930051280000079, -26.661773650000328 ], [ -61.712470520000082, -26.653566660000319 ], [ -61.711815550000068, -25.654743760000326 ], [ -63.422411840000095, -25.649220130000327 ], [ -62.715774820000085, -24.83089692000032 ], [ -62.218558220000098, -24.830107530000319 ], [ -62.218557590000096, -25.466682070000324 ] ] ] ] } },
{ "type": "Feature", "properties": { "fid": 308, "gid": 1280, "DEPARTAMENTO": "Chacabuco", "PROVINCIA": "Chaco" }, "geometry": { "type": "MultiPolygon", "coordinates": [ [ [ [ -61.7125, -26.755075880000316 ], [ -60.820795650000086, -27.370181750000324 ], [ -60.909424890000075, -27.399847280000316 ], [ -60.997165020000075, -27.400118670000314 ], [ -60.997214450000079, -27.417700890000322 ], [ -61.71267926000008, -26.928196960000317 ], [ -61.7125, -26.755075880000316 ] ] ] ] } },
{ "type": "Feature", "properties": { "fid": 310, "gid": 1292, "DEPARTAMENTO": "Formosa", "PROVINCIA": "Formosa" }, "geometry": { "type": "MultiPolygon", "coordinates": [ [ [ [ -58.196083070000064, -25.57608986000033 ], [ -58.152690890000073, -25.562923430000325 ], [ -58.037158970000057, -25.60829544000034 ], [ -58.029289250000076, -25.634519580000326 ], [ -58.035552980000062, -25.658342360000329 ], [ -58.020584110000065, -25.687278750000328 ], [ -57.979263300000078, -25.712795260000316 ], [ -57.926132200000069, -25.732599260000335 ], [ -57.872417450000071, -25.73877335000034 ], [ -57.832813260000073, -25.752454760000333 ], [ -57.795193270000063, -25.815718290000341 ], [ -57.811240350000062, -25.84410050000033 ], [ -57.858468750000057, -25.858001470000328 ], [ -57.863037310000067, -25.882200590000323 ], [ -57.839222810000074, -25.902235500000312 ], [ -57.836767210000062, -25.915598550000325 ], [ -57.878969330000061, -25.932273810000328 ], [ -57.893988490000062, -25.953175000000329 ], [ -57.893702950000062, -25.964253770000319 ], [ -57.852471650000062, -25.989552200000322 ], [ -57.854755940000075, -26.008454640000327 ], [ -57.919515350000054, -26.03232539000032 ], [ -57.946412770000066, -26.066018560000323 ], [ -58.015404060000066, -26.101667640000315 ], [ -58.03696673000006, -26.111190240000322 ], [ -58.067340550000068, -26.107961320000335 ], [ -58.090928150000067, -26.116279910000326 ], [ -58.118637820000068, -26.154353820000317 ], [ -58.119660140000065, -26.186495430000328 ], [ -58.159009290000071, -26.181186850000337 ], [ -58.107455880000053, -26.217690160000323 ], [ -58.104226960000069, -26.229894420000317 ], [ -58.109535530000066, -26.240949390000338 ], [ -58.166561700000074, -26.269517200000323 ], [ -58.167163700000074, -26.291627150000338 ], [ -58.154357440000055, -26.313901290000324 ], [ -58.166014420000067, -26.357683370000327 ], [ -58.215851520000065, -26.384135490000322 ], [ -58.267353060000062, -26.34418487000033 ], [ -58.50413132000007, -26.343353270000332 ], [ -58.505393980000065, -26.173637390000319 ], [ -58.568973540000073, -26.17350006000034 ], [ -58.568695070000068, -26.159208300000344 ], [ -58.75666046000007, -26.157299040000339 ], [ -58.757656100000077, -26.183553700000321 ], [ -58.926033020000062, -26.185304640000318 ], [ -58.92586136000007, -25.778560640000329 ], [ -58.604747770000088, -25.777242660000329 ], [ -58.604972840000059, -25.583074570000317 ], [ -58.221210480000067, -25.587953570000323 ], [ -58.220619200000066, -25.560407640000331 ], [ -58.196083070000064, -25.57608986000033 ] ] ] ] } },
{ "type": "Feature", "properties": { "fid": 311, "gid": 1293, "DEPARTAMENTO": "Pilcomayo", "PROVINCIA": "Formosa" }, "geometry": { "type": "MultiPolygon", "coordinates": [ [ [ [ -58.255365470000051, -24.931864750000333 ], [ -58.219512940000072, -24.930924870000336 ], [ -58.225009500000077, -24.938848470000327 ], [ -58.214278130000061, -24.945522860000334 ], [ -58.217466600000058, -24.950329370000318 ], [ -58.202000110000071, -24.949663120000324 ], [ -58.193467360000092, -24.968032560000324 ], [ -58.169096920000079, -24.966276520000335 ], [ -58.162443950000053, -24.975456480000325 ], [ -58.14978046000008, -24.975213770000337 ], [ -58.153106940000065, -24.981909580000345 ], [ -58.137545270000054, -24.988790980000324 ], [ -58.137159790000062, -25.011676630000327 ], [ -58.113154160000072, -25.019626480000333 ], [ -58.090574710000062, -25.008749900000332 ], [ -58.068674150000056, -25.045712450000323 ], [ -58.031668770000074, -25.035732990000348 ], [ -58.016306970000059, -25.042029040000322 ], [ -58.005742160000068, -25.035061980000322 ], [ -57.995962580000068, -25.059703680000343 ], [ -57.999517490000059, -25.074166040000339 ], [ -57.990979990000071, -25.074879880000342 ], [ -57.990708730000065, -25.081789830000325 ], [ -57.975375480000068, -25.086272740000339 ], [ -57.971278050000073, -25.077249820000333 ], [ -57.956430210000065, -25.072881130000347 ], [ -57.952604040000068, -25.080590580000333 ], [ -57.941767970000072, -25.071681880000327 ], [ -57.931030900000067, -25.078096910000326 ], [ -57.906217880000071, -25.073385580000338 ], [ -57.907740730000064, -25.079667350000332 ], [ -57.895881500000066, -25.08359822000034 ], [ -57.884012750000061, -25.075584200000332 ], [ -57.860874870000082, -25.081770800000328 ], [ -57.837013630000087, -25.131425390000327 ], [ -57.826353650000087, -25.130644930000326 ], [ -57.812971560000065, -25.147834150000349 ], [ -57.807232300000074, -25.14230429000034 ], [ -57.790033550000061, -25.149947110000337 ], [ -57.791756280000072, -25.155448430000334 ], [ -57.78023017000006, -25.152507410000332 ], [ -57.768437570000074, -25.172913670000327 ], [ -57.753504070000062, -25.176473350000329 ], [ -57.758767440000064, -25.18689538000033 ], [ -57.748621410000062, -25.206740090000324 ], [ -57.759062490000062, -25.220274460000326 ], [ -57.744205130000068, -25.228345600000328 ], [ -57.748297810000061, -25.235207960000356 ], [ -57.735677150000065, -25.234636890000328 ], [ -57.741026170000055, -25.25325379000035 ], [ -57.729100320000057, -25.246477090000333 ], [ -57.722685290000065, -25.253053920000333 ], [ -57.730109210000059, -25.257498750000337 ], [ -57.718211900000057, -25.265598440000325 ], [ -57.722428310000055, -25.277533810000353 ], [ -57.711834950000068, -25.273050910000318 ], [ -57.713700440000054, -25.283520540000325 ], [ -57.703173710000073, -25.282540200000341 ], [ -57.705096310000059, -25.291734440000319 ], [ -57.694445850000051, -25.285966620000323 ], [ -57.707228310000069, -25.300062550000327 ], [ -57.697864920000058, -25.308816840000329 ], [ -57.70285010000007, -25.322201060000342 ], [ -57.685722740000067, -25.329382270000341 ], [ -57.68181091000006, -25.342345570000347 ], [ -57.650649340000058, -25.366579560000318 ], [ -57.642350970000066, -25.383354760000323 ], [ -57.596517790000064, -25.401063900000327 ], [ -57.570381160000068, -25.433440800000316 ], [ -57.559388050000081, -25.461780180000339 ], [ -57.579708640000064, -25.512534090000337 ], [ -57.569848790000066, -25.539719850000324 ], [ -57.578129320000073, -25.567473890000333 ], [ -57.604569890000064, -25.568787350000328 ], [ -57.607082600000069, -25.600024910000322 ], [ -57.616847910000054, -25.616072000000333 ], [ -57.637349340000064, -25.61424457000032 ], [ -57.659335560000066, -25.595684780000319 ], [ -57.67498290000006, -25.596998240000325 ], [ -57.670585650000064, -25.651763910000323 ], [ -57.678066680000086, -25.66107237000033 ], [ -57.719926160000064, -25.646338740000331 ], [ -57.742511870000072, -25.651607040000336 ], [ -57.766649780000073, -25.700130590000327 ], [ -57.758416320000073, -25.709956010000322 ], [ -57.732022890000074, -25.707794950000324 ], [ -57.727232490000077, -25.715408680000326 ], [ -57.776575660000056, -25.759597120000322 ], [ -57.793743380000073, -25.762132840000326 ], [ -57.817636340000071, -25.751244420000326 ], [ -57.828811770000073, -25.757677730000324 ], [ -57.854900360000066, -25.743202210000337 ], [ -57.908725740000072, -25.737493510000313 ], [ -57.979263300000078, -25.712795260000316 ], [ -58.020584110000065, -25.687278750000328 ], [ -58.035552980000062, -25.658342360000329 ], [ -58.029289250000076, -25.634519580000326 ], [ -58.037158970000057, -25.60829544000034 ], [ -58.152690890000073, -25.562923430000325 ], [ -58.19013596000007, -25.577745440000328 ], [ -58.220619200000066, -25.560407640000331 ], [ -58.221210480000067, -25.587953570000323 ], [ -58.604972840000059, -25.583074570000317 ], [ -58.605171200000065, -25.394346240000338 ], [ -58.378353120000057, -25.392969130000328 ], [ -58.380843930000076, -24.956243600000334 ], [ -58.349362510000063, -24.970703510000337 ], [ -58.341405590000065, -24.99634458000034 ], [ -58.329584430000061, -25.00087507000033 ], [ -58.255365470000051, -24.931864750000333 ] ] ] ] } },
{ "type": "Feature", "properties": { "fid": 312, "gid": 1295, "DEPARTAMENTO": "Libertador General San Martín", "PROVINCIA": "Chaco" }, "geometry": { "type": "MultiPolygon", "coordinates": [ [ [ [ -60.078109810000072, -25.679512500000335 ], [ -60.063373670000075, -25.673912560000321 ], [ -60.03485210000008, -25.689419430000324 ], [ -60.018214520000072, -25.704062940000309 ], [ -60.02154203000007, -25.723010650000329 ], [ -60.011559490000089, -25.729469400000319 ], [ -59.998249420000086, -25.734636150000338 ], [ -59.979710400000066, -25.723010650000333 ], [ -59.986840790000095, -25.743246880000317 ], [ -59.954991710000073, -25.769936160000324 ], [ -59.942632360000076, -25.759605550000316 ], [ -59.943107720000086, -25.773379500000328 ], [ -59.927896220000072, -25.769936160000331 ], [ -59.921241190000089, -25.782417770000315 ], [ -59.926470140000092, -25.791885690000317 ], [ -59.877508120000073, -25.802213470000318 ], [ -59.881310990000081, -25.815121900000317 ], [ -59.871817960000079, -25.82836665000033 ], [ -59.87721284000007, -25.845089600000307 ], [ -59.869569820000081, -25.835410880000332 ], [ -59.859206760000077, -25.838027660000336 ], [ -59.871339100000078, -25.845801750000309 ], [ -59.843675610000076, -25.856046630000318 ], [ -59.836127840000088, -25.875978450000314 ], [ -59.827161480000079, -25.869636870000321 ], [ -59.815720190000079, -25.884432120000323 ], [ -59.826802900000075, -25.88993705000032 ], [ -59.811609260000061, -25.89624959000032 ], [ -59.801847220000099, -25.89205767000032 ], [ -59.804346660000071, -25.898267350000332 ], [ -59.789218010000091, -25.903023280000316 ], [ -59.781179730000062, -25.896681420000338 ], [ -59.788283950000078, -25.909711620000333 ], [ -59.764571100000083, -25.916001000000314 ], [ -59.768644400000071, -25.925681990000339 ], [ -59.753458390000084, -25.920720840000325 ], [ -59.757926560000072, -25.937980990000341 ], [ -59.74761232000008, -25.943317730000306 ], [ -59.75452020000008, -25.955628180000328 ], [ -59.743571820000071, -25.949520900000326 ], [ -59.751428440000083, -25.96323701000032 ], [ -59.740804540000077, -25.975545440000328 ], [ -59.727870340000074, -25.970149570000327 ], [ -59.725093930000092, -25.999757560000329 ], [ -59.708057440000061, -25.996322620000321 ], [ -59.707786680000069, -26.009778850000316 ], [ -59.702284310000074, -26.00046502000032 ], [ -59.69605801000008, -26.006521910000309 ], [ -59.67116783000008, -26.003304010000313 ], [ -59.669865380000068, -26.011443210000323 ], [ -59.68543479000008, -26.009402880000327 ], [ -59.668182380000069, -26.024916030000316 ], [ -59.676370160000083, -26.030073030000324 ], [ -59.67262819000009, -26.049806490000314 ], [ -59.678640850000065, -26.054132570000327 ], [ -59.67002989000008, -26.061580260000341 ], [ -59.663984750000083, -26.05384848000033 ], [ -59.663610830000088, -26.062459820000331 ], [ -59.673109350000075, -26.070239800000319 ], [ -59.665726550000073, -26.076042850000324 ], [ -59.682510160000071, -26.089486370000323 ], [ -59.674269190000075, -26.09611761000032 ], [ -59.678303660000083, -26.115001600000337 ], [ -59.649267560000077, -26.119454910000321 ], [ -59.660456410000073, -26.143401550000334 ], [ -59.648352190000082, -26.141005760000319 ], [ -59.648731450000078, -26.134901360000313 ], [ -59.626247180000085, -26.134340040000328 ], [ -59.639742580000075, -26.126385900000322 ], [ -59.63736903000008, -26.120055950000342 ], [ -59.608874080000078, -26.123711750000325 ], [ -59.605860750000069, -26.114628910000334 ], [ -59.597207680000082, -26.130960590000313 ], [ -59.584773310000067, -26.121825710000323 ], [ -59.574228790000063, -26.152814760000307 ], [ -59.547319350000073, -26.150856510000327 ], [ -59.547333800000068, -26.142566660000316 ], [ -59.535483530000079, -26.141321640000328 ], [ -59.532136620000074, -26.150626570000316 ], [ -59.51779018000007, -26.143775130000318 ], [ -59.50917517000007, -26.159181670000333 ], [ -59.495422300000072, -26.153879590000308 ], [ -59.497017700000065, -26.161829700000318 ], [ -59.489342130000082, -26.155426270000337 ], [ -59.477395940000065, -26.162346660000338 ], [ -59.464972990000071, -26.150592160000318 ], [ -59.457862750000068, -26.16043343000031 ], [ -59.455127880000077, -26.147807550000334 ], [ -59.438301190000068, -26.149131920000318 ], [ -59.408793030000062, -26.179130950000335 ], [ -59.420658290000063, -26.178300000000334 ], [ -59.425023570000072, -26.189123230000309 ], [ -59.41874231000007, -26.196174470000329 ], [ -59.428884570000058, -26.198811440000323 ], [ -59.410297570000075, -26.207101910000318 ], [ -59.415861940000063, -26.222160930000321 ], [ -59.39455008000008, -26.247644630000327 ], [ -59.397934990000081, -26.258624290000327 ], [ -59.381307160000077, -26.261717060000322 ], [ -59.381067590000072, -26.267985380000319 ], [ -59.39606670000007, -26.273781140000303 ], [ -59.384560360000073, -26.279303240000324 ], [ -59.386937160000073, -26.294729600000334 ], [ -59.403317350000066, -26.293990060000315 ], [ -59.40328764000008, -26.299483970000324 ], [ -59.385972720000076, -26.30454285000032 ], [ -59.357505540000076, -26.337969600000338 ], [ -59.343859190000067, -26.327791220000311 ], [ -59.333465610000054, -26.335710630000314 ], [ -59.312988200000078, -26.318949630000336 ], [ -59.311118080000078, -26.339427300000331 ], [ -59.297552650000078, -26.335795790000329 ], [ -59.27765701000007, -26.349770080000319 ], [ -59.252410440000062, -26.348705530000334 ], [ -59.254734450000072, -26.34048684000032 ], [ -59.229570450000075, -26.343062050000324 ], [ -59.203680030000065, -26.326819800000319 ], [ -59.192586640000087, -26.32973406000033 ], [ -59.184089220000082, -26.32287826000033 ], [ -59.190360540000064, -26.316469810000317 ], [ -59.181964800000088, -26.30471777000033 ], [ -59.171450510000064, -26.309083610000318 ], [ -59.167564220000067, -26.298636640000336 ], [ -59.140225600000072, -26.299442800000321 ], [ -59.138799530000085, -26.31272440000032 ], [ -59.152109590000087, -26.308011750000311 ], [ -59.153871870000081, -26.316859910000325 ], [ -59.130718410000064, -26.328146270000317 ], [ -59.110277960000062, -26.32600447000031 ], [ -59.128816980000067, -26.343994360000337 ], [ -59.105999720000085, -26.344850950000314 ], [ -59.068475280000072, -26.374232780000316 ], [ -59.042898480000076, -26.365348100000311 ], [ -59.035271610000066, -26.374370270000334 ], [ -59.024410750000058, -26.373343130000325 ], [ -59.024080680000075, -26.381219930000327 ], [ -59.002731380000085, -26.374149030000329 ], [ -58.985715010000071, -26.379998830000325 ], [ -58.955559890000067, -26.399876490000338 ], [ -58.941972060000055, -26.430659030000328 ], [ -58.914854710000064, -26.445142410000326 ], [ -58.909808630000079, -26.462557180000314 ], [ -58.865752220000076, -26.475083260000314 ], [ -58.856797100000087, -26.508922190000341 ], [ -58.845613870000086, -26.519216190000325 ], [ -58.823327270000078, -26.525002630000312 ], [ -58.792257850000055, -26.519424600000313 ], [ -58.795034260000079, -26.536523690000333 ], [ -58.772284300000074, -26.536917460000332 ], [ -58.755291240000076, -26.563344320000322 ], [ -58.760640800000083, -26.572343310000324 ], [ -58.744377080000064, -26.602646340000323 ], [ -58.720127910000066, -26.602053040000325 ], [ -58.701011520000073, -26.58993830000033 ], [ -58.689423510000054, -26.594150890000318 ], [ -58.688445100000074, -26.603981290000331 ], [ -58.898377880000076, -26.791815220000309 ], [ -58.907114260000078, -26.779377000000324 ], [ -58.91169045000008, -26.786987140000321 ], [ -58.915565940000079, -26.776531950000319 ], [ -58.918095370000081, -26.782783150000316 ], [ -58.93341421000008, -26.780078860000323 ], [ -58.939047400000078, -26.793838450000312 ], [ -58.953739080000069, -26.785787460000332 ], [ -58.953268130000062, -26.86870360000032 ], [ -59.154593990000073, -26.869837970000322 ], [ -59.155060740000081, -26.818491590000328 ], [ -59.201216060000078, -26.818759610000317 ], [ -59.201337070000079, -26.801491790000316 ], [ -59.452225060000067, -26.802761070000308 ], [ -59.452829570000077, -26.712138510000312 ], [ -59.503240810000065, -26.712476740000337 ], [ -59.503547160000075, -26.622080580000322 ], [ -59.703001830000069, -26.621872670000311 ], [ -59.70323431000007, -26.531702710000332 ], [ -59.803646390000054, -26.530883790000324 ], [ -59.803495710000064, -26.319285520000324 ], [ -59.853484390000077, -26.318886800000335 ], [ -59.853502840000075, -26.304214380000317 ], [ -60.101138120000087, -26.302762470000317 ], [ -60.098616650000061, -25.669407010000317 ], [ -60.078109810000072, -25.679512500000335 ] ] ] ] } },
{ "type": "Feature", "properties": { "fid": 313, "gid": 1297, "DEPARTAMENTO": "Bermejo", "PROVINCIA": "Chaco" }, "geometry": { "type": "MultiPolygon", "coordinates": [ [ [ [ -58.680391900000075, -26.642676180000322 ], [ -58.653181040000064, -26.65941772000032 ], [ -58.642130160000086, -26.655609890000331 ], [ -58.628151340000073, -26.662333420000323 ], [ -58.611001390000077, -26.681494020000336 ], [ -58.572181390000068, -26.687516700000327 ], [ -58.577114020000074, -26.696770050000325 ], [ -58.569117290000065, -26.727701740000327 ], [ -58.557970780000076, -26.72903192000032 ], [ -58.545386830000076, -26.75158694000033 ], [ -58.544600210000063, -26.738627610000318 ], [ -58.530814780000064, -26.740761640000311 ], [ -58.534142300000056, -26.756125470000342 ], [ -58.52083223000006, -26.756125470000317 ], [ -58.497064260000087, -26.791966250000343 ], [ -58.485655630000053, -26.794952470000322 ], [ -58.471870210000056, -26.812868090000311 ], [ -58.481852760000066, -26.818412830000312 ], [ -58.473296290000079, -26.828222060000339 ], [ -58.468067330000061, -26.818839330000316 ], [ -58.450479030000075, -26.817133300000329 ], [ -58.443824, -26.832060230000312 ], [ -58.422432830000062, -26.82438377000032 ], [ -58.428137140000054, -26.83376604000032 ], [ -58.42100675000006, -26.836751140000324 ], [ -58.409122760000059, -26.827369120000323 ], [ -58.404369170000066, -26.840589010000315 ], [ -58.40104165000006, -26.829927930000327 ], [ -58.390583740000075, -26.841015440000316 ], [ -58.398664850000074, -26.864892480000314 ], [ -58.382502630000076, -26.858923700000318 ], [ -58.378235620000076, -26.879842340000302 ], [ -58.384889140000077, -26.89219121000032 ], [ -58.459642290000062, -26.929653450000313 ], [ -58.502822760000079, -26.927890270000315 ], [ -58.47599433000007, -26.967151380000335 ], [ -58.469064950000075, -26.997782170000324 ], [ -58.477778930000071, -27.006174540000323 ], [ -58.501787300000061, -26.996068960000329 ], [ -58.521085120000066, -27.003854560000331 ], [ -58.497647430000058, -27.043413100000297 ], [ -58.511267070000045, -27.062256050000322 ], [ -58.518862310000067, -27.06174209000033 ], [ -58.519204950000059, -27.044781290000316 ], [ -58.530055300000072, -27.03627234000033 ], [ -58.562547230000057, -27.041212100000333 ], [ -58.551780170000065, -27.067862070000317 ], [ -58.557371900000064, -27.112179530000319 ], [ -58.609890970000059, -27.11073995000033 ], [ -58.636902610000078, -27.117649900000309 ], [ -58.652207310000065, -27.130556100000316 ], [ -58.664028470000069, -27.168018330000319 ], [ -58.661629970000064, -27.18657813000031 ], [ -58.59110076000006, -27.229130040000328 ], [ -58.598001200000063, -27.272495710000317 ], [ -58.618785470000063, -27.305311690000316 ], [ -58.616488, -27.318632480000325 ], [ -58.668786530000062, -27.359091760000315 ], [ -58.756281240000078, -27.383494760000314 ], [ -58.77281028000008, -27.378201490000315 ], [ -58.763263270000081, -27.337612840000311 ], [ -58.767819870000061, -27.323376410000321 ], [ -58.734100710000085, -27.284574590000304 ], [ -58.749730350000078, -27.261387990000337 ], [ -58.752769910000055, -27.265391900000328 ], [ -58.759196420000066, -27.24461128000031 ], [ -58.754349550000086, -27.229146020000325 ], [ -58.759929960000086, -27.227384960000311 ], [ -58.75226673000008, -27.218070020000305 ], [ -58.777981, -27.217148890000324 ], [ -58.792287840000071, -27.196011360000313 ], [ -58.787240040000064, -27.192682830000308 ], [ -58.787059210000074, -27.187340000000312 ], [ -58.796927450000069, -27.188886440000321 ], [ -58.794697090000057, -27.179762530000321 ], [ -58.801572030000074, -27.183947050000317 ], [ -58.813227160000075, -27.169005160000339 ], [ -58.834211600000089, -27.165909070000328 ], [ -58.859541610000065, -27.14627789000032 ], [ -58.856471010000064, -27.139915670000324 ], [ -58.870334600000078, -27.137748450000331 ], [ -58.865437860000078, -27.122512480000307 ], [ -58.870582150000061, -27.117606990000329 ], [ -58.885027060000063, -27.119371390000321 ], [ -58.887806350000069, -27.127897040000342 ], [ -58.908521240000077, -27.120509770000332 ], [ -58.919784090000064, -27.125430680000317 ], [ -58.938648070000063, -27.117685160000313 ], [ -58.959220360000067, -27.09138545000032 ], [ -58.953739080000069, -26.785787460000332 ], [ -58.939047400000078, -26.793838450000312 ], [ -58.93341421000008, -26.780078860000323 ], [ -58.918095370000081, -26.782783150000316 ], [ -58.915565940000079, -26.776531950000319 ], [ -58.91169045000008, -26.786987140000321 ], [ -58.907114260000078, -26.779377000000324 ], [ -58.898377880000076, -26.791815220000309 ], [ -58.688445100000074, -26.603981290000331 ], [ -58.680391900000075, -26.642676180000322 ] ] ] ] } },
{ "type": "Feature", "properties": { "fid": 317, "gid": 1315, "DEPARTAMENTO": "1° de Mayo", "PROVINCIA": "Chaco" }, "geometry": { "type": "MultiPolygon", "coordinates": [ [ [ [ -58.953279960000074, -26.869694360000331 ], [ -58.959220360000067, -27.09138545000032 ], [ -58.938648070000063, -27.117685160000313 ], [ -58.919784090000064, -27.125430680000317 ], [ -58.908521240000077, -27.120509770000332 ], [ -58.887806350000069, -27.127897040000342 ], [ -58.885027060000063, -27.119371390000321 ], [ -58.870582150000061, -27.117606990000329 ], [ -58.865437860000078, -27.122512480000307 ], [ -58.870334600000078, -27.137748450000331 ], [ -58.856471010000064, -27.139915670000324 ], [ -58.859541610000065, -27.14627789000032 ], [ -58.834211600000089, -27.165909070000328 ], [ -58.813227160000075, -27.169005160000339 ], [ -58.801572030000074, -27.183947050000317 ], [ -58.794697090000057, -27.179762530000321 ], [ -58.797134480000061, -27.188461430000313 ], [ -58.786033660000079, -27.188559750000312 ], [ -58.792287840000071, -27.196011360000313 ], [ -58.777981, -27.217148890000324 ], [ -58.75226673000008, -27.218070020000305 ], [ -58.759929960000086, -27.227384960000311 ], [ -58.754349550000086, -27.229146020000325 ], [ -58.759196420000066, -27.24461128000031 ], [ -58.752769910000055, -27.265391900000328 ], [ -58.749730350000078, -27.261387990000337 ], [ -58.734096790000073, -27.284121920000331 ], [ -58.767819870000061, -27.323376410000321 ], [ -58.763263270000081, -27.337612840000311 ], [ -58.77281028000008, -27.378201490000315 ], [ -58.793519170000067, -27.393176290000302 ], [ -58.808639630000066, -27.42372018000032 ], [ -58.874906370000055, -27.488555430000307 ], [ -58.878823010000062, -27.471750420000333 ], [ -58.901609670000063, -27.472544170000305 ], [ -58.879949060000072, -27.462349840000325 ], [ -58.868872110000062, -27.426536510000311 ], [ -59.028609370000062, -27.283384360000312 ], [ -59.044465060000071, -27.297397710000315 ], [ -59.052162140000078, -27.289083840000327 ], [ -59.058678630000081, -27.293953500000317 ], [ -59.062567220000076, -27.272080640000329 ], [ -59.07120162000006, -27.269174850000326 ], [ -59.067328090000061, -27.252102890000295 ], [ -59.081262620000068, -27.247939240000321 ], [ -59.075565840000088, -27.243620810000319 ], [ -59.082714430000074, -27.240772400000306 ], [ -59.080344490000073, -27.233987280000314 ], [ -59.108370780000065, -27.226864460000318 ], [ -59.099889540000078, -27.218841880000323 ], [ -59.171954380000081, -27.154484760000319 ], [ -59.02823979000005, -27.027386710000318 ], [ -59.170034450000081, -26.899700550000322 ], [ -59.170005100000061, -26.869916950000313 ], [ -58.953279960000074, -26.869694360000331 ] ] ] ] } },
{ "type": "Feature", "properties": { "fid": 318, "gid": 1316, "DEPARTAMENTO": "9 de Julio", "PROVINCIA": "Chaco" }, "geometry": { "type": "MultiPolygon", "coordinates": [ [ [ [ -61.332220320000083, -26.658346130000336 ], [ -61.335665070000076, -26.839112640000312 ], [ -61.189714110000082, -26.840671630000301 ], [ -61.215134880000086, -26.870445090000331 ], [ -60.817033650000084, -27.142401250000304 ], [ -60.817972810000086, -27.198176570000314 ], [ -60.844518390000083, -27.18007240000032 ], [ -60.905855980000076, -27.252031330000321 ], [ -60.81988208000007, -27.309903040000322 ], [ -60.82073721000009, -27.366329160000312 ], [ -61.7125, -26.755075880000316 ], [ -61.712470520000082, -26.653566660000319 ], [ -61.332220320000083, -26.658346130000336 ] ] ] ] } },
{ "type": "Feature", "properties": { "fid": 319, "gid": 1317, "DEPARTAMENTO": "San Fernando", "PROVINCIA": "Chaco" }, "geometry": { "type": "MultiPolygon", "coordinates": [ [ [ [ -58.868872110000062, -27.426536510000311 ], [ -58.879949060000072, -27.462349840000325 ], [ -58.901609670000063, -27.472544170000305 ], [ -58.878823010000062, -27.471750420000333 ], [ -58.874906370000055, -27.488555430000307 ], [ -58.881938430000055, -27.499653860000311 ], [ -58.881211350000072, -27.528741210000309 ], [ -58.871378810000088, -27.57987082000032 ], [ -58.882746470000065, -27.608522890000327 ], [ -58.83549694000007, -27.646641430000322 ], [ -58.818775210000062, -27.681178080000333 ], [ -58.809707530000068, -27.783407080000316 ], [ -58.823450710000074, -27.8394507600003 ], [ -58.844894450000069, -27.885571630000303 ], [ -58.829261560000077, -27.961873390000306 ], [ -58.857739190000068, -28.011612220000298 ], [ -58.865298780000067, -28.056653460000327 ], [ -58.88082188000007, -28.066824880000304 ], [ -58.892414940000052, -28.045668770000308 ], [ -58.884004670000081, -28.000000920000307 ], [ -59.401200500000087, -28.000064450000316 ], [ -59.404092630000079, -27.452051380000309 ], [ -59.217156750000065, -27.44852864000033 ], [ -59.172264610000063, -27.41060278000031 ], [ -59.115186620000074, -27.461288590000308 ], [ -58.971233370000071, -27.334239330000308 ], [ -58.868872110000062, -27.426536510000311 ] ] ] ] } },
{ "type": "Feature", "properties": { "fid": 320, "gid": 1318, "DEPARTAMENTO": "San Lorenzo", "PROVINCIA": "Chaco" }, "geometry": { "type": "MultiPolygon", "coordinates": [ [ [ [ -60.21228978000007, -27.116054970000324 ], [ -60.215358760000079, -27.738101480000321 ], [ -60.521902990000065, -27.737226210000305 ], [ -60.523295310000094, -27.645628450000324 ], [ -60.469169240000078, -27.645922000000308 ], [ -60.467813810000074, -27.465211720000298 ], [ -60.518392010000078, -27.46476401000033 ], [ -60.513373840000092, -27.009848320000316 ], [ -60.21228978000007, -27.116054970000324 ] ] ] ] } },
{ "type": "Feature", "properties": { "fid": 321, "gid": 1319, "DEPARTAMENTO": "2 de Abril", "PROVINCIA": "Chaco" }, "geometry": { "type": "MultiPolygon", "coordinates": [ [ [ [ -61.022349940000069, -27.478217800000312 ], [ -61.019432390000077, -27.634928470000297 ], [ -61.129841620000072, -27.635325300000304 ], [ -61.129482110000083, -27.705471510000311 ], [ -61.24052706000009, -27.705558630000322 ], [ -61.240145130000094, -27.794178260000308 ], [ -61.568326260000077, -27.794832500000311 ], [ -61.571167920000093, -27.480193310000313 ], [ -61.022349940000069, -27.478217800000312 ] ] ] ] } },
{ "type": "Feature", "properties": { "fid": 322, "gid": 1323, "DEPARTAMENTO": "25 de Mayo", "PROVINCIA": "Chaco" }, "geometry": { "type": "MultiPolygon", "coordinates": [ [ [ [ -60.001516640000077, -26.303592590000331 ], [ -59.853502840000075, -26.304214380000317 ], [ -59.853484390000077, -26.318886800000335 ], [ -59.803495710000064, -26.319285520000324 ], [ -59.803646390000054, -26.530883790000324 ], [ -59.852452520000071, -26.53018076000032 ], [ -59.854078110000081, -26.755302180000321 ], [ -60.037179680000079, -27.177625310000323 ], [ -59.983009710000083, -27.196502390000322 ], [ -60.011123220000073, -27.196273750000316 ], [ -60.011301780000053, -27.286395860000315 ], [ -60.212945470000079, -27.285072740000327 ], [ -60.21228978000007, -27.116054970000324 ], [ -60.272488920000065, -27.094939930000301 ], [ -60.088585350000074, -26.673781680000342 ], [ -60.005748760000081, -26.70295833000031 ], [ -60.001516640000077, -26.303592590000331 ] ] ] ] } },
{ "type": "Feature", "properties": { "fid": 323, "gid": 1324, "DEPARTAMENTO": "Libertad", "PROVINCIA": "Chaco" }, "geometry": { "type": "MultiPolygon", "coordinates": [ [ [ [ -59.108370780000065, -27.226864460000318 ], [ -59.082951450000081, -27.232264400000314 ], [ -59.075679590000071, -27.242737980000332 ], [ -59.080749270000062, -27.248575790000309 ], [ -59.06827113000007, -27.250274050000318 ], [ -59.07120162000006, -27.269174850000326 ], [ -59.062567220000076, -27.272080640000329 ], [ -59.058678630000081, -27.293953500000317 ], [ -59.052162140000078, -27.289083840000327 ], [ -59.044465060000071, -27.297397710000315 ], [ -59.028609370000062, -27.283384360000312 ], [ -58.971233370000071, -27.334239330000308 ], [ -59.115186620000074, -27.461288590000308 ], [ -59.172264610000063, -27.41060278000031 ], [ -59.217156750000065, -27.44852864000033 ], [ -59.404092630000079, -27.452051380000309 ], [ -59.40375180000008, -27.467581700000324 ], [ -59.582228910000076, -27.468113920000313 ], [ -59.580980090000068, -27.298472400000318 ], [ -59.459730350000072, -27.40998305000031 ], [ -59.317371110000082, -27.282068540000321 ], [ -59.32833255000007, -27.27234168000032 ], [ -59.286301020000074, -27.233014010000314 ], [ -59.268979980000076, -27.247976540000312 ], [ -59.171954380000081, -27.154484760000319 ], [ -59.099889540000078, -27.218841880000323 ], [ -59.108370780000065, -27.226864460000318 ] ] ] ] } },
{ "type": "Feature", "properties": { "fid": 324, "gid": 1325, "DEPARTAMENTO": "Comandante Fernández", "PROVINCIA": "Chaco" }, "geometry": { "type": "MultiPolygon", "coordinates": [ [ [ [ -60.228710500000076, -26.624282960000315 ], [ -60.412987880000081, -27.045414000000317 ], [ -60.694459160000079, -26.94604842000032 ], [ -60.508357830000072, -26.525246680000336 ], [ -60.228710500000076, -26.624282960000315 ] ] ] ] } },
{ "type": "Feature", "properties": { "fid": 325, "gid": 1326, "DEPARTAMENTO": "General Belgrano", "PROVINCIA": "Chaco" }, "geometry": { "type": "MultiPolygon", "coordinates": [ [ [ [ -60.98999347000008, -26.661330920000314 ], [ -60.992731, -26.841963500000325 ], [ -61.008181400000083, -26.841828410000325 ], [ -60.883055950000077, -26.927045930000336 ], [ -60.851420720000071, -26.889905840000317 ], [ -60.816236500000073, -26.902289860000323 ], [ -60.817033650000084, -27.142401250000304 ], [ -61.215134880000086, -26.870445090000331 ], [ -61.189714110000082, -26.840671630000301 ], [ -61.335665070000076, -26.839112640000312 ], [ -61.332220320000083, -26.658346130000336 ], [ -60.98999347000008, -26.661330920000314 ] ] ] ] } },
{ "type": "Feature", "properties": { "fid": 326, "gid": 1327, "DEPARTAMENTO": "General Donovan", "PROVINCIA": "Chaco" }, "geometry": { "type": "MultiPolygon", "coordinates": [ [ [ [ -59.170034440000073, -26.899698480000321 ], [ -59.02823979000005, -27.027386710000318 ], [ -59.268979980000076, -27.247976540000312 ], [ -59.286301020000074, -27.233014010000314 ], [ -59.32833255000007, -27.27234168000032 ], [ -59.317371110000082, -27.282068540000321 ], [ -59.459730350000072, -27.40998305000031 ], [ -59.600162390000072, -27.280808920000307 ], [ -59.554348320000074, -27.239884150000297 ], [ -59.553775920000071, -27.012864490000297 ], [ -59.402908800000063, -27.012435170000316 ], [ -59.402655360000061, -27.028097940000318 ], [ -59.351126060000077, -27.027335020000333 ], [ -59.351512740000075, -26.982255640000322 ], [ -59.301067350000068, -26.982090930000311 ], [ -59.301754260000095, -27.015866820000326 ], [ -59.170034440000073, -26.899698480000321 ] ] ] ] } },
{ "type": "Feature", "properties": { "fid": 335, "gid": 1360, "DEPARTAMENTO": "Villaguay", "PROVINCIA": "Entre Rios" }, "geometry": { "type": "MultiPolygon", "coordinates": [ [ [ [ -58.905927450000057, -31.212738070000285 ], [ -58.885420180000068, -31.223785460000276 ], [ -58.863253600000064, -31.222525700000293 ], [ -58.815764140000063, -31.251118840000288 ], [ -58.79708386000005, -31.253641990000293 ], [ -58.782531160000055, -31.269895510000296 ], [ -58.684668540000054, -31.3012680100003 ], [ -58.638419210000066, -31.381138000000302 ], [ -58.631483100000054, -31.3805237100003 ], [ -58.627983520000058, -31.367296520000306 ], [ -58.609568240000051, -31.384133040000293 ], [ -58.586604030000061, -31.391672440000296 ], [ -58.565973120000052, -31.444558200000294 ], [ -58.546331, -31.461072230000298 ], [ -58.512601690000061, -31.470169400000298 ], [ -58.527023190000087, -31.502164870000296 ], [ -58.518508700000062, -31.554871810000297 ], [ -58.556899430000051, -31.603167240000296 ], [ -58.558439430000057, -31.618572040000291 ], [ -58.570141810000074, -31.628715240000279 ], [ -58.585067410000065, -31.624592280000304 ], [ -58.590768630000063, -31.638971800000302 ], [ -58.603542260000054, -31.714034790000309 ], [ -58.588158320000062, -31.716333040000276 ], [ -58.600786630000073, -31.759647400000283 ], [ -58.616326250000078, -31.759362010000288 ], [ -58.622253910000062, -31.792769630000311 ], [ -58.657155240000051, -31.833561830000292 ], [ -58.722831090000064, -31.823625830000285 ], [ -58.743062250000051, -31.921038690000294 ], [ -58.724118200000056, -31.968723150000304 ], [ -58.768022550000076, -32.009204260000281 ], [ -58.861482030000062, -32.026300500000303 ], [ -58.871530940000071, -32.046562810000296 ], [ -58.902268280000065, -32.051961660000295 ], [ -58.919183160000053, -32.065505640000289 ], [ -58.967991840000053, -32.051210760000295 ], [ -58.990259580000064, -32.061043280000305 ], [ -59.003347500000061, -32.083383290000278 ], [ -59.065400240000073, -32.068712800000277 ], [ -59.05944463000008, -32.052728520000286 ], [ -59.069840250000063, -32.050396300000294 ], [ -59.062630720000072, -32.045475590000294 ], [ -59.064354660000078, -32.033663910000314 ], [ -59.076388240000071, -32.033549410000283 ], [ -59.075221320000054, -32.019595170000272 ], [ -59.084120380000059, -32.01494922000029 ], [ -59.072950290000051, -32.009309150000298 ], [ -59.072455700000063, -32.00109547000028 ], [ -59.081247970000064, -32.002648210000274 ], [ -59.08016451000006, -31.991029540000291 ], [ -59.116120580000064, -31.983622410000276 ], [ -59.150658420000063, -31.987251090000292 ], [ -59.170998470000065, -31.973433130000295 ], [ -59.175265770000074, -31.960783330000286 ], [ -59.187090870000063, -31.962636450000304 ], [ -59.201059380000061, -31.947656700000294 ], [ -59.21388601000006, -31.952849000000285 ], [ -59.234327800000059, -31.932306760000291 ], [ -59.242100720000067, -31.934116980000283 ], [ -59.255619320000065, -31.91999494000029 ], [ -59.266046020000054, -31.925151190000292 ], [ -59.273978420000063, -31.913943470000298 ], [ -59.282413100000078, -31.918950350000294 ], [ -59.288817670000071, -31.913428940000284 ], [ -59.309275560000067, -31.927308010000296 ], [ -59.324935300000064, -31.920222230000284 ], [ -59.37300797000006, -31.928676190000292 ], [ -59.383953490000074, -31.9376871900003 ], [ -59.402414750000048, -31.933677660000281 ], [ -59.442571960000059, -31.970643000000294 ], [ -59.454383590000049, -31.958296810000277 ], [ -59.479432020000075, -31.950490390000276 ], [ -59.508835310000066, -31.958561440000295 ], [ -59.533293420000064, -31.949593620000297 ], [ -59.548900180000047, -31.959392730000296 ], [ -59.572754280000076, -31.955130530000282 ], [ -59.534156220000071, -31.924894930000281 ], [ -59.565400560000072, -31.896539800000287 ], [ -59.613119180000069, -31.868870350000311 ], [ -59.607068420000061, -31.858095640000286 ], [ -59.614192370000062, -31.854971440000291 ], [ -59.613826360000061, -31.837405740000278 ], [ -59.600513610000057, -31.831705770000283 ], [ -59.604031200000065, -31.806797780000291 ], [ -59.580894340000079, -31.78460469000029 ], [ -59.59480274000007, -31.769570610000301 ], [ -59.587536050000047, -31.767253910000278 ], [ -59.595175250000061, -31.760907450000289 ], [ -59.59255720000008, -31.750193660000281 ], [ -59.572717330000081, -31.720479260000271 ], [ -59.546376270000067, -31.714130760000277 ], [ -59.539618480000065, -31.693482900000291 ], [ -59.520785800000056, -31.691785600000273 ], [ -59.521743350000065, -31.669483090000277 ], [ -59.506039580000063, -31.650665930000283 ], [ -59.515136010000063, -31.645514020000281 ], [ -59.500909700000072, -31.634863460000293 ], [ -59.520517690000077, -31.616606130000296 ], [ -59.539707420000077, -31.62350754000029 ], [ -59.553994360000075, -31.615456210000293 ], [ -59.563307300000062, -31.623678160000303 ], [ -59.585199970000076, -31.6083462700003 ], [ -59.573317670000058, -31.4727049600003 ], [ -59.42496232000007, -31.390669760000296 ], [ -59.234987080000074, -31.266985710000291 ], [ -59.226191270000065, -31.288516600000296 ], [ -59.190989030000061, -31.306080670000295 ], [ -59.197721180000059, -31.319292550000284 ], [ -59.173058010000062, -31.350227360000282 ], [ -59.163161210000084, -31.374346150000299 ], [ -59.167742610000055, -31.379048200000291 ], [ -59.146758730000073, -31.397895820000286 ], [ -59.148745330000061, -31.413347630000271 ], [ -59.13211, -31.418474670000293 ], [ -59.125353120000057, -31.43437711000028 ], [ -59.111353170000079, -31.435677570000287 ], [ -59.095134450000074, -31.455071620000293 ], [ -59.090535900000063, -31.446294300000293 ], [ -59.080124100000056, -31.448000480000299 ], [ -59.087491900000089, -31.441015070000265 ], [ -59.074124180000069, -31.43333836000031 ], [ -59.078634290000068, -31.425115620000295 ], [ -59.06577729000005, -31.412424930000292 ], [ -59.074135570000074, -31.406666420000288 ], [ -59.074872660000061, -31.403212540000307 ], [ -59.045142180000063, -31.393494460000284 ], [ -59.05277075000005, -31.3791203200003 ], [ -59.035228970000077, -31.376252650000289 ], [ -59.046353700000061, -31.367159610000307 ], [ -59.035278290000058, -31.364917570000294 ], [ -59.035688010000072, -31.349219540000288 ], [ -59.016605780000063, -31.346963030000293 ], [ -59.020171420000068, -31.343169410000314 ], [ -59.00967887000008, -31.336174950000288 ], [ -59.010700880000066, -31.326012270000305 ], [ -59.019047100000051, -31.325084480000285 ], [ -59.007277330000058, -31.320544730000279 ], [ -59.001644900000066, -31.312203040000291 ], [ -59.006478340000058, -31.305088910000297 ], [ -58.991358350000063, -31.29527151000028 ], [ -58.998518130000072, -31.287975480000295 ], [ -58.971791130000064, -31.271299940000301 ], [ -58.976013430000059, -31.256781430000292 ], [ -58.963752410000048, -31.25828235000029 ], [ -58.943402030000065, -31.244061130000279 ], [ -58.949504730000079, -31.242175640000273 ], [ -58.948826240000059, -31.237025180000288 ], [ -58.925803080000065, -31.237703070000297 ], [ -58.929689620000069, -31.228163950000315 ], [ -58.910876290000068, -31.227809680000291 ], [ -58.903582550000067, -31.22232824000028 ], [ -58.905927450000057, -31.212738070000285 ] ] ] ] } },
{ "type": "Feature", "properties": { "fid": 336, "gid": 1361, "DEPARTAMENTO": "Federal", "PROVINCIA": "Entre Rios" }, "geometry": { "type": "MultiPolygon", "coordinates": [ [ [ [ -58.962873490000064, -30.6036904000003 ], [ -58.922459360000069, -30.619582450000308 ], [ -58.914955890000059, -30.62936035000029 ], [ -58.904407170000056, -30.623534780000313 ], [ -58.870819840000074, -30.662108270000299 ], [ -58.84554549000007, -30.663745200000296 ], [ -58.823376490000065, -30.654776680000307 ], [ -58.820171080000065, -30.662774150000292 ], [ -58.769423020000055, -30.688098820000302 ], [ -58.72229089000006, -30.686991850000311 ], [ -58.707962210000062, -30.698922240000304 ], [ -58.665613710000066, -30.701746950000278 ], [ -58.598037350000062, -30.674029280000305 ], [ -58.568829610000066, -30.700925150000305 ], [ -58.491544590000068, -30.732152370000321 ], [ -58.484136640000052, -30.7757358700003 ], [ -58.471165350000057, -30.78839285000031 ], [ -58.471536790000073, -30.798308320000302 ], [ -58.448280420000067, -30.817042920000308 ], [ -58.421624390000048, -30.823944270000297 ], [ -58.417826040000051, -30.842153940000294 ], [ -58.427556380000063, -30.847134590000291 ], [ -58.427004970000063, -30.858651840000284 ], [ -58.446098440000064, -30.889243470000288 ], [ -58.438625120000061, -30.897796220000309 ], [ -58.464651500000073, -30.908539250000299 ], [ -58.462195920000063, -30.935463140000291 ], [ -58.473399080000064, -30.940833790000315 ], [ -58.46777186000007, -30.944785050000295 ], [ -58.484273190000053, -30.950284780000292 ], [ -58.486878220000058, -30.96973971000029 ], [ -58.494285560000073, -30.967646010000294 ], [ -58.507286400000062, -30.982302090000303 ], [ -58.506764060000073, -30.989562400000306 ], [ -58.489462520000068, -30.996781780000305 ], [ -58.494126730000062, -30.999705930000307 ], [ -58.484331050000051, -31.008985440000281 ], [ -58.493043180000065, -31.009106570000295 ], [ -58.489612770000065, -31.016655660000303 ], [ -58.509679780000056, -31.032700340000282 ], [ -58.514362020000071, -31.025662240000312 ], [ -58.522268330000067, -31.037975990000295 ], [ -58.538356040000068, -31.041491650000307 ], [ -58.544588290000043, -31.034573720000292 ], [ -58.549618560000056, -31.045660000000318 ], [ -58.558931020000074, -31.043857870000302 ], [ -58.558875240000077, -31.036544150000278 ], [ -58.580493990000058, -31.041031430000302 ], [ -58.579407830000058, -31.049228190000303 ], [ -58.598750030000062, -31.061740460000294 ], [ -58.576910140000059, -31.072386040000268 ], [ -58.570971270000051, -31.082048320000322 ], [ -58.579151640000063, -31.081539390000305 ], [ -58.579997260000049, -31.091835520000313 ], [ -58.572522640000059, -31.107582030000302 ], [ -58.562910440000074, -31.106513910000309 ], [ -58.557250780000054, -31.125131660000299 ], [ -58.543573800000061, -31.136852830000283 ], [ -58.458557920000054, -31.170901120000302 ], [ -58.438688540000065, -31.180507070000306 ], [ -58.429164710000059, -31.194644790000286 ], [ -58.387882560000065, -31.210489160000296 ], [ -58.409195780000076, -31.238598510000298 ], [ -58.487031390000062, -31.267197110000311 ], [ -58.532619610000054, -31.268799290000295 ], [ -58.585026950000064, -31.257650800000306 ], [ -58.639562420000047, -31.298538140000304 ], [ -58.658954950000073, -31.299213990000293 ], [ -58.663205350000062, -31.292211840000306 ], [ -58.684668540000054, -31.3012680100003 ], [ -58.782531160000055, -31.269895510000296 ], [ -58.79708386000005, -31.253641990000293 ], [ -58.815764140000063, -31.251118840000288 ], [ -58.863253600000064, -31.222525700000293 ], [ -58.885420180000068, -31.223785460000276 ], [ -58.893072990000057, -31.21330909000028 ], [ -58.905647010000074, -31.21261374000029 ], [ -58.903582550000067, -31.22232824000028 ], [ -58.910876290000068, -31.227809680000291 ], [ -58.929951610000067, -31.228371220000284 ], [ -58.925552880000062, -31.2375728300003 ], [ -58.948634230000074, -31.236935670000303 ], [ -58.946021490000057, -31.246705800000289 ], [ -58.963752410000048, -31.25828235000029 ], [ -58.976013430000059, -31.256781430000292 ], [ -58.971791130000064, -31.271299940000301 ], [ -58.998518130000072, -31.287975480000295 ], [ -58.991358350000063, -31.29527151000028 ], [ -59.006478340000058, -31.305088910000297 ], [ -59.001644900000066, -31.312203040000291 ], [ -59.007277330000058, -31.320544730000279 ], [ -59.019047100000051, -31.325084480000285 ], [ -59.010700880000066, -31.326012270000305 ], [ -59.00967887000008, -31.336174950000288 ], [ -59.020171420000068, -31.343169410000314 ], [ -59.016605780000063, -31.346963030000293 ], [ -59.035688010000072, -31.349219540000288 ], [ -59.035278290000058, -31.364917570000294 ], [ -59.046353700000061, -31.367159610000307 ], [ -59.035228970000077, -31.376252650000289 ], [ -59.05277075000005, -31.3791203200003 ], [ -59.045142180000063, -31.393494460000284 ], [ -59.074872660000061, -31.403212540000307 ], [ -59.06577729000005, -31.412424930000292 ], [ -59.078634290000068, -31.425115620000295 ], [ -59.074124180000069, -31.43333836000031 ], [ -59.087491900000089, -31.441015070000265 ], [ -59.080124100000056, -31.448000480000299 ], [ -59.090535900000063, -31.446294300000293 ], [ -59.095354380000067, -31.455095850000308 ], [ -59.111353170000079, -31.435677570000287 ], [ -59.125353120000057, -31.43437711000028 ], [ -59.13211, -31.418474670000293 ], [ -59.148745330000061, -31.413347630000271 ], [ -59.146758730000073, -31.397895820000286 ], [ -59.167742610000055, -31.379048200000291 ], [ -59.163161210000084, -31.374346150000299 ], [ -59.173058010000062, -31.350227360000282 ], [ -59.197721180000059, -31.319292550000284 ], [ -59.190989030000061, -31.306080670000295 ], [ -59.226191270000065, -31.288516600000296 ], [ -59.234987080000074, -31.266985710000291 ], [ -59.285461330000061, -31.302898330000296 ], [ -59.297295250000062, -31.284090710000307 ], [ -59.259208910000069, -31.174678850000301 ], [ -59.266457680000073, -31.162901680000299 ], [ -59.259205050000062, -31.14379129000028 ], [ -59.276041430000063, -31.120825910000317 ], [ -59.290292820000062, -31.121023950000307 ], [ -59.301178340000078, -31.110579100000315 ], [ -59.287101410000062, -31.09885247000032 ], [ -59.275025840000076, -31.058715390000312 ], [ -59.286392010000071, -31.056869310000302 ], [ -59.314976830000063, -31.018779870000301 ], [ -59.320204780000061, -31.022201120000279 ], [ -59.339928250000064, -31.009299080000307 ], [ -59.328577830000064, -31.001938480000291 ], [ -59.334139920000062, -30.993390620000294 ], [ -59.280430760000051, -30.968472580000313 ], [ -59.307858960000083, -30.941399990000313 ], [ -59.271471480000066, -30.90199205000031 ], [ -59.28175010000006, -30.885579400000289 ], [ -59.279094170000072, -30.875087140000289 ], [ -59.29091873000008, -30.869423730000289 ], [ -59.292517980000085, -30.846257660000308 ], [ -59.309091860000073, -30.824834150000299 ], [ -59.320775800000085, -30.822532880000306 ], [ -59.322138570000057, -30.810104080000311 ], [ -59.335176620000063, -30.804785820000298 ], [ -59.327145960000074, -30.793272230000298 ], [ -59.297003670000073, -30.789594850000277 ], [ -59.299256070000062, -30.780668010000308 ], [ -59.260481240000061, -30.762932560000287 ], [ -59.208579210000067, -30.765422360000283 ], [ -59.200817970000053, -30.745613310000323 ], [ -59.177124230000068, -30.744550240000308 ], [ -59.144325250000087, -30.718478090000293 ], [ -59.117380070000074, -30.71791982000029 ], [ -59.113569630000079, -30.7054809000003 ], [ -59.096393620000065, -30.697934880000318 ], [ -59.097791, -30.691040670000309 ], [ -59.085025050000063, -30.696267820000294 ], [ -59.067358610000056, -30.690205470000308 ], [ -59.06819658000007, -30.675716320000294 ], [ -59.059614390000064, -30.681402670000303 ], [ -59.041929290000063, -30.670435020000291 ], [ -59.041209410000064, -30.661034980000313 ], [ -59.025863300000069, -30.649446620000287 ], [ -59.026173320000062, -30.638164940000298 ], [ -59.011981200000065, -30.634914210000321 ], [ -59.012058610000061, -30.621360730000287 ], [ -59.001311320000056, -30.618716970000282 ], [ -58.999741220000061, -30.609647530000306 ], [ -58.962873490000064, -30.6036904000003 ] ] ] ] } },
{ "type": "Feature", "properties": { "fid": 337, "gid": 1362, "DEPARTAMENTO": "San Salvador", "PROVINCIA": "Entre Rios" }, "geometry": { "type": "MultiPolygon", "coordinates": [ [ [ [ -58.275409530000061, -31.665356010000306 ], [ -58.343712650000064, -31.71129585000028 ], [ -58.350319260000063, -31.70605366000029 ], [ -58.371413050000044, -31.726165650000279 ], [ -58.374332650000063, -31.721769610000283 ], [ -58.378942680000065, -31.743466820000283 ], [ -58.431129550000065, -31.740200260000293 ], [ -58.420220110000066, -31.784996100000274 ], [ -58.401446630000059, -31.811289120000293 ], [ -58.423736600000048, -31.807655590000294 ], [ -58.452861960000043, -31.817243330000302 ], [ -58.472985200000061, -31.803408310000304 ], [ -58.486912380000071, -31.806335020000287 ], [ -58.50737984000007, -31.787288450000297 ], [ -58.543548840000071, -31.822087590000319 ], [ -58.537119790000055, -31.843256810000288 ], [ -58.565166470000072, -31.861296240000279 ], [ -58.583897260000064, -31.85796125000028 ], [ -58.595129360000072, -31.84540128000031 ], [ -58.627834630000059, -31.882756360000293 ], [ -58.60763118000007, -31.902339760000309 ], [ -58.708604460000075, -31.887982660000279 ], [ -58.698618700000068, -31.860566830000288 ], [ -58.729548940000065, -31.85624531000029 ], [ -58.722831090000064, -31.823625830000285 ], [ -58.657155240000051, -31.833561830000292 ], [ -58.622253910000062, -31.792769630000311 ], [ -58.616326250000078, -31.759362010000288 ], [ -58.600786630000073, -31.759647400000283 ], [ -58.588158320000062, -31.716333040000276 ], [ -58.603542260000054, -31.714034790000309 ], [ -58.590768630000063, -31.638971800000302 ], [ -58.585067410000065, -31.624592280000304 ], [ -58.570141810000074, -31.628715240000279 ], [ -58.558439430000057, -31.618572040000291 ], [ -58.556899430000051, -31.603167240000296 ], [ -58.518508700000062, -31.554871810000297 ], [ -58.527023190000087, -31.502164870000296 ], [ -58.512601690000061, -31.470169400000298 ], [ -58.546331, -31.461072230000298 ], [ -58.565973120000052, -31.444558200000294 ], [ -58.586604030000061, -31.391672440000296 ], [ -58.609568240000051, -31.384133040000293 ], [ -58.627983520000058, -31.367296520000306 ], [ -58.631483100000054, -31.3805237100003 ], [ -58.638419210000066, -31.381138000000302 ], [ -58.684668540000054, -31.3012680100003 ], [ -58.663205350000062, -31.292211840000306 ], [ -58.658954950000073, -31.299213990000293 ], [ -58.639562420000047, -31.298538140000304 ], [ -58.585026950000064, -31.257650800000306 ], [ -58.532619610000054, -31.268799290000295 ], [ -58.464275150000056, -31.260087740000291 ], [ -58.471892130000072, -31.266502440000295 ], [ -58.456357720000064, -31.278728930000298 ], [ -58.411901460000053, -31.351166710000275 ], [ -58.419825230000058, -31.368937500000285 ], [ -58.431262370000063, -31.364999320000297 ], [ -58.45986551000005, -31.389081140000286 ], [ -58.451204010000062, -31.401727600000296 ], [ -58.449703880000065, -31.431334650000291 ], [ -58.346253640000057, -31.4903249500003 ], [ -58.325627500000046, -31.485894560000311 ], [ -58.327502390000056, -31.5013733900003 ], [ -58.34630451000006, -31.506496170000311 ], [ -58.343024380000074, -31.521559050000295 ], [ -58.330235760000065, -31.523202810000289 ], [ -58.328794170000066, -31.54483230000028 ], [ -58.287057620000041, -31.539561610000291 ], [ -58.297461580000061, -31.602635610000299 ], [ -58.265358650000053, -31.602355110000303 ], [ -58.275409530000061, -31.665356010000306 ] ] ] ] } },
{ "type": "Feature", "properties": { "fid": 338, "gid": 1363, "DEPARTAMENTO": "Nogoyá", "PROVINCIA": "Entre Rios" }, "geometry": { "type": "MultiPolygon", "coordinates": [ [ [ [ -59.605323270000056, -31.873554860000286 ], [ -59.534156220000071, -31.924894930000281 ], [ -59.572754280000076, -31.955130530000282 ], [ -59.548900180000047, -31.959392730000296 ], [ -59.533293420000064, -31.949593620000297 ], [ -59.512151180000068, -31.958707290000277 ], [ -59.487289090000075, -31.949577890000295 ], [ -59.454383590000049, -31.958296810000277 ], [ -59.442571960000059, -31.970643000000294 ], [ -59.402414750000048, -31.933677660000281 ], [ -59.383953490000074, -31.9376871900003 ], [ -59.367624050000067, -31.927387770000308 ], [ -59.315311380000061, -31.923031610000294 ], [ -59.330619200000065, -31.938994490000269 ], [ -59.342470150000082, -31.940696800000289 ], [ -59.344205060000064, -31.969578770000297 ], [ -59.373634820000078, -32.024467040000289 ], [ -59.396263720000078, -32.03558371000031 ], [ -59.408560770000065, -32.063311580000267 ], [ -59.475087360000067, -32.124942180000282 ], [ -59.457764270000062, -32.14009111000027 ], [ -59.483841290000065, -32.267898330000286 ], [ -59.463307900000061, -32.284885790000288 ], [ -59.496656570000063, -32.338265500000283 ], [ -59.441903280000062, -32.355452820000281 ], [ -59.476330690000061, -32.426728790000276 ], [ -59.44915730000006, -32.454177580000277 ], [ -59.43993329000007, -32.489006330000308 ], [ -59.443084230000068, -32.512206210000279 ], [ -59.45391977000007, -32.510587570000297 ], [ -59.461184010000061, -32.524017650000282 ], [ -59.453387950000071, -32.556374110000263 ], [ -59.601698030000065, -32.552047670000292 ], [ -59.60540759000007, -32.597013320000293 ], [ -59.599029990000055, -32.603454500000261 ], [ -59.607698620000065, -32.632689780000298 ], [ -59.637999860000072, -32.615270400000284 ], [ -59.648205100000069, -32.620682490000277 ], [ -59.658565650000064, -32.613051060000288 ], [ -59.704726, -32.610321300000308 ], [ -59.753801730000063, -32.581625960000274 ], [ -59.771893250000069, -32.589712430000269 ], [ -59.769591500000061, -32.575351790000283 ], [ -59.787235680000073, -32.542488610000277 ], [ -59.796323480000062, -32.547689360000291 ], [ -59.816389020000067, -32.53507831000028 ], [ -59.848697320000063, -32.538365610000291 ], [ -59.876741650000064, -32.52569977000028 ], [ -59.942976030000061, -32.521615790000283 ], [ -59.978713760000062, -32.492782830000273 ], [ -60.000080450000063, -32.491147040000286 ], [ -59.992803, -32.482886520000278 ], [ -60.000197350000064, -32.453100840000289 ], [ -59.977458490000068, -32.421432400000263 ], [ -60.032951530000069, -32.384988070000283 ], [ -60.037530120000064, -32.388878650000294 ], [ -60.03247827000007, -32.376309060000281 ], [ -60.046944430000075, -32.350962730000269 ], [ -60.084216500000075, -32.315894290000273 ], [ -60.11718538000008, -32.302147680000289 ], [ -60.131834180000055, -32.268627540000274 ], [ -60.14542564000007, -32.274577290000259 ], [ -60.164706540000061, -32.264789290000301 ], [ -60.16663748000007, -32.27155338000027 ], [ -60.190415200000054, -32.268962660000284 ], [ -60.177239340000085, -32.242115540000277 ], [ -60.189742050000085, -32.233977930000286 ], [ -60.171747680000081, -32.2165345800003 ], [ -60.181905510000071, -32.1924525800003 ], [ -60.141355900000086, -32.158382770000287 ], [ -60.182692100000082, -32.122923380000294 ], [ -60.209669150000082, -32.145082000000308 ], [ -60.225852990000078, -32.115714220000271 ], [ -60.215026290000061, -32.114658960000284 ], [ -60.254176410000063, -32.052700020000295 ], [ -60.182013080000061, -32.02310949000028 ], [ -60.140385710000075, -31.981952810000269 ], [ -60.026611520000081, -32.030808850000284 ], [ -60.013357540000072, -32.000702140000278 ], [ -60.013457400000078, -31.974378400000287 ], [ -59.984607570000072, -31.968079150000293 ], [ -59.968960480000071, -31.951686730000283 ], [ -59.944396360000063, -31.951362230000299 ], [ -59.944876430000072, -31.926696760000283 ], [ -59.930892960000065, -31.929343260000291 ], [ -59.933310220000074, -31.916000130000278 ], [ -59.921691910000057, -31.917742640000274 ], [ -59.919923160000067, -31.883132250000294 ], [ -59.882844750000075, -31.895248830000288 ], [ -59.857324300000066, -31.891988630000295 ], [ -59.759736550000063, -31.927299730000279 ], [ -59.68307724000006, -31.890445460000283 ], [ -59.666928050000067, -31.891327270000275 ], [ -59.639785990000071, -31.875717400000276 ], [ -59.605323270000056, -31.873554860000286 ] ] ] ] } },
{ "type": "Feature", "properties": { "fid": 339, "gid": 1364, "DEPARTAMENTO": "Tala", "PROVINCIA": "Entre Rios" }, "geometry": { "type": "MultiPolygon", "coordinates": [ [ [ [ -59.309275560000067, -31.927308010000296 ], [ -59.27373256000007, -31.914052150000298 ], [ -59.264832760000068, -31.925477940000285 ], [ -59.255327020000067, -31.920110290000267 ], [ -59.21388601000006, -31.952849000000285 ], [ -59.201274410000067, -31.947619640000287 ], [ -59.187090870000063, -31.962636450000304 ], [ -59.178387110000074, -31.958947100000298 ], [ -59.150658420000063, -31.987251090000292 ], [ -59.116120580000064, -31.983622410000276 ], [ -59.08016451000006, -31.991029540000291 ], [ -59.081247970000064, -32.002648210000274 ], [ -59.072455700000063, -32.00109547000028 ], [ -59.072950290000051, -32.009309150000298 ], [ -59.084120380000059, -32.01494922000029 ], [ -59.075221320000054, -32.019595170000272 ], [ -59.076388240000071, -32.033549410000283 ], [ -59.064354660000078, -32.033663910000314 ], [ -59.062630720000072, -32.045475590000294 ], [ -59.069840250000063, -32.050396300000294 ], [ -59.05944463000008, -32.052728520000286 ], [ -59.062803570000057, -32.070127390000295 ], [ -59.081454090000065, -32.070757820000303 ], [ -59.095699660000058, -32.084036910000272 ], [ -59.091456120000061, -32.090576350000283 ], [ -59.099055540000059, -32.089515180000284 ], [ -59.078363630000062, -32.098196950000293 ], [ -59.077767750000064, -32.10815829000029 ], [ -59.085933300000072, -32.110855450000287 ], [ -59.071152400000081, -32.119576610000301 ], [ -59.074873260000061, -32.126242030000292 ], [ -59.085266010000069, -32.121612960000306 ], [ -59.095261390000061, -32.12725906000027 ], [ -59.097376280000063, -32.136831850000277 ], [ -59.078174850000067, -32.158289470000284 ], [ -59.084970860000062, -32.165110800000285 ], [ -59.077187390000056, -32.177559660000284 ], [ -59.100835270000069, -32.196418100000272 ], [ -59.107391730000074, -32.210084880000274 ], [ -59.101493940000061, -32.221785460000291 ], [ -59.111472590000062, -32.225357340000279 ], [ -59.106641190000062, -32.233209410000299 ], [ -59.113071910000073, -32.235751030000309 ], [ -59.105575200000054, -32.238172870000277 ], [ -59.104468670000074, -32.250410570000277 ], [ -59.094905810000064, -32.245144500000286 ], [ -59.08440186000005, -32.250313100000284 ], [ -59.090156230000062, -32.259294720000277 ], [ -59.077059510000062, -32.277328420000273 ], [ -59.08530604000007, -32.286976550000276 ], [ -59.076080640000065, -32.29012053000028 ], [ -59.081807040000051, -32.294452130000288 ], [ -59.073779290000061, -32.312019100000271 ], [ -59.083953250000057, -32.312961120000274 ], [ -59.077783530000062, -32.320313240000274 ], [ -59.09628734000006, -32.329565650000291 ], [ -59.084022160000067, -32.342148710000288 ], [ -59.103005220000064, -32.347877050000299 ], [ -59.096731470000073, -32.358658720000278 ], [ -59.089542600000073, -32.354113520000283 ], [ -59.082807250000066, -32.361228570000286 ], [ -59.086073050000067, -32.372069990000284 ], [ -59.094205830000071, -32.373101650000301 ], [ -59.083880540000074, -32.377042000000294 ], [ -59.084401400000068, -32.3859643500003 ], [ -59.097016930000059, -32.390363290000273 ], [ -59.090714150000061, -32.397936020000301 ], [ -59.105698450000069, -32.403248760000274 ], [ -59.093559030000065, -32.411192770000298 ], [ -59.103529600000073, -32.413928910000287 ], [ -59.095674200000069, -32.41810717000029 ], [ -59.100969620000065, -32.42093018000029 ], [ -59.087445030000062, -32.425797560000291 ], [ -59.107951980000067, -32.438213000000296 ], [ -59.105404910000061, -32.446410350000278 ], [ -59.114338190000069, -32.455740340000283 ], [ -59.09619777000006, -32.465641940000289 ], [ -59.096585470000065, -32.480389870000295 ], [ -59.106323940000053, -32.484557170000286 ], [ -59.097155400000062, -32.506032670000288 ], [ -59.112113770000086, -32.515219220000269 ], [ -59.107237080000061, -32.533736550000292 ], [ -59.117789310000063, -32.530806510000289 ], [ -59.096718030000062, -32.543398440000274 ], [ -59.102920210000065, -32.552892390000281 ], [ -59.09701423000007, -32.558977110000292 ], [ -59.110050510000065, -32.563792340000269 ], [ -59.088571370000061, -32.573667280000279 ], [ -59.109600550000089, -32.587945030000284 ], [ -59.094659540000059, -32.592870260000282 ], [ -59.101469230000063, -32.595810500000276 ], [ -59.096527550000062, -32.604699820000278 ], [ -59.103033620000062, -32.615426130000301 ], [ -59.095060590000053, -32.614421610000285 ], [ -59.092370830000064, -32.623555620000296 ], [ -59.105777820000071, -32.633171100000276 ], [ -59.104131680000087, -32.645343010000289 ], [ -59.115500890000064, -32.662304510000283 ], [ -59.108491800000074, -32.666031060000272 ], [ -59.126700890000066, -32.663355840000278 ], [ -59.117756420000063, -32.684906320000287 ], [ -59.144882570000071, -32.712611360000267 ], [ -59.22760262000007, -32.699392600000294 ], [ -59.272890770000053, -32.681953290000287 ], [ -59.269828910000051, -32.677489880000287 ], [ -59.414884780000051, -32.639822170000294 ], [ -59.417235640000079, -32.628072980000276 ], [ -59.404928700000063, -32.599690120000282 ], [ -59.452725050000069, -32.561872960000279 ], [ -59.461184010000061, -32.524017650000282 ], [ -59.45391977000007, -32.510587570000297 ], [ -59.443084230000068, -32.512206210000279 ], [ -59.43993329000007, -32.489006330000308 ], [ -59.44915730000006, -32.454177580000277 ], [ -59.476330690000061, -32.426728790000276 ], [ -59.441903280000062, -32.355452820000281 ], [ -59.496656570000063, -32.338265500000283 ], [ -59.463307900000061, -32.284885790000288 ], [ -59.483841290000065, -32.267898330000286 ], [ -59.457764270000062, -32.14009111000027 ], [ -59.475087360000067, -32.124942180000282 ], [ -59.408560770000065, -32.063311580000267 ], [ -59.396263720000078, -32.03558371000031 ], [ -59.384845820000066, -32.033675070000314 ], [ -59.363178200000064, -32.010947500000285 ], [ -59.365975300000066, -32.001733040000289 ], [ -59.355313690000067, -31.997869540000277 ], [ -59.357736610000075, -31.985020180000273 ], [ -59.344138110000067, -31.969354070000279 ], [ -59.342470150000082, -31.940696800000289 ], [ -59.330619200000065, -31.938994490000269 ], [ -59.31514180000007, -31.9229493700003 ], [ -59.309275560000067, -31.927308010000296 ] ] ] ] } },
{ "type": "Feature", "properties": { "fid": 340, "gid": 1365, "DEPARTAMENTO": "La Paz", "PROVINCIA": "Entre Rios" }, "geometry": { "type": "MultiPolygon", "coordinates": [ [ [ [ -59.422610620000064, -30.3158078400003 ], [ -59.347921310000075, -30.324347260000305 ], [ -59.323731710000061, -30.3542440000003 ], [ -59.298304790000067, -30.346789150000298 ], [ -59.300562900000067, -30.356718640000278 ], [ -59.288267030000064, -30.361884450000304 ], [ -59.288669160000062, -30.355543180000318 ], [ -59.273063470000061, -30.359394340000282 ], [ -59.273512, -30.352434420000293 ], [ -59.241691290000063, -30.365738810000281 ], [ -59.203751180000062, -30.347445460000298 ], [ -59.176794970000088, -30.376986000000301 ], [ -59.130710110000066, -30.376810400000302 ], [ -59.097406310000061, -30.386771330000286 ], [ -59.069393750000081, -30.413852870000309 ], [ -59.082513740000067, -30.480652180000305 ], [ -59.056992750000063, -30.497687920000288 ], [ -59.054448850000078, -30.518947790000311 ], [ -58.980563290000042, -30.521317680000301 ], [ -58.982461730000061, -30.557159010000294 ], [ -58.931681610000076, -30.561097350000299 ], [ -58.943342690000058, -30.572215510000326 ], [ -58.94958003000005, -30.5675209900003 ], [ -58.961416800000066, -30.590693640000307 ], [ -58.998990230000061, -30.603514270000307 ], [ -59.001311320000056, -30.618716970000282 ], [ -59.012058610000061, -30.621360730000287 ], [ -59.009690680000062, -30.632139190000306 ], [ -59.026173320000062, -30.638164940000298 ], [ -59.025863300000069, -30.649446620000287 ], [ -59.041209410000064, -30.661034980000313 ], [ -59.041929290000063, -30.670435020000291 ], [ -59.059614390000064, -30.681402670000303 ], [ -59.06819658000007, -30.675716320000294 ], [ -59.067358610000056, -30.690205470000308 ], [ -59.085025050000063, -30.696267820000294 ], [ -59.097791, -30.691040670000309 ], [ -59.096393620000065, -30.697934880000318 ], [ -59.113569630000079, -30.7054809000003 ], [ -59.117380070000074, -30.71791982000029 ], [ -59.144325250000087, -30.718478090000293 ], [ -59.177124230000068, -30.744550240000308 ], [ -59.200817970000053, -30.745613310000323 ], [ -59.208579210000067, -30.765422360000283 ], [ -59.260481240000061, -30.762932560000287 ], [ -59.299256070000062, -30.780668010000308 ], [ -59.297003670000073, -30.789594850000277 ], [ -59.33348048000007, -30.798863920000283 ], [ -59.334159570000061, -30.808347610000283 ], [ -59.322138570000057, -30.810104080000311 ], [ -59.320775800000085, -30.822532880000306 ], [ -59.309091860000073, -30.824834150000299 ], [ -59.292517980000085, -30.846257660000308 ], [ -59.29091873000008, -30.869423730000289 ], [ -59.279094170000072, -30.875087140000289 ], [ -59.28175010000006, -30.885579400000289 ], [ -59.271471480000066, -30.90199205000031 ], [ -59.307858960000083, -30.941399990000313 ], [ -59.280430760000051, -30.968472580000313 ], [ -59.334139920000062, -30.993390620000294 ], [ -59.328577830000064, -31.001938480000291 ], [ -59.339928250000064, -31.009299080000307 ], [ -59.320204780000061, -31.022201120000279 ], [ -59.314976830000063, -31.018779870000301 ], [ -59.294317470000081, -31.048836430000286 ], [ -59.274421360000069, -31.060824170000288 ], [ -59.287101410000062, -31.09885247000032 ], [ -59.301168460000063, -31.110346400000278 ], [ -59.290292820000062, -31.121023950000307 ], [ -59.276041430000063, -31.120825910000317 ], [ -59.259141550000066, -31.14448412000031 ], [ -59.266457680000073, -31.162901680000299 ], [ -59.259208910000069, -31.174678850000301 ], [ -59.297362340000063, -31.283664920000287 ], [ -59.285461330000061, -31.302898330000296 ], [ -59.626310690000061, -31.504878400000297 ], [ -59.624040520000072, -31.468474770000309 ], [ -59.612663590000061, -31.451086490000296 ], [ -59.677984950000074, -31.433284230000279 ], [ -59.738782770000064, -31.428845170000297 ], [ -59.736824160000069, -31.418529070000282 ], [ -59.759528630000077, -31.422127540000297 ], [ -59.759491420000074, -31.431562240000304 ], [ -59.825527240000071, -31.499649550000292 ], [ -59.858650800000085, -31.494293170000301 ], [ -59.862797620000073, -31.456843790000313 ], [ -59.887988150000062, -31.40168221000031 ], [ -59.883362360000064, -31.3867597700003 ], [ -59.899582570000085, -31.34064424000028 ], [ -59.926238670000075, -31.292025080000307 ], [ -59.935465030000067, -31.291109190000295 ], [ -59.92942363000008, -31.281573450000288 ], [ -59.944718660000063, -31.263134470000299 ], [ -59.944305960000072, -31.24006029000029 ], [ -59.953811470000062, -31.236329200000291 ], [ -59.941903560000078, -31.227106320000299 ], [ -59.954351010000089, -31.215381060000297 ], [ -59.953487610000082, -31.204590640000291 ], [ -59.960410280000062, -31.209867390000284 ], [ -59.964717400000076, -31.196902980000296 ], [ -59.984998340000075, -31.194082240000288 ], [ -59.984191890000076, -31.160705560000316 ], [ -59.963378910000074, -31.119873050000297 ], [ -59.925442990000064, -31.105052350000292 ], [ -59.877929690000073, -31.05621338000029 ], [ -59.826110840000055, -30.97167969000029 ], [ -59.81817627000008, -30.942504880000303 ], [ -59.734848170000056, -30.876624100000296 ], [ -59.704866960000054, -30.817375520000297 ], [ -59.699394200000079, -30.769072460000299 ], [ -59.654174800000078, -30.740905760000309 ], [ -59.633300780000056, -30.713928220000305 ], [ -59.636596680000068, -30.701293940000294 ], [ -59.668090820000067, -30.676025390000301 ], [ -59.678405760000075, -30.646911620000303 ], [ -59.645856330000072, -30.597037430000288 ], [ -59.65140272000005, -30.510979820000298 ], [ -59.672698900000064, -30.478976070000297 ], [ -59.680491630000056, -30.451017400000286 ], [ -59.717075850000072, -30.425378710000295 ], [ -59.722548610000054, -30.403844580000303 ], [ -59.671390190000068, -30.37630232000031 ], [ -59.671672110000081, -30.338662070000304 ], [ -59.657519490000062, -30.352801500000304 ], [ -59.636819720000062, -30.35775436000031 ], [ -59.632170890000076, -30.390642510000301 ], [ -59.615097060000068, -30.419206920000295 ], [ -59.587768770000075, -30.434821910000295 ], [ -59.572440490000062, -30.408417770000288 ], [ -59.574663570000077, -30.370973650000309 ], [ -59.565845140000071, -30.347612030000288 ], [ -59.556836730000065, -30.352301940000299 ], [ -59.558342240000073, -30.33293873000029 ], [ -59.490211820000056, -30.344330750000314 ], [ -59.477096990000071, -30.334731330000285 ], [ -59.464823460000062, -30.337029910000297 ], [ -59.464028360000064, -30.32432269000029 ], [ -59.440970320000069, -30.329454730000293 ], [ -59.422610620000064, -30.3158078400003 ] ] ] ] } },
{ "type": "Feature", "properties": { "fid": 341, "gid": 1366, "DEPARTAMENTO": "Feliciano", "PROVINCIA": "Entre Rios" }, "geometry": { "type": "MultiPolygon", "coordinates": [ [ [ [ -58.270315080000081, -30.253263710000287 ], [ -58.302351330000064, -30.325169390000305 ], [ -58.312794780000061, -30.334673790000306 ], [ -58.309126400000061, -30.327497590000295 ], [ -58.338531450000055, -30.313734140000292 ], [ -58.353834890000051, -30.328986980000295 ], [ -58.386711180000077, -30.313020190000312 ], [ -58.407919270000058, -30.316128980000304 ], [ -58.406382330000056, -30.346135200000287 ], [ -58.363747180000061, -30.333785170000294 ], [ -58.339012310000058, -30.356427740000296 ], [ -58.391286770000065, -30.400732730000293 ], [ -58.398466330000076, -30.440217010000296 ], [ -58.464034280000064, -30.579621160000293 ], [ -58.478076880000067, -30.572281090000303 ], [ -58.509192820000059, -30.605083720000309 ], [ -58.522034480000066, -30.608113490000303 ], [ -58.501039700000049, -30.626279660000296 ], [ -58.567958080000061, -30.666458400000305 ], [ -58.577504260000062, -30.690660570000297 ], [ -58.598333010000061, -30.674011880000311 ], [ -58.664266370000057, -30.701673190000299 ], [ -58.707962210000062, -30.698922240000304 ], [ -58.72229089000006, -30.686991850000311 ], [ -58.768609530000056, -30.688338610000297 ], [ -58.820171080000065, -30.662774150000292 ], [ -58.823376490000065, -30.654776680000307 ], [ -58.84554549000007, -30.663745200000296 ], [ -58.870819840000074, -30.662108270000299 ], [ -58.904407170000056, -30.623534780000313 ], [ -58.914955890000059, -30.62936035000029 ], [ -58.963941020000057, -30.60143381000028 ], [ -59.002323690000061, -30.6135021000003 ], [ -58.997500870000067, -30.602297410000293 ], [ -58.961416800000066, -30.590693640000307 ], [ -58.94958003000005, -30.5675209900003 ], [ -58.943342690000058, -30.572215510000326 ], [ -58.931681610000076, -30.561097350000299 ], [ -58.982461730000061, -30.557159010000294 ], [ -58.980563290000042, -30.521317680000301 ], [ -59.054448850000078, -30.518947790000311 ], [ -59.056992750000063, -30.497687920000288 ], [ -59.082513740000067, -30.480652180000305 ], [ -59.070151660000072, -30.412410100000301 ], [ -59.09976378000006, -30.385779700000302 ], [ -59.130710110000066, -30.376810400000302 ], [ -59.176794970000088, -30.376986000000301 ], [ -59.197206850000057, -30.3511193100003 ], [ -59.210446700000077, -30.347067130000287 ], [ -59.200939560000066, -30.334840900000312 ], [ -59.192202040000069, -30.336716970000285 ], [ -59.19213859000007, -30.329545930000311 ], [ -59.180983160000061, -30.332968820000293 ], [ -59.171678400000054, -30.318092330000287 ], [ -59.158693420000077, -30.323034570000292 ], [ -59.136474530000065, -30.311573860000298 ], [ -59.136577340000059, -30.286569240000318 ], [ -59.12372546000006, -30.284831670000322 ], [ -59.120707620000061, -30.276026440000312 ], [ -59.110128150000072, -30.279876920000294 ], [ -59.10670687000006, -30.26977321000032 ], [ -59.075637760000085, -30.257267420000289 ], [ -59.081459, -30.249074280000318 ], [ -59.064251340000055, -30.230817870000308 ], [ -59.051351090000054, -30.234998580000305 ], [ -59.008652850000068, -30.218522000000299 ], [ -59.001464830000074, -30.223731190000304 ], [ -58.965201510000064, -30.218339970000294 ], [ -58.912016990000069, -30.248214110000312 ], [ -58.878855630000061, -30.246661510000294 ], [ -58.869797020000064, -30.234444170000295 ], [ -58.831024900000052, -30.231296140000307 ], [ -58.803752700000054, -30.210833960000315 ], [ -58.787937620000072, -30.219132330000303 ], [ -58.748357240000054, -30.213884240000297 ], [ -58.733757290000071, -30.193412740000291 ], [ -58.680701260000077, -30.17502783000031 ], [ -58.681493620000069, -30.163549310000295 ], [ -58.65874002000006, -30.168849560000336 ], [ -58.647138590000068, -30.163193880000307 ], [ -58.630014640000063, -30.176859120000309 ], [ -58.576498810000054, -30.160041490000303 ], [ -58.553485750000071, -30.185209550000305 ], [ -58.525506860000064, -30.189431900000294 ], [ -58.496562410000067, -30.207688250000317 ], [ -58.47015999000007, -30.203043040000317 ], [ -58.451526750000063, -30.224856000000305 ], [ -58.437047230000047, -30.221674950000292 ], [ -58.436519350000047, -30.2299249200003 ], [ -58.414591370000061, -30.234956420000291 ], [ -58.404004720000046, -30.249787370000313 ], [ -58.346454350000052, -30.271261200000275 ], [ -58.295900880000048, -30.245999520000296 ], [ -58.270315080000081, -30.253263710000287 ] ] ] ] } },
{ "type": "Feature", "properties": { "fid": 342, "gid": 1367, "DEPARTAMENTO": "Paraná", "PROVINCIA": "Entre Rios" }, "geometry": { "type": "MultiPolygon", "coordinates": [ [ [ [ -59.98103372000007, -31.194773240000281 ], [ -59.964717400000076, -31.196902980000296 ], [ -59.960410280000062, -31.209867390000284 ], [ -59.952892420000069, -31.205078710000286 ], [ -59.954351010000089, -31.215381060000297 ], [ -59.941903560000078, -31.227106320000299 ], [ -59.953811470000062, -31.236329200000291 ], [ -59.944305960000072, -31.24006029000029 ], [ -59.944718660000063, -31.263134470000299 ], [ -59.92942363000008, -31.281573450000288 ], [ -59.935465030000067, -31.291109190000295 ], [ -59.926238670000075, -31.292025080000307 ], [ -59.899582570000085, -31.34064424000028 ], [ -59.883362360000064, -31.3867597700003 ], [ -59.887988150000062, -31.40168221000031 ], [ -59.862797620000073, -31.456843790000313 ], [ -59.858650800000085, -31.494293170000301 ], [ -59.825527240000071, -31.499649550000292 ], [ -59.759491420000074, -31.431562240000304 ], [ -59.759528630000077, -31.422127540000297 ], [ -59.736824160000069, -31.418529070000282 ], [ -59.738782770000064, -31.428845170000297 ], [ -59.677984950000074, -31.433284230000279 ], [ -59.612663590000061, -31.451086490000296 ], [ -59.624040520000072, -31.468474770000309 ], [ -59.626310690000061, -31.504878400000297 ], [ -59.573317670000058, -31.4727049600003 ], [ -59.585199970000076, -31.6083462700003 ], [ -59.563307300000062, -31.623678160000303 ], [ -59.553994360000075, -31.615456210000293 ], [ -59.539707420000077, -31.62350754000029 ], [ -59.521958080000068, -31.616293880000288 ], [ -59.502554660000065, -31.6307873000003 ], [ -59.515136010000063, -31.645514020000281 ], [ -59.506039580000063, -31.650665930000283 ], [ -59.521743350000065, -31.669483090000277 ], [ -59.520737350000054, -31.69168258000029 ], [ -59.539618480000065, -31.693482900000291 ], [ -59.546376270000067, -31.714130760000277 ], [ -59.572717330000081, -31.720479260000271 ], [ -59.59255720000008, -31.750193660000281 ], [ -59.595175250000061, -31.760907450000289 ], [ -59.587536050000047, -31.767253910000278 ], [ -59.59480274000007, -31.769570610000301 ], [ -59.580875820000067, -31.78452672000029 ], [ -59.604031200000065, -31.806797780000291 ], [ -59.599622, -31.829778460000288 ], [ -59.612769090000072, -31.833869210000287 ], [ -59.614192370000062, -31.854971440000291 ], [ -59.607069900000077, -31.858400200000286 ], [ -59.615440870000079, -31.87376933000029 ], [ -59.68307724000006, -31.890445460000283 ], [ -59.759736550000063, -31.927299730000279 ], [ -59.857324300000066, -31.891988630000295 ], [ -59.882844750000075, -31.895248830000288 ], [ -59.919923160000067, -31.883132250000294 ], [ -59.921691910000057, -31.917742640000274 ], [ -59.933310220000074, -31.916000130000278 ], [ -59.930892960000065, -31.929343260000291 ], [ -59.944876430000072, -31.926696760000283 ], [ -59.944396360000063, -31.951362230000299 ], [ -59.968960480000071, -31.951686730000283 ], [ -59.984607570000072, -31.968079150000293 ], [ -60.013457400000078, -31.974378400000287 ], [ -60.013357540000072, -32.000702140000278 ], [ -60.026611520000081, -32.030808850000284 ], [ -60.140385710000075, -31.981952810000269 ], [ -60.182902880000064, -32.023634380000303 ], [ -60.251335090000069, -32.052837280000276 ], [ -60.273634400000063, -32.05497707000027 ], [ -60.286243470000066, -32.045273430000286 ], [ -60.303131120000067, -32.082728410000286 ], [ -60.317287120000074, -32.0730458700003 ], [ -60.32488041000007, -32.079443250000274 ], [ -60.343312090000069, -32.061255440000281 ], [ -60.346105030000068, -32.039918510000298 ], [ -60.353188310000064, -32.039326970000289 ], [ -60.345283630000061, -32.016262610000275 ], [ -60.366330720000065, -32.002390030000292 ], [ -60.366447780000065, -31.995045030000284 ], [ -60.344811880000073, -31.994754410000294 ], [ -60.34443875000008, -31.977674660000297 ], [ -60.329067620000068, -31.98747245000029 ], [ -60.343074280000074, -31.94789831000028 ], [ -60.36703580000006, -31.947701410000303 ], [ -60.385030940000078, -31.932402360000278 ], [ -60.416833200000077, -31.959440860000292 ], [ -60.419198950000073, -31.953366080000286 ], [ -60.462789750000077, -31.951028990000282 ], [ -60.459690850000072, -31.939141570000295 ], [ -60.517111310000082, -31.925555820000309 ], [ -60.513590740000062, -31.891711870000307 ], [ -60.538233060000081, -31.889804370000295 ], [ -60.522543010000078, -31.852588160000273 ], [ -60.542252, -31.84862909000028 ], [ -60.539766030000074, -31.83580005000028 ], [ -60.566992200000072, -31.832017210000288 ], [ -60.559181560000077, -31.821882510000282 ], [ -60.57020913000008, -31.810113640000278 ], [ -60.60693622000008, -31.826990750000288 ], [ -60.675492930000054, -31.817237060000295 ], [ -60.675781250000057, -31.811706540000301 ], [ -60.660696430000058, -31.7941442400003 ], [ -60.640946900000067, -31.791764780000285 ], [ -60.636425930000073, -31.774632660000275 ], [ -60.642883300000079, -31.751220700000296 ], [ -60.627621920000074, -31.733230040000279 ], [ -60.568135400000081, -31.704914460000275 ], [ -60.467590330000085, -31.69830322000028 ], [ -60.396301270000073, -31.64300537000031 ], [ -60.330665190000062, -31.608546290000291 ], [ -60.326858060000063, -31.578803030000284 ], [ -60.340183040000063, -31.559767340000281 ], [ -60.332806710000071, -31.54715619000029 ], [ -60.299256310000061, -31.533593270000289 ], [ -60.244001240000074, -31.530395330000285 ], [ -60.224727600000087, -31.508266350000298 ], [ -60.212354410000081, -31.467815510000303 ], [ -60.143493650000067, -31.44360351000029 ], [ -60.138427730000075, -31.413391110000301 ], [ -60.096069340000064, -31.370605470000282 ], [ -60.086791990000087, -31.346984860000262 ], [ -60.109375, -31.30407715000031 ], [ -60.105590820000081, -31.289916990000293 ], [ -60.013427730000068, -31.250671390000274 ], [ -59.98103372000007, -31.194773240000281 ] ] ] ] } },
{ "type": "Feature", "properties": { "fid": 343, "gid": 1368, "DEPARTAMENTO": "Diamante", "PROVINCIA": "Entre Rios" }, "geometry": { "type": "MultiPolygon", "coordinates": [ [ [ [ -60.72724189000008, -32.66159995000028 ], [ -60.752075190000077, -32.622192380000271 ], [ -60.74389648000006, -32.586120600000278 ], [ -60.747375490000088, -32.554321290000281 ], [ -60.776184080000071, -32.507019040000287 ], [ -60.723815920000071, -32.456115720000277 ], [ -60.71161689000008, -32.393054570000288 ], [ -60.718993220000065, -32.334043930000291 ], [ -60.706857970000073, -32.323574310000268 ], [ -60.679018280000079, -32.319529220000284 ], [ -60.682825420000071, -32.286454710000292 ], [ -60.672607420000077, -32.232604980000275 ], [ -60.697050610000062, -32.182367640000287 ], [ -60.700381850000078, -32.149769020000292 ], [ -60.691339900000074, -32.121691380000279 ], [ -60.656005860000079, -32.067077640000285 ], [ -60.659912110000086, -32.045104980000303 ], [ -60.684387210000075, -32.01208496000028 ], [ -60.72065884000007, -31.985214960000281 ], [ -60.721848580000078, -31.966179270000271 ], [ -60.657226560000076, -31.91131592000027 ], [ -60.652893070000076, -31.897094730000273 ], [ -60.660705570000076, -31.851196290000285 ], [ -60.675492930000054, -31.817237060000295 ], [ -60.600509030000069, -31.826601440000299 ], [ -60.571146650000074, -31.809617440000295 ], [ -60.559181560000077, -31.821882510000282 ], [ -60.566992200000072, -31.832017210000288 ], [ -60.539766030000074, -31.83580005000028 ], [ -60.542252, -31.84862909000028 ], [ -60.522543010000078, -31.852588160000273 ], [ -60.538233060000081, -31.889804370000295 ], [ -60.513590740000062, -31.891711870000307 ], [ -60.517111310000082, -31.925555820000309 ], [ -60.459690850000072, -31.939141570000295 ], [ -60.462789750000077, -31.951028990000282 ], [ -60.419198950000073, -31.953366080000286 ], [ -60.416833200000077, -31.959440860000292 ], [ -60.385030940000078, -31.932402360000278 ], [ -60.36703580000006, -31.947701410000303 ], [ -60.343074280000074, -31.94789831000028 ], [ -60.329067620000068, -31.98747245000029 ], [ -60.34443875000008, -31.977674660000297 ], [ -60.344811880000073, -31.994754410000294 ], [ -60.366447780000065, -31.995045030000284 ], [ -60.366330720000065, -32.002390030000292 ], [ -60.345283630000061, -32.016262610000275 ], [ -60.353188310000064, -32.039326970000289 ], [ -60.346105030000068, -32.039918510000298 ], [ -60.346005680000076, -32.055746750000282 ], [ -60.339277450000068, -32.055722250000287 ], [ -60.343312090000069, -32.061255440000281 ], [ -60.335507120000081, -32.070449160000273 ], [ -60.303131120000067, -32.082728410000286 ], [ -60.286243470000066, -32.045273430000286 ], [ -60.273634400000063, -32.05497707000027 ], [ -60.254176410000063, -32.052700020000295 ], [ -60.215026290000061, -32.114658960000284 ], [ -60.225852990000078, -32.115714220000271 ], [ -60.209669150000082, -32.145082000000308 ], [ -60.182692100000082, -32.122923380000294 ], [ -60.141355900000086, -32.158382770000287 ], [ -60.181905510000071, -32.1924525800003 ], [ -60.173903260000053, -32.218544920000284 ], [ -60.279716590000085, -32.232553620000303 ], [ -60.278489650000068, -32.245887940000287 ], [ -60.328674160000077, -32.294222930000295 ], [ -60.340125740000062, -32.299400070000267 ], [ -60.390097310000073, -32.290535890000278 ], [ -60.433199700000074, -32.313171070000287 ], [ -60.442062550000081, -32.339686690000271 ], [ -60.435175640000082, -32.365307570000283 ], [ -60.427702620000055, -32.369511080000294 ], [ -60.425970370000087, -32.38573104000028 ], [ -60.399429860000069, -32.401516420000284 ], [ -60.397486390000076, -32.427168910000276 ], [ -60.416415280000088, -32.442603600000268 ], [ -60.441228420000073, -32.443288680000293 ], [ -60.442253260000065, -32.431842900000291 ], [ -60.458873290000078, -32.440288800000289 ], [ -60.448581490000066, -32.458093790000277 ], [ -60.449959260000078, -32.482603990000271 ], [ -60.477636100000069, -32.490973000000274 ], [ -60.469704870000065, -32.504900430000291 ], [ -60.479241710000061, -32.506157010000294 ], [ -60.47065223000007, -32.512523990000275 ], [ -60.480638280000072, -32.51275329000029 ], [ -60.481012460000073, -32.519097080000279 ], [ -60.469109950000075, -32.516567620000274 ], [ -60.474199820000081, -32.525478840000289 ], [ -60.483248380000063, -32.524611190000279 ], [ -60.473929960000071, -32.531718250000289 ], [ -60.48183576000006, -32.543746980000279 ], [ -60.516095970000073, -32.552244560000297 ], [ -60.524982100000067, -32.545659710000287 ], [ -60.511397710000061, -32.537681660000302 ], [ -60.518140440000074, -32.530582590000286 ], [ -60.524062450000073, -32.536410240000293 ], [ -60.526593040000073, -32.517175970000295 ], [ -60.542037010000072, -32.526109150000295 ], [ -60.528566600000083, -32.528743260000283 ], [ -60.534662700000062, -32.536629060000273 ], [ -60.525870430000055, -32.563115090000274 ], [ -60.531311230000064, -32.573976670000278 ], [ -60.520521940000059, -32.575115090000267 ], [ -60.52342006000007, -32.582539710000269 ], [ -60.510844950000077, -32.591422480000297 ], [ -60.519346550000073, -32.602023460000268 ], [ -60.514690870000074, -32.608883870000277 ], [ -60.538540730000058, -32.619806720000284 ], [ -60.557323810000078, -32.616677750000271 ], [ -60.555295260000058, -32.634959190000274 ], [ -60.559758010000067, -32.642304260000294 ], [ -60.563548770000068, -32.615053190000282 ], [ -60.60819582000007, -32.640731400000277 ], [ -60.626378280000068, -32.640808160000283 ], [ -60.651931800000064, -32.626916130000282 ], [ -60.669368880000079, -32.63008241000027 ], [ -60.670367310000067, -32.659447520000292 ], [ -60.683973690000066, -32.67988330000027 ], [ -60.710738740000075, -32.662417310000279 ], [ -60.72724189000008, -32.66159995000028 ] ] ] ] } },
{ "type": "Feature", "properties": { "fid": 349, "gid": 1428, "DEPARTAMENTO": "Las Colonias", "PROVINCIA": "Santa Fe" }, "geometry": { "type": "MultiPolygon", "coordinates": [ [ [ [ -60.925263130000069, -30.708398580000317 ], [ -60.903470160000076, -30.708559450000276 ], [ -60.907774050000079, -30.714655100000272 ], [ -60.893967320000087, -30.73172790000028 ], [ -60.885363960000078, -30.762988220000295 ], [ -60.819875520000068, -30.796976230000297 ], [ -60.83062707000007, -30.806766560000273 ], [ -60.823612840000067, -30.818183210000303 ], [ -60.834112910000073, -30.823320960000288 ], [ -60.823552400000075, -30.820701180000306 ], [ -60.817498210000082, -30.836331570000294 ], [ -60.804178120000067, -30.835085400000313 ], [ -60.810944800000058, -30.844491400000283 ], [ -60.79664621000007, -30.84994075000029 ], [ -60.804968600000088, -30.853198950000291 ], [ -60.791258660000082, -30.856649770000281 ], [ -60.792732360000073, -30.868380220000297 ], [ -60.776195690000073, -30.8876455500003 ], [ -60.811612910000072, -30.888786040000298 ], [ -60.813312580000058, -30.897785050000291 ], [ -60.832964810000064, -30.88676920000028 ], [ -60.848754320000062, -30.895676240000299 ], [ -60.853071360000072, -30.901616540000287 ], [ -60.840159800000087, -30.918178540000305 ], [ -60.821885320000064, -30.918267740000303 ], [ -60.823583570000068, -30.928836460000305 ], [ -60.83035004000007, -30.927732430000304 ], [ -60.826358850000069, -30.932948760000304 ], [ -60.836005610000079, -30.934725410000308 ], [ -60.830329280000079, -30.948099570000288 ], [ -60.835773580000087, -30.951935530000281 ], [ -60.825891390000081, -30.954902890000294 ], [ -60.836120750000084, -30.959847470000312 ], [ -60.836924200000077, -30.966698410000284 ], [ -60.832301640000061, -30.963609600000321 ], [ -60.833643560000084, -30.975647720000275 ], [ -60.825941980000067, -30.980354800000288 ], [ -60.838721580000076, -30.980795120000273 ], [ -60.833284300000095, -30.989944730000289 ], [ -60.843341640000077, -30.984849460000316 ], [ -60.843804510000069, -30.998734060000299 ], [ -60.852368720000079, -30.990648700000282 ], [ -60.859864200000075, -30.998359900000285 ], [ -60.843174930000082, -31.010248500000294 ], [ -60.835786440000071, -31.006369060000285 ], [ -60.834609090000079, -31.013748120000297 ], [ -60.816132700000082, -31.012522560000285 ], [ -60.804351910000079, -31.027092470000298 ], [ -60.824716040000069, -31.041487090000288 ], [ -60.828384200000073, -31.03259564000032 ], [ -60.841695350000073, -31.042587910000289 ], [ -60.83431190000006, -31.047471810000278 ], [ -60.837209810000068, -31.058527310000272 ], [ -60.846437670000078, -31.055008540000308 ], [ -60.838422170000079, -31.071283940000306 ], [ -60.819790610000076, -31.081997260000289 ], [ -60.828299520000066, -31.0853938400003 ], [ -60.82821937000007, -31.09509678000029 ], [ -60.819806510000078, -31.087682780000307 ], [ -60.806515780000062, -31.101839410000277 ], [ -60.80286051000008, -31.090376720000311 ], [ -60.784374950000071, -31.091764370000277 ], [ -60.785127520000081, -31.107331770000282 ], [ -60.776163380000085, -31.108659020000289 ], [ -60.791873520000067, -31.11802543000028 ], [ -60.781438380000061, -31.118453770000311 ], [ -60.782301260000068, -31.13201165000029 ], [ -60.812083390000076, -31.132212730000298 ], [ -60.808799200000074, -31.144325980000307 ], [ -60.824814540000077, -31.14355989000029 ], [ -60.820970030000062, -31.154142250000294 ], [ -60.833336670000094, -31.155017460000284 ], [ -60.836411090000084, -31.162871790000292 ], [ -60.829214210000082, -31.166405790000297 ], [ -60.838130750000076, -31.17133371000029 ], [ -60.829764880000056, -31.176537630000293 ], [ -60.848754800000059, -31.182428160000274 ], [ -60.835947530000077, -31.209558010000293 ], [ -60.860486400000077, -31.233637480000315 ], [ -60.857239730000074, -31.242286470000295 ], [ -60.893215700000077, -31.243320600000306 ], [ -60.885120970000081, -31.251946760000305 ], [ -60.901888380000081, -31.253937970000283 ], [ -60.894039730000081, -31.258284200000286 ], [ -60.896209840000061, -31.265589680000311 ], [ -60.910078570000074, -31.267988680000272 ], [ -60.908419320000085, -31.276601470000294 ], [ -60.917947740000081, -31.273816240000308 ], [ -60.91173992000008, -31.278512730000287 ], [ -60.920043300000074, -31.282753650000281 ], [ -60.915783950000076, -31.295012870000285 ], [ -60.902918700000079, -31.307130170000292 ], [ -60.917289850000067, -31.315483840000294 ], [ -60.91215607000008, -31.321275750000304 ], [ -60.917849040000078, -31.335419480000279 ], [ -60.928814660000079, -31.337272380000293 ], [ -60.925005560000081, -31.346088320000288 ], [ -60.939691020000069, -31.353009790000286 ], [ -60.919786240000057, -31.356704550000291 ], [ -60.912084160000077, -31.371482100000307 ], [ -60.89487363000007, -31.369644580000291 ], [ -60.901692660000087, -31.382827340000279 ], [ -60.894092330000078, -31.384492810000292 ], [ -60.884606570000081, -31.382041150000301 ], [ -60.885554560000081, -31.370621490000296 ], [ -60.877806310000068, -31.367416770000286 ], [ -60.865296250000064, -31.371463290000282 ], [ -60.864214890000078, -31.379390550000295 ], [ -60.84415914000008, -31.363479160000278 ], [ -60.836318530000078, -31.366811590000278 ], [ -60.842244340000072, -31.360387340000297 ], [ -60.827316470000071, -31.357585240000301 ], [ -60.829722450000084, -31.350045680000285 ], [ -60.819627990000079, -31.358525540000276 ], [ -60.81556856000006, -31.351253660000275 ], [ -60.810772490000076, -31.359840550000293 ], [ -60.808569720000072, -31.350887880000283 ], [ -60.805897660000078, -31.357375070000284 ], [ -60.789019050000071, -31.354092280000291 ], [ -60.791377110000063, -31.362196220000286 ], [ -60.784588740000075, -31.364444260000287 ], [ -60.789794980000075, -31.366151840000267 ], [ -60.782671780000079, -31.369801990000298 ], [ -60.794263660000063, -31.37689501000029 ], [ -60.785608190000062, -31.378119480000304 ], [ -60.808124850000063, -31.383645560000307 ], [ -60.81008123000008, -31.392620940000288 ], [ -60.798819990000084, -31.402287530000283 ], [ -60.812061550000081, -31.406235030000293 ], [ -60.800106600000056, -31.417893110000293 ], [ -60.805207910000078, -31.428171240000296 ], [ -60.791580850000067, -31.423829440000279 ], [ -60.783646860000076, -31.45144955000028 ], [ -60.772995580000099, -31.450191970000276 ], [ -60.779759850000069, -31.456706050000271 ], [ -60.768382100000075, -31.46705664000028 ], [ -60.778535200000078, -31.4647253400003 ], [ -60.78087784000008, -31.470643950000277 ], [ -60.768609240000082, -31.473645790000287 ], [ -60.783235240000081, -31.485246010000289 ], [ -60.782949150000078, -31.495472900000294 ], [ -60.775961290000069, -31.496731700000282 ], [ -60.79688765000008, -31.503851200000298 ], [ -60.786811900000068, -31.512908250000297 ], [ -60.80209875000007, -31.518724950000301 ], [ -60.791805980000063, -31.521751910000269 ], [ -60.793536340000081, -31.537000990000287 ], [ -60.788518600000081, -31.539206470000298 ], [ -60.791308810000061, -31.532298310000289 ], [ -60.767700830000081, -31.546881700000277 ], [ -60.778032740000079, -31.569044230000266 ], [ -60.761093720000069, -31.565518640000292 ], [ -60.75726540000008, -31.576204880000283 ], [ -60.765699730000073, -31.58140147000028 ], [ -60.757017980000079, -31.582386600000302 ], [ -60.766879670000073, -31.59234059000029 ], [ -60.753332130000075, -31.604746120000268 ], [ -60.828852670000074, -31.58974012000029 ], [ -60.812760340000082, -31.654547580000283 ], [ -60.867910750000085, -31.674500500000285 ], [ -60.904613760000068, -31.697222500000283 ], [ -60.914476580000077, -31.73760965000027 ], [ -60.949973110000066, -31.72977801000031 ], [ -60.972675590000087, -31.776803870000283 ], [ -60.993102560000068, -31.864316800000296 ], [ -61.17020289000007, -31.831352680000297 ], [ -61.183364270000062, -31.882401030000281 ], [ -61.195939390000078, -31.85181892000028 ], [ -61.300781500000078, -31.831880720000274 ], [ -61.298302040000074, -31.840150660000287 ], [ -61.354719030000084, -31.829818670000279 ], [ -61.363422170000085, -31.841120860000274 ], [ -61.390010380000078, -31.846664720000291 ], [ -61.397575150000073, -31.878367820000278 ], [ -61.558832370000069, -31.850147440000296 ], [ -61.499345610000077, -31.588342350000296 ], [ -61.449985710000092, -31.596961010000282 ], [ -61.429252550000079, -31.532871460000287 ], [ -61.391591930000068, -31.539287980000278 ], [ -61.178506960000085, -30.609703340000284 ], [ -61.076438460000077, -30.627070330000304 ], [ -61.079024750000073, -30.63849752000031 ], [ -60.89246411000007, -30.669318210000309 ], [ -60.925263130000069, -30.708398580000317 ] ] ] ] } },
{ "type": "Feature", "properties": { "fid": 350, "gid": 1429, "DEPARTAMENTO": "San Justo", "PROVINCIA": "Santa Fe" }, "geometry": { "type": "MultiPolygon", "coordinates": [ [ [ [ -60.720354260000079, -29.910176080000312 ], [ -60.279620670000078, -29.978891080000277 ], [ -60.289667680000079, -30.029951590000284 ], [ -60.212124330000073, -30.067674590000298 ], [ -60.198303090000081, -30.122052880000304 ], [ -60.156635210000083, -30.124157450000297 ], [ -60.185058280000064, -30.146530190000309 ], [ -60.182040580000084, -30.162197080000311 ], [ -60.154065740000085, -30.163437720000314 ], [ -60.132701810000071, -30.137436830000293 ], [ -60.136437070000071, -30.127356940000276 ], [ -60.118717590000088, -30.133763140000298 ], [ -60.130070480000057, -30.17210495000031 ], [ -60.150012280000077, -30.1854994900003 ], [ -60.151215080000078, -30.208790860000299 ], [ -60.167661810000077, -30.218498770000291 ], [ -60.158951070000064, -30.229209040000306 ], [ -60.175011950000069, -30.240966130000299 ], [ -60.16043508000007, -30.2539438400003 ], [ -60.16693547000007, -30.255705570000291 ], [ -60.166567630000074, -30.267589270000297 ], [ -60.173060310000075, -30.264378260000296 ], [ -60.172588890000078, -30.272132460000311 ], [ -60.180348870000081, -30.272374850000297 ], [ -60.17638198000008, -30.282708290000304 ], [ -60.185001740000068, -30.294967990000284 ], [ -60.194408340000081, -30.292931680000294 ], [ -60.190542260000065, -30.300438140000296 ], [ -60.206635350000063, -30.294429930000302 ], [ -60.21597321000008, -30.307034350000311 ], [ -60.205985220000088, -30.309831570000313 ], [ -60.213768810000062, -30.319595280000289 ], [ -60.199893540000076, -30.32457968000028 ], [ -60.194641440000062, -30.318688170000296 ], [ -60.202447830000068, -30.337917370000273 ], [ -60.214025870000079, -30.3449075900003 ], [ -60.198271820000066, -30.355323940000297 ], [ -60.19844989000007, -30.367376830000293 ], [ -60.225407080000075, -30.374019270000279 ], [ -60.229544100000069, -30.385870070000298 ], [ -60.245307830000066, -30.390957180000292 ], [ -60.242481660000074, -30.410531510000293 ], [ -60.255255320000082, -30.422985780000293 ], [ -60.276137080000069, -30.421265230000298 ], [ -60.274324880000073, -30.432199110000294 ], [ -60.288538550000077, -30.434361050000305 ], [ -60.298853, -30.452744630000289 ], [ -60.332339390000072, -30.474565800000285 ], [ -60.337750430000071, -30.483475290000296 ], [ -60.325812510000063, -30.482849440000294 ], [ -60.324555210000078, -30.496527820000317 ], [ -60.350818480000079, -30.510013130000292 ], [ -60.337814150000078, -30.545778560000283 ], [ -60.344234930000077, -30.561180990000299 ], [ -60.339759250000071, -30.568762900000284 ], [ -60.381733680000067, -30.603568530000302 ], [ -60.367037330000066, -30.624495600000284 ], [ -60.345318980000066, -30.632288510000308 ], [ -60.348385830000083, -30.638074180000306 ], [ -60.333080840000065, -30.655163510000317 ], [ -60.338882180000077, -30.669250940000296 ], [ -60.21215255000007, -30.688582220000292 ], [ -60.224274380000061, -30.698223370000296 ], [ -60.227865740000063, -30.717128600000294 ], [ -60.239534920000068, -30.72083375000031 ], [ -60.247664220000082, -30.741737470000317 ], [ -60.241680500000072, -30.762532730000295 ], [ -60.255969420000064, -30.768880050000298 ], [ -60.247460530000062, -30.79307237000031 ], [ -60.257761980000069, -30.809925640000298 ], [ -60.247276800000073, -30.826183380000302 ], [ -60.247550630000063, -30.856438780000293 ], [ -60.258578180000079, -30.864142300000299 ], [ -60.276594620000061, -30.849680650000288 ], [ -60.284587740000063, -30.858096090000295 ], [ -60.285673250000066, -30.914321660000297 ], [ -60.303610020000079, -30.928327300000291 ], [ -60.299917950000058, -30.976185570000286 ], [ -60.31878643000006, -30.985918060000301 ], [ -60.313072570000081, -30.99501762000029 ], [ -60.332298990000062, -31.016435630000295 ], [ -60.320611760000077, -31.041990390000294 ], [ -60.359736800000086, -31.091571470000289 ], [ -60.369136580000081, -31.115441030000301 ], [ -60.356919490000074, -31.124441600000299 ], [ -60.371242280000075, -31.130854200000297 ], [ -60.373374800000079, -31.1419836700003 ], [ -60.391202240000084, -31.139930360000292 ], [ -60.404261120000065, -31.1519849300003 ], [ -60.419946210000063, -31.154151230000295 ], [ -60.420863340000075, -31.164234400000304 ], [ -60.44110029000008, -31.167426850000282 ], [ -60.442765120000075, -31.196691080000303 ], [ -60.454332670000063, -31.20396191000032 ], [ -60.449517880000073, -31.213063670000277 ], [ -60.573845840000075, -31.188031170000272 ], [ -60.558278790000088, -31.168922090000297 ], [ -60.549286530000074, -31.132329430000301 ], [ -60.670250620000083, -31.111953780000267 ], [ -60.657895110000055, -31.042111490000291 ], [ -60.828283030000073, -31.009692900000296 ], [ -60.834101440000076, -31.0139069800003 ], [ -60.835786440000071, -31.006369060000285 ], [ -60.843174930000082, -31.010248500000294 ], [ -60.859864200000075, -30.998359900000285 ], [ -60.852368720000079, -30.990648700000282 ], [ -60.843804510000069, -30.998734060000299 ], [ -60.843341640000077, -30.984849460000316 ], [ -60.833284300000095, -30.989944730000289 ], [ -60.838721580000076, -30.980795120000273 ], [ -60.825941980000067, -30.980354800000288 ], [ -60.833643560000084, -30.975647720000275 ], [ -60.832301640000061, -30.963609600000321 ], [ -60.836924200000077, -30.966698410000284 ], [ -60.825891390000081, -30.954902890000294 ], [ -60.835773580000087, -30.951935530000281 ], [ -60.830329280000079, -30.948099570000288 ], [ -60.836005610000079, -30.934725410000308 ], [ -60.826358850000069, -30.932948760000304 ], [ -60.83035004000007, -30.927732430000304 ], [ -60.823583570000068, -30.928836460000305 ], [ -60.821885320000064, -30.918267740000303 ], [ -60.840159800000087, -30.918178540000305 ], [ -60.853071360000072, -30.901616540000287 ], [ -60.848754320000062, -30.895676240000299 ], [ -60.832964810000064, -30.88676920000028 ], [ -60.813312580000058, -30.897785050000291 ], [ -60.811612910000072, -30.888786040000298 ], [ -60.776195690000073, -30.8876455500003 ], [ -60.792732360000073, -30.868380220000297 ], [ -60.791258660000082, -30.856649770000281 ], [ -60.804968600000088, -30.853198950000291 ], [ -60.79664621000007, -30.84994075000029 ], [ -60.810944800000058, -30.844491400000283 ], [ -60.804178120000067, -30.835085400000313 ], [ -60.817498210000082, -30.836331570000294 ], [ -60.823552400000075, -30.820701180000306 ], [ -60.833597550000086, -30.824370980000296 ], [ -60.823612840000067, -30.818183210000303 ], [ -60.830088650000071, -30.805129380000288 ], [ -60.794299460000062, -30.782921020000298 ], [ -60.783416560000063, -30.786339430000297 ], [ -60.783525750000081, -30.799803980000284 ], [ -60.772058980000061, -30.808345160000304 ], [ -60.766259640000072, -30.802340030000284 ], [ -60.760235160000065, -30.807885980000293 ], [ -60.745472410000069, -30.801927300000305 ], [ -60.74579355000008, -30.793651120000288 ], [ -60.73015670000008, -30.792031920000309 ], [ -60.728082030000088, -30.780569350000295 ], [ -60.717713280000069, -30.786214160000295 ], [ -60.72322263000008, -30.776589240000277 ], [ -60.710762690000081, -30.772542850000303 ], [ -60.725038030000071, -30.76860461000031 ], [ -60.709971220000078, -30.756604750000271 ], [ -60.713095460000076, -30.750970730000294 ], [ -60.690888060000063, -30.747050900000314 ], [ -60.687965970000072, -30.758265760000281 ], [ -60.67843395000007, -30.75290706000029 ], [ -60.679010810000086, -30.744668460000298 ], [ -60.662479380000065, -30.748414280000286 ], [ -60.655763990000082, -30.741391120000294 ], [ -60.646535810000088, -30.755168560000307 ], [ -60.623219290000073, -30.747121370000297 ], [ -60.625695960000073, -30.731239250000296 ], [ -60.611540380000079, -30.723378720000294 ], [ -60.611526210000079, -30.715938750000294 ], [ -60.59874618000007, -30.714244420000266 ], [ -60.608105590000079, -30.703047870000294 ], [ -60.593009340000073, -30.689676830000302 ], [ -60.601788480000081, -30.688094690000298 ], [ -60.591114450000077, -30.666085070000292 ], [ -60.597133790000072, -30.671057700000311 ], [ -60.596497560000081, -30.663394210000281 ], [ -60.61441527000008, -30.661126210000297 ], [ -60.601865910000072, -30.651920190000279 ], [ -60.618695620000082, -30.651119770000296 ], [ -60.622391590000078, -30.640677520000285 ], [ -60.608023520000081, -30.634592510000289 ], [ -60.62444449000008, -30.631742340000311 ], [ -60.61729976000008, -30.622276450000285 ], [ -60.627661540000076, -30.618222840000296 ], [ -60.614448860000081, -30.607218680000312 ], [ -60.619613490000063, -30.594484950000304 ], [ -60.627437, -30.603405220000287 ], [ -60.628764370000063, -30.594822770000292 ], [ -60.641672660000069, -30.593945440000294 ], [ -60.636133250000078, -30.588068650000299 ], [ -60.646385830000078, -30.586071280000308 ], [ -60.639368180000055, -30.578980470000303 ], [ -60.649245600000064, -30.582646980000312 ], [ -60.647048860000076, -30.574824650000313 ], [ -60.664107710000067, -30.571287450000295 ], [ -60.653571140000068, -30.565032140000277 ], [ -60.669451170000087, -30.555118200000287 ], [ -60.661311520000076, -30.550441190000313 ], [ -60.669346150000074, -30.543747210000305 ], [ -60.672106690000064, -30.552806250000291 ], [ -60.689724620000071, -30.542850030000313 ], [ -60.681245180000076, -30.5361051600003 ], [ -60.684303880000073, -30.524886430000304 ], [ -60.675052880000074, -30.519701030000299 ], [ -60.685970410000088, -30.515570320000286 ], [ -60.685359200000086, -30.506423940000317 ], [ -60.673815490000081, -30.515065930000283 ], [ -60.666415110000081, -30.501956250000305 ], [ -60.655918290000088, -30.512236560000296 ], [ -60.656747700000082, -30.499968500000293 ], [ -60.647280400000071, -30.501005980000297 ], [ -60.655489730000063, -30.489360690000304 ], [ -60.650911290000082, -30.476171140000293 ], [ -60.637922700000068, -30.479520070000305 ], [ -60.654052090000079, -30.459366560000294 ], [ -60.64572521000008, -30.452010210000289 ], [ -60.658970430000068, -30.430775890000319 ], [ -60.64644624000006, -30.427669920000312 ], [ -60.663899580000063, -30.42348025000031 ], [ -60.65365819000008, -30.417463720000296 ], [ -60.655169120000075, -30.406656330000288 ], [ -60.665350910000079, -30.406449260000304 ], [ -60.666138060000087, -30.399796940000307 ], [ -60.652890450000072, -30.39774915000028 ], [ -60.665482840000081, -30.388597340000313 ], [ -60.673687190000081, -30.395330870000301 ], [ -60.679788060000078, -30.390362530000292 ], [ -60.669823410000078, -30.379090810000292 ], [ -60.67827822000006, -30.382017710000301 ], [ -60.687749520000075, -30.378573280000289 ], [ -60.671823560000057, -30.372177670000283 ], [ -60.677154250000093, -30.37161264000029 ], [ -60.66910912000008, -30.359248700000293 ], [ -60.679186580000078, -30.362077050000298 ], [ -60.681400450000069, -30.3543563300003 ], [ -60.670830450000068, -30.349460160000302 ], [ -60.672623630000068, -30.3421802900003 ], [ -60.650046920000079, -30.342556150000309 ], [ -60.65695051000008, -30.304216110000286 ], [ -60.641214290000072, -30.301012400000296 ], [ -60.64706871000007, -30.2938826200003 ], [ -60.64156734000008, -30.289279210000295 ], [ -60.657397860000081, -30.258835250000288 ], [ -60.680671490000094, -30.26424727000029 ], [ -60.684029290000083, -30.253797500000292 ], [ -60.703972460000081, -30.245735010000296 ], [ -60.702928510000064, -30.236404660000286 ], [ -60.718984060000061, -30.235398100000303 ], [ -60.711503420000071, -30.221378300000286 ], [ -60.734034700000073, -30.195636630000291 ], [ -60.719827910000085, -30.190198610000298 ], [ -60.723801500000086, -30.181349930000305 ], [ -60.701264630000075, -30.142440990000313 ], [ -60.726537, -30.123086730000317 ], [ -60.739201800000068, -30.08878351000029 ], [ -60.749823740000075, -30.090915940000301 ], [ -60.752065160000079, -30.079713840000295 ], [ -60.744555180000077, -30.071622800000309 ], [ -60.751439700000077, -30.05721150000031 ], [ -60.736357440000084, -30.046256020000293 ], [ -60.738623490000087, -30.02293812000029 ], [ -60.732907460000071, -30.020452070000296 ], [ -60.729328510000066, -30.028959520000299 ], [ -60.718073410000081, -30.009033270000305 ], [ -60.71807298000008, -29.984817350000291 ], [ -60.726319240000073, -29.981405430000294 ], [ -60.697201370000073, -29.972075920000311 ], [ -60.693082530000076, -29.960957610000307 ], [ -60.704774850000085, -29.956364660000297 ], [ -60.697631180000066, -29.94531918000029 ], [ -60.712269090000071, -29.936590540000285 ], [ -60.720354260000079, -29.910176080000312 ] ] ] ] } },
{ "type": "Feature", "properties": { "fid": 351, "gid": 1453, "DEPARTAMENTO": "Castellanos", "PROVINCIA": "Santa Fe" }, "geometry": { "type": "MultiPolygon", "coordinates": [ [ [ [ -61.209776340000076, -30.74795774000027 ], [ -61.391591930000068, -31.539287980000278 ], [ -61.429252550000079, -31.532871460000287 ], [ -61.449985710000092, -31.596961010000282 ], [ -61.499345610000077, -31.588342350000296 ], [ -61.541427350000077, -31.767589620000273 ], [ -61.613246350000075, -31.754545180000303 ], [ -61.613740510000078, -31.767688950000299 ], [ -61.712685430000072, -31.749646140000266 ], [ -61.708158820000087, -31.731026060000275 ], [ -62.030277320000081, -31.673647220000298 ], [ -62.022056140000075, -31.639988450000278 ], [ -62.139311230000068, -31.618921960000279 ], [ -62.123494850000085, -31.605407610000274 ], [ -61.844127420000071, -30.750629010000296 ], [ -61.666149650000079, -30.782470940000266 ], [ -61.655273040000083, -30.737518030000306 ], [ -61.438059590000073, -30.776093600000284 ], [ -61.423122760000091, -30.711707890000294 ], [ -61.209776340000076, -30.74795774000027 ] ] ] ] } },
{ "type": "Feature", "properties": { "fid": 352, "gid": 1454, "DEPARTAMENTO": "San Martín", "PROVINCIA": "Santa Fe" }, "geometry": { "type": "MultiPolygon", "coordinates": [ [ [ [ -61.712685430000072, -31.749646140000266 ], [ -61.613740510000078, -31.767688950000299 ], [ -61.613246350000075, -31.754545180000303 ], [ -61.539060100000064, -31.768024100000286 ], [ -61.558832370000069, -31.850147440000296 ], [ -61.397575150000073, -31.878367820000278 ], [ -61.392769030000082, -31.85796550000029 ], [ -61.347753390000079, -31.866586420000267 ], [ -61.378051180000071, -31.989135370000277 ], [ -61.355351570000082, -32.082729990000267 ], [ -61.369323880000074, -32.135355850000295 ], [ -61.391935440000076, -32.210254200000279 ], [ -61.448035670000088, -32.199974920000265 ], [ -61.495210990000082, -32.383264770000295 ], [ -61.912424330000078, -32.307222830000285 ], [ -61.903744080000088, -32.327464920000274 ], [ -62.012275910000078, -32.345523970000265 ], [ -62.037889360000086, -32.262914420000286 ], [ -62.145345820000081, -32.193478780000284 ], [ -62.178877180000093, -32.159421550000282 ], [ -62.196779650000089, -32.114769780000287 ], [ -62.167797480000083, -31.986010340000298 ], [ -62.188892760000073, -31.922314350000274 ], [ -62.22349013000008, -31.883933640000276 ], [ -62.218088750000078, -31.740571120000283 ], [ -62.241683130000091, -31.699676790000286 ], [ -62.139715730000077, -31.618345690000275 ], [ -62.022056140000075, -31.639988450000278 ], [ -62.030277320000081, -31.673647220000298 ], [ -61.708158820000087, -31.731026060000275 ], [ -61.712685430000072, -31.749646140000266 ] ] ] ] } },
{ "type": "Feature", "properties": { "fid": 355, "gid": 1462, "DEPARTAMENTO": "General Obligado", "PROVINCIA": "Santa Fe" }, "geometry": { "type": "MultiPolygon", "coordinates": [ [ [ [ -58.88082188000007, -28.066824880000304 ], [ -58.95296521000008, -28.13710554000032 ], [ -58.999656940000072, -28.139355590000307 ], [ -59.062412500000065, -28.128108740000314 ], [ -59.087634790000074, -28.171771850000304 ], [ -59.086207110000061, -28.199492570000317 ], [ -59.10786812000007, -28.222766130000306 ], [ -59.10345820000007, -28.32881627000031 ], [ -59.080972300000063, -28.347257090000316 ], [ -59.076213370000076, -28.365341000000317 ], [ -59.085977070000062, -28.435965840000321 ], [ -59.060516840000069, -28.462853750000313 ], [ -59.048857480000066, -28.493310850000331 ], [ -59.084311450000065, -28.539234440000314 ], [ -59.100007980000065, -28.576399180000312 ], [ -59.105012760000065, -28.633936990000326 ], [ -59.078600750000064, -28.667487390000293 ], [ -59.118099800000074, -28.743154250000323 ], [ -59.160454200000068, -28.794788550000323 ], [ -59.158074740000082, -28.877355850000296 ], [ -59.169734100000078, -28.908764730000307 ], [ -59.201856820000067, -28.948977620000306 ], [ -59.210898780000079, -28.977531150000303 ], [ -59.199715310000066, -29.031544920000307 ], [ -59.212564400000062, -29.052722120000318 ], [ -59.257536210000076, -29.089603760000301 ], [ -59.346766, -29.114350160000306 ], [ -59.396800800000058, -29.190517250000312 ], [ -59.407814390000063, -29.221375780000304 ], [ -59.44226517000007, -29.223525060000309 ], [ -59.508704900000062, -29.250773190000309 ], [ -59.519787980000061, -29.3431890300003 ], [ -59.594012670000062, -29.382483700000311 ], [ -59.604283190000075, -29.39474316000031 ], [ -59.605245390000086, -29.408775850000307 ], [ -59.582427430000074, -29.449997810000301 ], [ -59.580934760000083, -29.474214580000304 ], [ -59.66182455000007, -29.446616530000309 ], [ -59.656465280000063, -29.459700010000304 ], [ -59.670865140000082, -29.473027090000304 ], [ -59.707098, -29.477854630000312 ], [ -59.706328070000062, -29.486381280000316 ], [ -59.719779800000062, -29.487852850000316 ], [ -59.714997700000076, -29.470867460000321 ], [ -59.721036230000067, -29.460753150000297 ], [ -59.735650270000072, -29.465507720000311 ], [ -59.740360530000075, -29.455293620000326 ], [ -59.768368720000069, -29.4425614300003 ], [ -59.778841240000069, -29.415169280000313 ], [ -60.069283650000081, -29.370646640000306 ], [ -60.040887570000081, -29.336203630000295 ], [ -60.043899440000061, -29.326062680000298 ], [ -60.014424890000072, -29.313043800000301 ], [ -60.010773640000082, -29.302609630000308 ], [ -60.028364100000076, -29.279092750000309 ], [ -60.017305750000062, -29.24265592000031 ], [ -60.035891780000078, -29.226040390000318 ], [ -60.041186300000085, -29.189671590000305 ], [ -60.062255800000074, -29.169406100000302 ], [ -60.079911360000061, -29.136831920000297 ], [ -60.069990750000059, -29.080383880000316 ], [ -60.109328, -29.048480500000302 ], [ -60.085032250000076, -29.060896230000317 ], [ -60.005171470000079, -29.072659230000308 ], [ -60.000684620000079, -29.044413360000313 ], [ -59.990204410000061, -29.045904750000322 ], [ -59.988035530000076, -29.032498510000302 ], [ -60.001049790000074, -29.030538130000323 ], [ -59.99978177000007, -29.017581080000298 ], [ -60.042002430000075, -29.011692860000334 ], [ -60.019740320000068, -28.886097130000323 ], [ -59.977947680000078, -28.891680980000306 ], [ -59.961802180000085, -28.807474700000299 ], [ -59.762275780000067, -28.838356290000306 ], [ -59.753503980000076, -28.825765200000287 ], [ -59.758372710000081, -28.819913320000303 ], [ -59.749000420000073, -28.813413240000305 ], [ -59.756566980000073, -28.813671880000292 ], [ -59.755702210000081, -28.790231100000316 ], [ -59.771325220000065, -28.786992990000314 ], [ -59.773451040000083, -28.768593770000322 ], [ -59.795497040000079, -28.76647930000032 ], [ -59.792535740000069, -28.759555500000314 ], [ -59.804585020000061, -28.7576889900003 ], [ -59.797523880000078, -28.754613330000304 ], [ -59.801241280000056, -28.7370222000003 ], [ -59.783444090000081, -28.72930213000032 ], [ -59.787320670000071, -28.723582930000305 ], [ -59.778573770000079, -28.717264200000319 ], [ -59.794905120000081, -28.708364050000313 ], [ -59.785126160000075, -28.701289310000291 ], [ -59.792754980000062, -28.697892790000314 ], [ -59.772786360000069, -28.679401570000309 ], [ -59.781064200000067, -28.677024180000309 ], [ -59.776437130000062, -28.662289210000313 ], [ -59.796015550000078, -28.643766100000303 ], [ -59.812907340000059, -28.640682210000314 ], [ -59.817155740000068, -28.624491400000302 ], [ -59.801160050000064, -28.616499460000316 ], [ -59.812632050000055, -28.600859520000313 ], [ -59.809898480000072, -28.580424310000314 ], [ -59.818157840000076, -28.563220830000301 ], [ -59.810914670000088, -28.5279518200003 ], [ -59.794716150000077, -28.518240890000303 ], [ -59.788935290000062, -28.486592920000316 ], [ -59.769842170000061, -28.473869180000321 ], [ -59.765101610000059, -28.455847400000305 ], [ -59.791072130000067, -28.448478040000303 ], [ -59.798450240000072, -28.433825950000294 ], [ -59.798358080000064, -28.379116380000312 ], [ -59.858288990000077, -28.378566560000309 ], [ -59.878711, -28.33184263000032 ], [ -59.876268970000076, -28.251557780000315 ], [ -59.790398480000071, -28.250807280000316 ], [ -59.790196010000066, -28.104528780000308 ], [ -59.811038210000071, -28.104628100000305 ], [ -59.81117921000007, -28.001326680000311 ], [ -58.884004670000081, -28.000000920000307 ], [ -58.893694080000074, -28.035274060000308 ], [ -58.88082188000007, -28.066824880000304 ] ] ] ] } },
{ "type": "Feature", "properties": { "fid": 356, "gid": 1466, "DEPARTAMENTO": "Vera", "PROVINCIA": "Santa Fe" }, "geometry": { "type": "MultiPolygon", "coordinates": [ [ [ [ -60.644403920000087, -27.999792630000304 ], [ -59.81117921000007, -28.001326680000311 ], [ -59.811038210000071, -28.104628100000305 ], [ -59.790196010000066, -28.104528780000308 ], [ -59.790398480000071, -28.250807280000316 ], [ -59.876268970000076, -28.251557780000315 ], [ -59.878711, -28.33184263000032 ], [ -59.858288990000077, -28.378566560000309 ], [ -59.798358080000064, -28.379116380000312 ], [ -59.798450240000072, -28.433825950000294 ], [ -59.791072130000067, -28.448478040000303 ], [ -59.765101610000059, -28.455847400000305 ], [ -59.769842170000061, -28.473869180000321 ], [ -59.788935290000062, -28.486592920000316 ], [ -59.794716150000077, -28.518240890000303 ], [ -59.810914670000088, -28.5279518200003 ], [ -59.818157840000076, -28.563220830000301 ], [ -59.809898480000072, -28.580424310000314 ], [ -59.812632050000055, -28.600859520000313 ], [ -59.801160050000064, -28.616499460000316 ], [ -59.817155740000068, -28.624491400000302 ], [ -59.812907340000059, -28.640682210000314 ], [ -59.796015550000078, -28.643766100000303 ], [ -59.776437130000062, -28.662289210000313 ], [ -59.781064200000067, -28.677024180000309 ], [ -59.772786360000069, -28.679401570000309 ], [ -59.792754980000062, -28.697892790000314 ], [ -59.785126160000075, -28.701289310000291 ], [ -59.794905120000081, -28.708364050000313 ], [ -59.778573770000079, -28.717264200000319 ], [ -59.787320670000071, -28.723582930000305 ], [ -59.783444090000081, -28.72930213000032 ], [ -59.801241280000056, -28.7370222000003 ], [ -59.797523880000078, -28.754613330000304 ], [ -59.804585020000061, -28.7576889900003 ], [ -59.792535740000069, -28.759555500000314 ], [ -59.795497040000079, -28.76647930000032 ], [ -59.773451040000083, -28.768593770000322 ], [ -59.771325220000065, -28.786992990000314 ], [ -59.755702210000081, -28.790231100000316 ], [ -59.756566980000073, -28.813671880000292 ], [ -59.749000420000073, -28.813413240000305 ], [ -59.758372710000081, -28.819913320000303 ], [ -59.753503980000076, -28.825765200000287 ], [ -59.762275780000067, -28.838356290000306 ], [ -59.961802180000085, -28.807474700000299 ], [ -59.977947680000078, -28.891680980000306 ], [ -60.019740320000068, -28.886097130000323 ], [ -60.042002430000075, -29.011692860000334 ], [ -59.99978177000007, -29.017581080000298 ], [ -60.001049790000074, -29.030538130000323 ], [ -59.988035530000076, -29.032498510000302 ], [ -59.990204410000061, -29.045904750000322 ], [ -60.000684620000079, -29.044413360000313 ], [ -60.005171470000079, -29.072659230000308 ], [ -60.085032250000076, -29.060896230000317 ], [ -60.109328, -29.048480500000302 ], [ -60.069990750000059, -29.080383880000316 ], [ -60.079911360000061, -29.136831920000297 ], [ -60.062255800000074, -29.169406100000302 ], [ -60.041186300000085, -29.189671590000305 ], [ -60.035891780000078, -29.226040390000318 ], [ -60.017305750000062, -29.24265592000031 ], [ -60.028364100000076, -29.279092750000309 ], [ -60.010742300000075, -29.303078060000296 ], [ -60.015555950000085, -29.314090760000326 ], [ -60.043899440000061, -29.326062680000298 ], [ -60.040887570000081, -29.336203630000295 ], [ -60.061709140000069, -29.356573910000286 ], [ -60.068839770000068, -29.375600950000297 ], [ -60.081806260000072, -29.380574950000302 ], [ -60.078252830000054, -29.405525310000304 ], [ -60.100959980000084, -29.434185700000313 ], [ -60.098344110000077, -29.467483750000305 ], [ -60.105278160000076, -29.482995970000303 ], [ -60.08985525000007, -29.515318240000337 ], [ -60.092989270000075, -29.529853200000307 ], [ -60.082768540000075, -29.534723070000314 ], [ -60.088098260000081, -29.539805140000315 ], [ -60.079656250000077, -29.593716890000302 ], [ -60.08496159000007, -29.634650570000293 ], [ -60.06145645000008, -29.65667262000029 ], [ -60.000064350000073, -29.654718380000293 ], [ -59.993747650000067, -29.703636090000295 ], [ -60.007138280000085, -29.724600130000297 ], [ -59.99460039000008, -29.753623280000305 ], [ -59.998567500000085, -29.773048190000321 ], [ -59.979945250000064, -29.784776890000312 ], [ -59.970548770000065, -29.812721600000312 ], [ -59.947983350000072, -29.800332060000304 ], [ -59.910755490000078, -29.800071390000294 ], [ -59.876820710000082, -29.81304700000031 ], [ -59.874585970000076, -29.833141950000314 ], [ -59.889484180000082, -29.834248090000301 ], [ -59.893610280000054, -29.857939800000299 ], [ -59.914969830000075, -29.880352160000321 ], [ -59.926443810000073, -29.915070670000308 ], [ -59.941388510000067, -29.909312130000306 ], [ -59.964714100000073, -29.928596120000304 ], [ -59.959107970000062, -29.932170550000315 ], [ -59.960600760000062, -29.936079840000311 ], [ -59.988918350000077, -29.928769160000286 ], [ -59.999447690000075, -29.944315030000325 ], [ -60.020666220000081, -29.951794230000285 ], [ -60.020024100000072, -29.961812300000293 ], [ -60.027778470000079, -29.964313880000308 ], [ -60.017215180000079, -29.975283910000311 ], [ -60.024405750000071, -29.98812430000029 ], [ -60.035518880000076, -29.98821423000031 ], [ -60.032388480000073, -30.009370830000311 ], [ -60.044338620000076, -30.009757680000309 ], [ -60.045585100000075, -30.027593340000298 ], [ -60.076192290000087, -30.027144100000285 ], [ -60.099180010000062, -30.041276690000309 ], [ -60.095015810000064, -30.057333860000309 ], [ -60.10330942000008, -30.067414420000297 ], [ -60.097747090000077, -30.070101580000301 ], [ -60.120050740000089, -30.076491730000299 ], [ -60.129067750000075, -30.088000050000289 ], [ -60.129049080000065, -30.096952280000291 ], [ -60.114346880000078, -30.103609310000301 ], [ -60.116618570000078, -30.121536400000316 ], [ -60.135268650000064, -30.112868360000288 ], [ -60.157711700000064, -30.117739650000292 ], [ -60.136437070000071, -30.127356940000276 ], [ -60.132701810000071, -30.137436830000293 ], [ -60.154065740000085, -30.163437720000314 ], [ -60.174706520000058, -30.165821480000293 ], [ -60.185080770000098, -30.158578390000283 ], [ -60.185058280000064, -30.146530190000309 ], [ -60.156635210000083, -30.124157450000297 ], [ -60.198303090000081, -30.122052880000304 ], [ -60.212124330000073, -30.067674590000298 ], [ -60.289667680000079, -30.029951590000284 ], [ -60.279620670000078, -29.978891080000277 ], [ -60.720354260000079, -29.910176080000312 ], [ -60.713701970000088, -29.906359660000302 ], [ -60.719228820000076, -29.900444840000283 ], [ -60.70734996000008, -29.894383780000293 ], [ -60.711746530000063, -29.887089010000313 ], [ -60.69827061000008, -29.886835630000292 ], [ -60.699275750000069, -29.875302870000311 ], [ -60.705190870000074, -29.876247540000293 ], [ -60.708796330000077, -29.861593910000309 ], [ -60.719179810000078, -29.867323530000284 ], [ -60.718845160000086, -29.846118360000293 ], [ -60.728354040000077, -29.843845320000295 ], [ -60.744483030000062, -29.807250070000325 ], [ -60.766530440000075, -29.790136120000302 ], [ -60.769913320000086, -29.766997820000292 ], [ -60.762723110000081, -29.762830950000286 ], [ -60.772288080000095, -29.745701110000297 ], [ -60.777415900000072, -29.752687730000297 ], [ -60.803078650000081, -29.746476290000309 ], [ -60.818205360000086, -29.76566852000029 ], [ -60.835256640000068, -29.749329120000294 ], [ -60.826173100000091, -29.737075810000302 ], [ -60.84518815000007, -29.721302820000314 ], [ -60.843666290000073, -29.70210182000028 ], [ -60.877755960000087, -29.700837010000292 ], [ -60.88204201000007, -29.690658530000288 ], [ -60.900958190000061, -29.686188320000291 ], [ -60.898894620000071, -29.67731498000029 ], [ -60.907034010000075, -29.683526300000288 ], [ -60.911251240000077, -29.673315610000301 ], [ -60.91206513000008, -29.679576800000294 ], [ -60.925213790000079, -29.678962160000307 ], [ -60.950543530000076, -29.670493200000291 ], [ -60.968752710000068, -29.678519920000291 ], [ -60.973987860000094, -29.675656150000307 ], [ -60.969503310000086, -29.668753860000304 ], [ -60.986448190000075, -29.672250200000299 ], [ -60.99985566000008, -29.660121990000295 ], [ -61.009672710000082, -29.667110100000301 ], [ -61.040406330000089, -29.664635900000299 ], [ -61.044425980000078, -29.656708290000303 ], [ -61.038189790000075, -29.653108310000306 ], [ -61.049985050000075, -29.656794810000289 ], [ -61.059217010000076, -29.646759100000306 ], [ -61.059960100000076, -29.655113620000304 ], [ -61.066877180000077, -29.654289840000299 ], [ -61.071520100000086, -29.644231340000303 ], [ -61.074845120000077, -29.651429170000299 ], [ -61.082808130000075, -29.635307050000296 ], [ -61.08142846000009, -29.574185840000293 ], [ -60.954072630000077, -28.919285350000301 ], [ -60.898392160000071, -28.582110850000308 ], [ -60.889003930000101, -28.575188510000306 ], [ -60.829857500000095, -28.273570410000314 ], [ -60.748349760000082, -28.221044550000311 ], [ -60.747736450000055, -28.099331060000324 ], [ -60.644581680000066, -28.100238510000302 ], [ -60.644403920000087, -27.999792630000304 ] ] ] ] } },
{ "type": "Feature", "properties": { "fid": 357, "gid": 1467, "DEPARTAMENTO": "9 de Julio", "PROVINCIA": "Santa Fe" }, "geometry": { "type": "MultiPolygon", "coordinates": [ [ [ [ -61.712044910000081, -27.998552210000312 ], [ -60.644403920000087, -27.999792630000304 ], [ -60.644581680000066, -28.100238510000302 ], [ -60.747736450000055, -28.099331060000324 ], [ -60.748565790000093, -28.221653500000311 ], [ -60.829857500000095, -28.273570410000314 ], [ -60.889003930000101, -28.575188510000306 ], [ -60.898392160000071, -28.582110850000308 ], [ -60.954072630000077, -28.919285350000301 ], [ -61.08142846000009, -29.574185840000293 ], [ -61.082808130000075, -29.635307050000296 ], [ -61.092964400000078, -29.620554510000293 ], [ -61.103289640000085, -29.619158340000297 ], [ -61.092647660000068, -29.615492460000286 ], [ -61.104608600000084, -29.607898240000303 ], [ -61.096400770000066, -29.605348150000321 ], [ -61.109090810000069, -29.592657400000306 ], [ -61.10482255000008, -29.579754610000311 ], [ -61.123007090000087, -29.567564020000304 ], [ -61.13592267000007, -29.572486990000304 ], [ -61.148421690000085, -29.555289570000294 ], [ -61.168773040000076, -29.558185220000297 ], [ -61.180362910000085, -29.54853251000031 ], [ -61.202804, -29.551898970000291 ], [ -61.204213390000078, -29.54617265000029 ], [ -61.19295178000008, -29.544209610000301 ], [ -61.202114230000078, -29.540035910000288 ], [ -61.23679767000008, -29.5458956000003 ], [ -61.236787990000089, -29.537923510000297 ], [ -61.251672100000079, -29.53656250000029 ], [ -61.256488640000079, -29.525233190000307 ], [ -61.28239747000007, -29.516383900000292 ], [ -61.353680840000088, -29.839648240000294 ], [ -61.747206030000079, -29.775360070000286 ], [ -61.74895840000007, -29.783477320000301 ], [ -61.906982920000075, -29.778514400000304 ], [ -61.942133060000096, -29.740632220000304 ], [ -61.927917130000083, -29.662075170000314 ], [ -61.991666920000092, -29.661553090000304 ], [ -61.712044910000081, -27.998552210000312 ] ] ] ] } },
{ "type": "Feature", "properties": { "fid": 358, "gid": 1468, "DEPARTAMENTO": "San Cristóbal", "PROVINCIA": "Santa Fe" }, "geometry": { "type": "MultiPolygon", "coordinates": [ [ [ [ -61.278983060000073, -29.517160980000288 ], [ -61.256488640000079, -29.525233190000307 ], [ -61.251672100000079, -29.53656250000029 ], [ -61.236787990000089, -29.537923510000297 ], [ -61.23679767000008, -29.5458956000003 ], [ -61.202114230000078, -29.540035910000288 ], [ -61.19295178000008, -29.544209610000301 ], [ -61.204213390000078, -29.54617265000029 ], [ -61.202804, -29.551898970000291 ], [ -61.180362910000085, -29.54853251000031 ], [ -61.168773040000076, -29.558185220000297 ], [ -61.148421690000085, -29.555289570000294 ], [ -61.13592267000007, -29.572486990000304 ], [ -61.123007090000087, -29.567564020000304 ], [ -61.104636760000098, -29.580074310000306 ], [ -61.109090810000069, -29.592657400000306 ], [ -61.096400770000066, -29.605348150000321 ], [ -61.104608600000084, -29.607898240000303 ], [ -61.092647660000068, -29.615492460000286 ], [ -61.103289640000085, -29.619158340000297 ], [ -61.092242480000081, -29.62113309000032 ], [ -61.074845120000077, -29.651429170000299 ], [ -61.071520100000086, -29.644231340000303 ], [ -61.066877180000077, -29.654289840000299 ], [ -61.059960100000076, -29.655113620000304 ], [ -61.059217010000076, -29.646759100000306 ], [ -61.049985050000075, -29.656794810000289 ], [ -61.042552220000069, -29.650369930000299 ], [ -61.041711330000069, -29.664021260000297 ], [ -61.031970160000078, -29.661087880000302 ], [ -61.026506150000081, -29.667518420000292 ], [ -60.99985566000008, -29.660121990000295 ], [ -60.986448190000075, -29.672250200000299 ], [ -60.969503310000086, -29.668753860000304 ], [ -60.969199510000088, -29.678456760000309 ], [ -60.950543530000076, -29.670493200000291 ], [ -60.925213790000079, -29.678962160000307 ], [ -60.91206513000008, -29.679576800000294 ], [ -60.910794580000072, -29.673421320000305 ], [ -60.90563918000008, -29.6842573300003 ], [ -60.898894620000071, -29.67731498000029 ], [ -60.900958190000061, -29.686188320000291 ], [ -60.88204201000007, -29.690658530000288 ], [ -60.877755960000087, -29.700837010000292 ], [ -60.842668410000094, -29.702914550000294 ], [ -60.84518815000007, -29.721302820000314 ], [ -60.826173100000091, -29.737075810000302 ], [ -60.835256640000068, -29.749329120000294 ], [ -60.817801, -29.765798390000295 ], [ -60.803078650000081, -29.746476290000309 ], [ -60.777415900000072, -29.752687730000297 ], [ -60.772288080000095, -29.745701110000297 ], [ -60.762723110000081, -29.762830950000286 ], [ -60.769913320000086, -29.766997820000292 ], [ -60.766530440000075, -29.790136120000302 ], [ -60.744483030000062, -29.807250070000325 ], [ -60.728354040000077, -29.843845320000295 ], [ -60.718845160000086, -29.846118360000293 ], [ -60.719179810000078, -29.867323530000284 ], [ -60.708796330000077, -29.861593910000309 ], [ -60.705190870000074, -29.876247540000293 ], [ -60.69946783000006, -29.874912870000276 ], [ -60.69827061000008, -29.886835630000292 ], [ -60.711746530000063, -29.887089010000313 ], [ -60.70734996000008, -29.894383780000293 ], [ -60.719228820000076, -29.900444840000283 ], [ -60.713701970000088, -29.906359660000302 ], [ -60.72225188000008, -29.915522230000299 ], [ -60.711963590000082, -29.937016620000296 ], [ -60.697631180000066, -29.94531918000029 ], [ -60.704774850000085, -29.956364660000297 ], [ -60.693216660000068, -29.961551010000314 ], [ -60.697201370000073, -29.972075920000311 ], [ -60.726319240000073, -29.981405430000294 ], [ -60.71807298000008, -29.984817350000291 ], [ -60.718073410000081, -30.009033270000305 ], [ -60.729328510000066, -30.028959520000299 ], [ -60.732907460000071, -30.020452070000296 ], [ -60.738623490000087, -30.02293812000029 ], [ -60.736357440000084, -30.046256020000293 ], [ -60.751439700000077, -30.05721150000031 ], [ -60.744555180000077, -30.071622800000309 ], [ -60.752065160000079, -30.079713840000295 ], [ -60.749823740000075, -30.090915940000301 ], [ -60.739201800000068, -30.08878351000029 ], [ -60.726537, -30.123086730000317 ], [ -60.701264630000075, -30.142440990000313 ], [ -60.723801500000086, -30.181349930000305 ], [ -60.719827910000085, -30.190198610000298 ], [ -60.734034700000073, -30.195636630000291 ], [ -60.711503420000071, -30.221378300000286 ], [ -60.718984060000061, -30.235398100000303 ], [ -60.702928510000064, -30.236404660000286 ], [ -60.703972460000081, -30.245735010000296 ], [ -60.684029290000083, -30.253797500000292 ], [ -60.680671490000094, -30.26424727000029 ], [ -60.657397860000081, -30.258835250000288 ], [ -60.64156734000008, -30.289279210000295 ], [ -60.64706871000007, -30.2938826200003 ], [ -60.641214290000072, -30.301012400000296 ], [ -60.65695051000008, -30.304216110000286 ], [ -60.650046920000079, -30.342556150000309 ], [ -60.672623630000068, -30.3421802900003 ], [ -60.670830450000068, -30.349460160000302 ], [ -60.681400450000069, -30.3543563300003 ], [ -60.679186580000078, -30.362077050000298 ], [ -60.66910912000008, -30.359248700000293 ], [ -60.677154250000093, -30.37161264000029 ], [ -60.671823560000057, -30.372177670000283 ], [ -60.687749520000075, -30.378573280000289 ], [ -60.669823410000078, -30.379090810000292 ], [ -60.679788060000078, -30.390362530000292 ], [ -60.673687190000081, -30.395330870000301 ], [ -60.665482840000081, -30.388597340000313 ], [ -60.652890450000072, -30.39774915000028 ], [ -60.666138060000087, -30.399796940000307 ], [ -60.665350910000079, -30.406449260000304 ], [ -60.655169120000075, -30.406656330000288 ], [ -60.65365819000008, -30.417463720000296 ], [ -60.663899580000063, -30.42348025000031 ], [ -60.64644624000006, -30.427669920000312 ], [ -60.658970430000068, -30.430775890000319 ], [ -60.64572521000008, -30.452010210000289 ], [ -60.654052090000079, -30.459366560000294 ], [ -60.637922700000068, -30.479520070000305 ], [ -60.650911290000082, -30.476171140000293 ], [ -60.655489730000063, -30.489360690000304 ], [ -60.647280400000071, -30.501005980000297 ], [ -60.656747700000082, -30.499968500000293 ], [ -60.655918290000088, -30.512236560000296 ], [ -60.666415110000081, -30.501956250000305 ], [ -60.673815490000081, -30.515065930000283 ], [ -60.685359200000086, -30.506423940000317 ], [ -60.685970410000088, -30.515570320000286 ], [ -60.675052880000074, -30.519701030000299 ], [ -60.68981808000008, -30.542198920000292 ], [ -60.672106690000064, -30.552806250000291 ], [ -60.669346150000074, -30.543747210000305 ], [ -60.661311520000076, -30.550441190000313 ], [ -60.669451170000087, -30.555118200000287 ], [ -60.653571140000068, -30.565032140000277 ], [ -60.664107710000067, -30.571287450000295 ], [ -60.647048860000076, -30.574824650000313 ], [ -60.649245600000064, -30.582646980000312 ], [ -60.639368180000055, -30.578980470000303 ], [ -60.646385830000078, -30.586071280000308 ], [ -60.636133250000078, -30.588068650000299 ], [ -60.641672660000069, -30.593945440000294 ], [ -60.628764370000063, -30.594822770000292 ], [ -60.627437, -30.603405220000287 ], [ -60.620138240000081, -30.59374444000029 ], [ -60.614448860000081, -30.607218680000312 ], [ -60.627661540000076, -30.618222840000296 ], [ -60.61729976000008, -30.622276450000285 ], [ -60.62444449000008, -30.631742340000311 ], [ -60.608023520000081, -30.634592510000289 ], [ -60.622318400000083, -30.639461360000301 ], [ -60.619345260000067, -30.650367040000294 ], [ -60.603442360000066, -30.650215530000285 ], [ -60.61441527000008, -30.661126210000297 ], [ -60.596497560000081, -30.663394210000281 ], [ -60.597133790000072, -30.671057700000311 ], [ -60.590936360000072, -30.666397070000283 ], [ -60.601788480000081, -30.688094690000298 ], [ -60.593226470000076, -30.690383080000274 ], [ -60.608105590000079, -30.703047870000294 ], [ -60.59874618000007, -30.714244420000266 ], [ -60.611526210000079, -30.715938750000294 ], [ -60.611540380000079, -30.723378720000294 ], [ -60.625695960000073, -30.731239250000296 ], [ -60.620198300000069, -30.736958800000284 ], [ -60.629334590000077, -30.73936186000029 ], [ -60.621116340000079, -30.746056480000291 ], [ -60.646535810000088, -30.755168560000307 ], [ -60.655763990000082, -30.741391120000294 ], [ -60.662479380000065, -30.748414280000286 ], [ -60.679010810000086, -30.744668460000298 ], [ -60.67843395000007, -30.75290706000029 ], [ -60.687965970000072, -30.758265760000281 ], [ -60.690888060000063, -30.747050900000314 ], [ -60.713095460000076, -30.750970730000294 ], [ -60.709971220000078, -30.756604750000271 ], [ -60.725038030000071, -30.76860461000031 ], [ -60.710762690000081, -30.772542850000303 ], [ -60.72322263000008, -30.776589240000277 ], [ -60.717713280000069, -30.786214160000295 ], [ -60.728082030000088, -30.780569350000295 ], [ -60.73015670000008, -30.792031920000309 ], [ -60.74579355000008, -30.793651120000288 ], [ -60.745472410000069, -30.801927300000305 ], [ -60.760235160000065, -30.807885980000293 ], [ -60.766259640000072, -30.802340030000284 ], [ -60.772058980000061, -30.808345160000304 ], [ -60.783525750000081, -30.799803980000284 ], [ -60.783416560000063, -30.786339430000297 ], [ -60.794299460000062, -30.782921020000298 ], [ -60.819021440000078, -30.801048860000297 ], [ -60.839301740000082, -30.782277200000284 ], [ -60.885440750000072, -30.762922220000295 ], [ -60.893967320000087, -30.73172790000028 ], [ -60.907774050000079, -30.714655100000272 ], [ -60.903470160000076, -30.708559450000276 ], [ -60.925954690000076, -30.707721970000282 ], [ -60.89246411000007, -30.669318210000309 ], [ -61.079024750000073, -30.63849752000031 ], [ -61.076438460000077, -30.627070330000304 ], [ -61.178506960000085, -30.609703340000284 ], [ -61.209776340000076, -30.74795774000027 ], [ -61.423122760000091, -30.711707890000294 ], [ -61.438059590000073, -30.776093600000284 ], [ -61.655273040000083, -30.737518030000306 ], [ -61.666149650000079, -30.782470940000266 ], [ -61.844127420000071, -30.750629010000296 ], [ -61.842175490000081, -30.744316090000286 ], [ -62.130653110000068, -30.480432520000306 ], [ -61.991666920000092, -29.661553090000304 ], [ -61.927917130000083, -29.662075170000314 ], [ -61.942133060000096, -29.740632220000304 ], [ -61.906982920000075, -29.778514400000304 ], [ -61.74895840000007, -29.783477320000301 ], [ -61.747206030000079, -29.775360070000286 ], [ -61.353680840000088, -29.839648240000294 ], [ -61.278983060000073, -29.517160980000288 ] ] ] ] } },
{ "type": "Feature", "properties": { "fid": 359, "gid": 1469, "DEPARTAMENTO": "La Capital", "PROVINCIA": "Santa Fe" }, "geometry": { "type": "MultiPolygon", "coordinates": [ [ [ [ -60.818171370000073, -31.017615500000282 ], [ -60.657895110000055, -31.042111490000291 ], [ -60.670250620000083, -31.111953780000267 ], [ -60.549286530000074, -31.132329430000301 ], [ -60.558278790000088, -31.168922090000297 ], [ -60.573845840000075, -31.188031170000272 ], [ -60.449517880000073, -31.213063670000277 ], [ -60.455154690000072, -31.241656160000282 ], [ -60.465030070000076, -31.249385390000295 ], [ -60.455229390000071, -31.260749310000286 ], [ -60.498052960000088, -31.301128210000304 ], [ -60.498606530000089, -31.309730580000284 ], [ -60.473686750000063, -31.339489640000277 ], [ -60.509219600000065, -31.386213210000296 ], [ -60.502495600000074, -31.418720640000299 ], [ -60.557905310000073, -31.458927140000299 ], [ -60.510823970000068, -31.468985550000301 ], [ -60.506785030000088, -31.484583620000276 ], [ -60.49351834000008, -31.478318240000284 ], [ -60.478436920000071, -31.493488640000272 ], [ -60.423519200000072, -31.500572860000279 ], [ -60.390847180000073, -31.496460790000285 ], [ -60.395804620000064, -31.50638338000029 ], [ -60.380391900000063, -31.515765760000299 ], [ -60.343450580000066, -31.497500170000279 ], [ -60.33298124000008, -31.515596800000296 ], [ -60.301886300000064, -31.534194410000282 ], [ -60.339945090000064, -31.5552463600003 ], [ -60.325668330000077, -31.58665525000028 ], [ -60.334710280000067, -31.612591370000295 ], [ -60.396301270000073, -31.64300537000031 ], [ -60.467590330000085, -31.69830322000028 ], [ -60.584077790000073, -31.708483650000286 ], [ -60.638793940000077, -31.742004390000272 ], [ -60.644104, -31.757873530000285 ], [ -60.638567440000074, -31.787481750000296 ], [ -60.660696430000058, -31.7941442400003 ], [ -60.675781250000057, -31.811706540000301 ], [ -60.660705570000076, -31.851196290000285 ], [ -60.652893070000076, -31.897094730000273 ], [ -60.657226560000076, -31.91131592000027 ], [ -60.671875, -31.93017578000029 ], [ -60.719707060000061, -31.958802940000297 ], [ -60.722721970000066, -31.97216829000028 ], [ -60.747590810000077, -31.908539890000284 ], [ -60.731250780000074, -31.865713170000301 ], [ -60.746309290000063, -31.86778407000028 ], [ -60.753007630000077, -31.878085920000274 ], [ -60.76200989000008, -31.869237090000272 ], [ -60.819365560000065, -31.882139380000286 ], [ -60.837148850000069, -31.867370420000285 ], [ -60.840935140000077, -31.853450100000277 ], [ -60.830447380000088, -31.848649920000287 ], [ -60.828147750000085, -31.83770443000029 ], [ -60.835380080000078, -31.811982740000289 ], [ -60.819964240000054, -31.791292450000277 ], [ -60.832773200000076, -31.786804620000293 ], [ -60.853040510000064, -31.821090130000304 ], [ -60.978228280000067, -31.8002665300003 ], [ -60.949973110000066, -31.72977801000031 ], [ -60.914476580000077, -31.73760965000027 ], [ -60.904613760000068, -31.697222500000283 ], [ -60.867910750000085, -31.674500500000285 ], [ -60.812760340000082, -31.654547580000283 ], [ -60.828852670000074, -31.58974012000029 ], [ -60.753332130000075, -31.604746120000268 ], [ -60.766879670000073, -31.59234059000029 ], [ -60.757017980000079, -31.582386600000302 ], [ -60.765699730000073, -31.58140147000028 ], [ -60.75726540000008, -31.576204880000283 ], [ -60.761093720000069, -31.565518640000292 ], [ -60.778032740000079, -31.569044230000266 ], [ -60.767700830000081, -31.546881700000277 ], [ -60.791308810000061, -31.532298310000289 ], [ -60.788518600000081, -31.539206470000298 ], [ -60.793536340000081, -31.537000990000287 ], [ -60.791805980000063, -31.521751910000269 ], [ -60.80209875000007, -31.518724950000301 ], [ -60.786811900000068, -31.512908250000297 ], [ -60.79688765000008, -31.503851200000298 ], [ -60.775961290000069, -31.496731700000282 ], [ -60.782949150000078, -31.495472900000294 ], [ -60.783235240000081, -31.485246010000289 ], [ -60.768609240000082, -31.473645790000287 ], [ -60.78087784000008, -31.470643950000277 ], [ -60.778535200000078, -31.4647253400003 ], [ -60.768382100000075, -31.46705664000028 ], [ -60.779759850000069, -31.456706050000271 ], [ -60.772995580000099, -31.450191970000276 ], [ -60.783646860000076, -31.45144955000028 ], [ -60.791580850000067, -31.423829440000279 ], [ -60.805207910000078, -31.428171240000296 ], [ -60.800106600000056, -31.417893110000293 ], [ -60.812061550000081, -31.406235030000293 ], [ -60.798819990000084, -31.402287530000283 ], [ -60.81008123000008, -31.392620940000288 ], [ -60.808124850000063, -31.383645560000307 ], [ -60.785608190000062, -31.378119480000304 ], [ -60.794263660000063, -31.37689501000029 ], [ -60.782671780000079, -31.369801990000298 ], [ -60.789794980000075, -31.366151840000267 ], [ -60.784588740000075, -31.364444260000287 ], [ -60.791377110000063, -31.362196220000286 ], [ -60.789019050000071, -31.354092280000291 ], [ -60.805897660000078, -31.357375070000284 ], [ -60.808569720000072, -31.350887880000283 ], [ -60.810772490000076, -31.359840550000293 ], [ -60.81556856000006, -31.351253660000275 ], [ -60.819627990000079, -31.358525540000276 ], [ -60.829722450000084, -31.350045680000285 ], [ -60.827316470000071, -31.357585240000301 ], [ -60.842244340000072, -31.360387340000297 ], [ -60.836318530000078, -31.366811590000278 ], [ -60.84415914000008, -31.363479160000278 ], [ -60.864214890000078, -31.379390550000295 ], [ -60.865296250000064, -31.371463290000282 ], [ -60.877806310000068, -31.367416770000286 ], [ -60.885554560000081, -31.370621490000296 ], [ -60.884606570000081, -31.382041150000301 ], [ -60.894092330000078, -31.384492810000292 ], [ -60.901692660000087, -31.382827340000279 ], [ -60.89487363000007, -31.369644580000291 ], [ -60.912084160000077, -31.371482100000307 ], [ -60.919786240000057, -31.356704550000291 ], [ -60.939899950000076, -31.351479070000298 ], [ -60.925005560000081, -31.346088320000288 ], [ -60.928814660000079, -31.337272380000293 ], [ -60.917849040000078, -31.335419480000279 ], [ -60.91215607000008, -31.321275750000304 ], [ -60.917289850000067, -31.315483840000294 ], [ -60.902918700000079, -31.307130170000292 ], [ -60.915783950000076, -31.295012870000285 ], [ -60.920043300000074, -31.282753650000281 ], [ -60.91173992000008, -31.278512730000287 ], [ -60.917947740000081, -31.273816240000308 ], [ -60.908419320000085, -31.276601470000294 ], [ -60.910078570000074, -31.267988680000272 ], [ -60.896209840000061, -31.265589680000311 ], [ -60.894039730000081, -31.258284200000286 ], [ -60.901888380000081, -31.253937970000283 ], [ -60.885120970000081, -31.251946760000305 ], [ -60.893215700000077, -31.243320600000306 ], [ -60.857239730000074, -31.242286470000295 ], [ -60.860486400000077, -31.233637480000315 ], [ -60.835947530000077, -31.209558010000293 ], [ -60.848754800000059, -31.182428160000274 ], [ -60.829764880000056, -31.176537630000293 ], [ -60.838130750000076, -31.17133371000029 ], [ -60.829214210000082, -31.166405790000297 ], [ -60.836411090000084, -31.162871790000292 ], [ -60.833336670000094, -31.155017460000284 ], [ -60.820970030000062, -31.154142250000294 ], [ -60.825966210000075, -31.144369810000285 ], [ -60.812410910000075, -31.147485510000301 ], [ -60.812083390000076, -31.132212730000298 ], [ -60.780388670000086, -31.127341730000303 ], [ -60.782400350000081, -31.117677980000281 ], [ -60.79188245000006, -31.119100260000291 ], [ -60.776163380000085, -31.108659020000289 ], [ -60.785127520000081, -31.107331770000282 ], [ -60.782737770000068, -31.092538150000305 ], [ -60.80286051000008, -31.090376720000311 ], [ -60.806515780000062, -31.101839410000277 ], [ -60.819806510000078, -31.087682780000307 ], [ -60.827662780000068, -31.095354960000293 ], [ -60.828299520000066, -31.0853938400003 ], [ -60.822517170000076, -31.085657150000291 ], [ -60.819984070000075, -31.081571680000284 ], [ -60.844856160000063, -31.063979360000289 ], [ -60.840022340000075, -31.061719630000287 ], [ -60.846437670000078, -31.055008540000308 ], [ -60.837209810000068, -31.058527310000272 ], [ -60.834272060000075, -31.048561130000298 ], [ -60.841695350000073, -31.042587910000289 ], [ -60.827988380000079, -31.032400120000275 ], [ -60.824716040000069, -31.041487090000288 ], [ -60.811278420000079, -31.02587645000029 ], [ -60.804543670000072, -31.028113680000306 ], [ -60.818171370000073, -31.017615500000282 ] ] ] ] } },
{ "type": "Feature", "properties": { "fid": 360, "gid": 1470, "DEPARTAMENTO": "San Javier", "PROVINCIA": "Santa Fe" }, "geometry": { "type": "MultiPolygon", "coordinates": [ [ [ [ -60.069283650000081, -29.370646640000306 ], [ -59.778841240000069, -29.415169280000313 ], [ -59.768368720000069, -29.4425614300003 ], [ -59.740360530000075, -29.455293620000326 ], [ -59.735650270000072, -29.465507720000311 ], [ -59.721036230000067, -29.460753150000297 ], [ -59.714997700000076, -29.470867460000321 ], [ -59.719779800000062, -29.487852850000316 ], [ -59.706328070000062, -29.486381280000316 ], [ -59.707098, -29.477854630000312 ], [ -59.670865140000082, -29.473027090000304 ], [ -59.656465280000063, -29.459700010000304 ], [ -59.66182455000007, -29.446616530000309 ], [ -59.580934760000083, -29.474214580000304 ], [ -59.590184850000071, -29.569778990000309 ], [ -59.599933070000063, -29.583602990000312 ], [ -59.613979460000074, -29.668764560000291 ], [ -59.610648220000058, -29.726585460000312 ], [ -59.617548650000082, -29.775840310000312 ], [ -59.659903060000062, -29.837230400000312 ], [ -59.655620030000073, -29.853410730000306 ], [ -59.619690170000062, -29.878633020000301 ], [ -59.604699560000057, -29.902665570000291 ], [ -59.588911180000075, -29.976252330000314 ], [ -59.566390240000061, -30.008075690000297 ], [ -59.616120980000076, -30.113009920000319 ], [ -59.631349530000087, -30.167975470000307 ], [ -59.625876770000062, -30.211519610000298 ], [ -59.636584340000056, -30.237455730000303 ], [ -59.663472250000062, -30.256729370000301 ], [ -59.710823520000069, -30.270292290000302 ], [ -59.702971300000073, -30.3017011800003 ], [ -59.666803490000078, -30.327161410000297 ], [ -59.672612920000063, -30.346149720000287 ], [ -59.666512300000072, -30.366249100000292 ], [ -59.685726450000075, -30.389567820000295 ], [ -59.717135330000076, -30.39795542000029 ], [ -59.723559880000067, -30.408900940000276 ], [ -59.714874840000064, -30.427460740000292 ], [ -59.68388237000007, -30.446139500000303 ], [ -59.65140272000005, -30.510979820000298 ], [ -59.645856330000072, -30.597037430000288 ], [ -59.678405760000075, -30.646911620000303 ], [ -59.668090820000067, -30.676025390000301 ], [ -59.636175390000083, -30.7021440500003 ], [ -60.204929280000066, -30.650678490000292 ], [ -60.21215255000007, -30.688582220000292 ], [ -60.338882180000077, -30.669250940000296 ], [ -60.333080840000065, -30.655163510000317 ], [ -60.348385830000083, -30.638074180000306 ], [ -60.345359970000075, -30.632228780000283 ], [ -60.382766510000067, -30.608889680000289 ], [ -60.36397490000008, -30.59385671000031 ], [ -60.358779470000073, -30.578111930000293 ], [ -60.339759250000071, -30.568762900000284 ], [ -60.344234930000077, -30.561180990000299 ], [ -60.337814150000078, -30.545778560000283 ], [ -60.350818480000079, -30.510013130000292 ], [ -60.324555210000078, -30.496527820000317 ], [ -60.325812510000063, -30.482849440000294 ], [ -60.337750430000071, -30.483475290000296 ], [ -60.332734470000062, -30.475079490000308 ], [ -60.298853, -30.452744630000289 ], [ -60.288538550000077, -30.434361050000305 ], [ -60.274324880000073, -30.432199110000294 ], [ -60.276137080000069, -30.421265230000298 ], [ -60.255255320000082, -30.422985780000293 ], [ -60.242481660000074, -30.410531510000293 ], [ -60.245307830000066, -30.390957180000292 ], [ -60.229544100000069, -30.385870070000298 ], [ -60.225407080000075, -30.374019270000279 ], [ -60.196514220000076, -30.363400740000284 ], [ -60.214025870000079, -30.3449075900003 ], [ -60.202447830000068, -30.337917370000273 ], [ -60.194641440000062, -30.318688170000296 ], [ -60.199893540000076, -30.32457968000028 ], [ -60.213768810000062, -30.319595280000289 ], [ -60.205985220000088, -30.309831570000313 ], [ -60.21597321000008, -30.307034350000311 ], [ -60.207897450000068, -30.294849380000308 ], [ -60.193260090000081, -30.301024100000291 ], [ -60.194408340000081, -30.292931680000294 ], [ -60.180265750000061, -30.29035408000032 ], [ -60.180348870000081, -30.272374850000297 ], [ -60.172588890000078, -30.272132460000311 ], [ -60.173060310000075, -30.264378260000296 ], [ -60.166567630000074, -30.267589270000297 ], [ -60.16693547000007, -30.255705570000291 ], [ -60.16043508000007, -30.2539438400003 ], [ -60.174985020000079, -30.241833140000292 ], [ -60.158951070000064, -30.229209040000306 ], [ -60.167661810000077, -30.218498770000291 ], [ -60.151215080000078, -30.208790860000299 ], [ -60.150012280000077, -30.1854994900003 ], [ -60.131906520000072, -30.174811240000277 ], [ -60.118565240000081, -30.148606190000297 ], [ -60.118717590000088, -30.133763140000298 ], [ -60.159513810000057, -30.120083610000282 ], [ -60.135268650000064, -30.112868360000288 ], [ -60.116618570000078, -30.121536400000316 ], [ -60.114346880000078, -30.103609310000301 ], [ -60.129049080000065, -30.096952280000291 ], [ -60.129067750000075, -30.088000050000289 ], [ -60.120050740000089, -30.076491730000299 ], [ -60.097747090000077, -30.070101580000301 ], [ -60.10330942000008, -30.067414420000297 ], [ -60.095015810000064, -30.057333860000309 ], [ -60.099180010000062, -30.041276690000309 ], [ -60.076192290000087, -30.027144100000285 ], [ -60.045585100000075, -30.027593340000298 ], [ -60.044338620000076, -30.009757680000309 ], [ -60.032388480000073, -30.009370830000311 ], [ -60.035518880000076, -29.98821423000031 ], [ -60.024405750000071, -29.98812430000029 ], [ -60.017306120000079, -29.975719350000297 ], [ -60.027778470000079, -29.964313880000308 ], [ -60.020024100000072, -29.961812300000293 ], [ -60.020666220000081, -29.951794230000285 ], [ -59.999447690000075, -29.944315030000325 ], [ -59.988918350000077, -29.928769160000286 ], [ -59.960600760000062, -29.936079840000311 ], [ -59.964714100000073, -29.928596120000304 ], [ -59.941388510000067, -29.909312130000306 ], [ -59.926443810000073, -29.915070670000308 ], [ -59.914969830000075, -29.880352160000321 ], [ -59.893610280000054, -29.857939800000299 ], [ -59.889484180000082, -29.834248090000301 ], [ -59.874585970000076, -29.833141950000314 ], [ -59.876820710000082, -29.81304700000031 ], [ -59.910755490000078, -29.800071390000294 ], [ -59.947983350000072, -29.800332060000304 ], [ -59.970548770000065, -29.812721600000312 ], [ -59.979945250000064, -29.784776890000312 ], [ -59.998567500000085, -29.773048190000321 ], [ -59.99460039000008, -29.753623280000305 ], [ -60.007138280000085, -29.724600130000297 ], [ -59.993747650000067, -29.703636090000295 ], [ -60.000064350000073, -29.654718380000293 ], [ -60.06145645000008, -29.65667262000029 ], [ -60.08496159000007, -29.634650570000293 ], [ -60.079656250000077, -29.593716890000302 ], [ -60.088098260000081, -29.539805140000315 ], [ -60.082768540000075, -29.534723070000314 ], [ -60.092989270000075, -29.529853200000307 ], [ -60.08985525000007, -29.515318240000337 ], [ -60.105278160000076, -29.482995970000303 ], [ -60.098344110000077, -29.467483750000305 ], [ -60.10020825000008, -29.431154230000296 ], [ -60.078252830000054, -29.405525310000304 ], [ -60.084873290000061, -29.386249390000327 ], [ -60.069283650000081, -29.370646640000306 ] ] ] ] } },
{ "type": "Feature", "properties": { "fid": 361, "gid": 1476, "DEPARTAMENTO": "Garay", "PROVINCIA": "Santa Fe" }, "geometry": { "type": "MultiPolygon", "coordinates": [ [ [ [ -60.205496920000073, -30.650719720000286 ], [ -59.636175390000083, -30.7021440500003 ], [ -59.632690430000061, -30.711303710000291 ], [ -59.654174800000078, -30.740905760000309 ], [ -59.699394200000079, -30.769072460000299 ], [ -59.704866960000054, -30.817375520000297 ], [ -59.734848170000056, -30.876624100000296 ], [ -59.81817627000008, -30.942504880000303 ], [ -59.826110840000055, -30.97167969000029 ], [ -59.877929690000073, -31.05621338000029 ], [ -59.925442990000064, -31.105052350000292 ], [ -59.963378910000074, -31.119873050000297 ], [ -59.983276370000056, -31.155700680000297 ], [ -59.984802250000058, -31.193420410000297 ], [ -60.002685550000066, -31.238586430000286 ], [ -60.025512690000077, -31.25909424000028 ], [ -60.105590820000081, -31.289916990000293 ], [ -60.109375, -31.30407715000031 ], [ -60.086914060000055, -31.339782710000286 ], [ -60.096069340000064, -31.370605470000282 ], [ -60.138427730000075, -31.413391110000301 ], [ -60.143493650000067, -31.44360351000029 ], [ -60.214971810000073, -31.470432910000291 ], [ -60.233531610000071, -31.522305160000286 ], [ -60.257853690000083, -31.535734780000272 ], [ -60.301886300000064, -31.534194410000282 ], [ -60.33298124000008, -31.515596800000296 ], [ -60.343450580000066, -31.497500170000279 ], [ -60.380391900000063, -31.515765760000299 ], [ -60.395804620000064, -31.50638338000029 ], [ -60.390847180000073, -31.496460790000285 ], [ -60.423519200000072, -31.500572860000279 ], [ -60.478436920000071, -31.493488640000272 ], [ -60.49351834000008, -31.478318240000284 ], [ -60.506785030000088, -31.484583620000276 ], [ -60.510823970000068, -31.468985550000301 ], [ -60.557905310000073, -31.458927140000299 ], [ -60.502495600000074, -31.418720640000299 ], [ -60.509219600000065, -31.386213210000296 ], [ -60.473686750000063, -31.339489640000277 ], [ -60.498606530000089, -31.309730580000284 ], [ -60.498052960000088, -31.301128210000304 ], [ -60.455229390000071, -31.260749310000286 ], [ -60.465030070000076, -31.249385390000295 ], [ -60.45498215000007, -31.2412023900003 ], [ -60.455144100000076, -31.220811570000294 ], [ -60.447691410000076, -31.219723680000293 ], [ -60.454332670000063, -31.20396191000032 ], [ -60.442765120000075, -31.196691080000303 ], [ -60.44110029000008, -31.167426850000282 ], [ -60.420863340000075, -31.164234400000304 ], [ -60.419946210000063, -31.154151230000295 ], [ -60.404261120000065, -31.1519849300003 ], [ -60.391202240000084, -31.139930360000292 ], [ -60.367984790000079, -31.138264000000294 ], [ -60.371242280000075, -31.130854200000297 ], [ -60.356715560000069, -31.123963320000296 ], [ -60.369136580000081, -31.115441030000301 ], [ -60.357687030000072, -31.087187330000312 ], [ -60.320611760000077, -31.041990390000294 ], [ -60.332298990000062, -31.016435630000295 ], [ -60.313072570000081, -30.99501762000029 ], [ -60.31878643000006, -30.985918060000301 ], [ -60.299917950000058, -30.976185570000286 ], [ -60.303610020000079, -30.928327300000291 ], [ -60.285673250000066, -30.914321660000297 ], [ -60.284587740000063, -30.858096090000295 ], [ -60.275847990000067, -30.849723460000284 ], [ -60.250313930000061, -30.864458540000314 ], [ -60.247276800000073, -30.826183380000302 ], [ -60.257761980000069, -30.809925640000298 ], [ -60.247460530000062, -30.79307237000031 ], [ -60.255969420000064, -30.768880050000298 ], [ -60.241680500000072, -30.762532730000295 ], [ -60.247664220000082, -30.741737470000317 ], [ -60.238520030000068, -30.719272280000297 ], [ -60.222759160000066, -30.7081548300003 ], [ -60.221445350000074, -30.69345862000031 ], [ -60.208686840000077, -30.683526690000306 ], [ -60.205496920000073, -30.650719720000286 ] ] ] ] } },
{ "type": "Feature", "properties": { "fid": 362, "gid": 1478, "DEPARTAMENTO": "San Jerónimo", "PROVINCIA": "Santa Fe" }, "geometry": { "type": "MultiPolygon", "coordinates": [ [ [ [ -60.832694330000081, -31.805421850000286 ], [ -60.829564080000061, -31.84696617000029 ], [ -60.84098147000006, -31.85361798000028 ], [ -60.82625186000007, -31.880942130000285 ], [ -60.76200989000008, -31.869237090000272 ], [ -60.753007630000077, -31.878085920000274 ], [ -60.746309290000063, -31.86778407000028 ], [ -60.731250780000074, -31.865713170000301 ], [ -60.747590810000077, -31.908539890000284 ], [ -60.72065884000007, -31.985214960000281 ], [ -60.684387210000075, -32.01208496000028 ], [ -60.658081050000078, -32.050720210000293 ], [ -60.658554910000078, -32.080155450000284 ], [ -60.680208010000086, -32.102760330000301 ], [ -60.700381850000078, -32.149769020000292 ], [ -60.697050610000062, -32.182367640000287 ], [ -60.672607420000077, -32.232604980000275 ], [ -60.682825420000071, -32.286454710000292 ], [ -60.679018280000079, -32.319529220000284 ], [ -60.706857970000073, -32.323574310000268 ], [ -60.718993220000065, -32.334043930000291 ], [ -60.71161689000008, -32.393054570000288 ], [ -60.723815920000071, -32.456115720000277 ], [ -60.740783690000086, -32.476989740000271 ], [ -60.769142030000062, -32.496754850000293 ], [ -60.792441250000074, -32.499059970000275 ], [ -60.801344680000064, -32.471448170000308 ], [ -60.794380760000067, -32.453345870000263 ], [ -60.802032430000068, -32.441952580000311 ], [ -60.82162763000008, -32.458715330000288 ], [ -60.867635530000065, -32.451612570000279 ], [ -60.896685550000079, -32.467462790000283 ], [ -61.19091119000008, -32.431430780000284 ], [ -61.192762150000078, -32.438846850000289 ], [ -61.495210620000073, -32.383263310000274 ], [ -61.448035670000088, -32.199974920000265 ], [ -61.391935440000076, -32.210254200000279 ], [ -61.355351570000082, -32.082729990000267 ], [ -61.378051180000071, -31.989135370000277 ], [ -61.347753390000079, -31.866586420000267 ], [ -61.392769030000082, -31.85796550000029 ], [ -61.390010380000078, -31.846664720000291 ], [ -61.363422170000085, -31.841120860000274 ], [ -61.354719030000084, -31.829818670000279 ], [ -61.298302040000074, -31.840150660000287 ], [ -61.300781500000078, -31.831880720000274 ], [ -61.195939390000078, -31.85181892000028 ], [ -61.183364270000062, -31.882401030000281 ], [ -61.17020289000007, -31.831352680000297 ], [ -60.993185160000074, -31.864324360000282 ], [ -60.978228280000067, -31.8002665300003 ], [ -60.853040510000064, -31.821090130000304 ], [ -60.830450840000069, -31.786328030000298 ], [ -60.819404350000077, -31.792720370000279 ], [ -60.832694330000081, -31.805421850000286 ] ] ] ] } },
{ "type": "Feature", "properties": { "fid": 363, "gid": 1479, "DEPARTAMENTO": "Capital", "PROVINCIA": "Misiones" }, "geometry": { "type": "MultiPolygon", "coordinates": [ [ [ [ -56.006749890000044, -27.339667800000331 ], [ -55.975489190000047, -27.355628550000322 ], [ -55.89634625000005, -27.342717620000336 ], [ -55.868440360000051, -27.364168050000309 ], [ -55.838907890000051, -27.407475560000321 ], [ -55.803784080000035, -27.42262302000033 ], [ -55.794630420000054, -27.434122160000317 ], [ -55.818839170000039, -27.474206990000312 ], [ -55.806714020000051, -27.475578900000315 ], [ -55.787186990000052, -27.493383190000323 ], [ -55.787625470000044, -27.556257390000329 ], [ -55.806052290000039, -27.568784370000316 ], [ -55.80131514000005, -27.577695940000314 ], [ -55.726947020000047, -27.58918822000031 ], [ -55.724382700000049, -27.607842520000325 ], [ -55.682447850000052, -27.602640780000318 ], [ -55.685462110000046, -27.591150320000335 ], [ -55.67855974000004, -27.591267160000335 ], [ -55.661224340000047, -27.616794140000312 ], [ -55.658328690000047, -27.639919630000339 ], [ -55.612690110000038, -27.645281680000327 ], [ -55.62222126000006, -27.714277550000325 ], [ -55.664351140000051, -27.710762710000328 ], [ -55.670075410000052, -27.750423910000315 ], [ -55.703635120000065, -27.744338260000308 ], [ -55.72816155000006, -27.713830130000321 ], [ -55.75314390000004, -27.716993690000326 ], [ -55.774951940000051, -27.690393300000327 ], [ -55.783268760000048, -27.714258450000312 ], [ -55.779523680000025, -27.733040110000349 ], [ -55.79510260000005, -27.741849400000309 ], [ -55.803481200000057, -27.737411430000321 ], [ -55.802334740000049, -27.746345820000329 ], [ -55.851176860000052, -27.757854560000318 ], [ -55.978899530000064, -27.540200330000307 ], [ -56.026635030000051, -27.507276850000316 ], [ -56.037205870000051, -27.468635080000325 ], [ -56.054611620000053, -27.450946160000321 ], [ -56.055420640000058, -27.420686560000334 ], [ -56.036936830000059, -27.415187290000315 ], [ -56.043215940000067, -27.404991860000333 ], [ -56.028888280000039, -27.382854910000326 ], [ -56.039329540000047, -27.345882100000324 ], [ -56.025027950000052, -27.33922320000033 ], [ -56.03045934000005, -27.33025868000032 ], [ -56.024264330000058, -27.324261580000339 ], [ -56.006749890000044, -27.339667800000331 ] ] ], [ [ [ -55.947100290000044, -27.335238710000329 ], [ -55.92888654000005, -27.338344280000346 ], [ -55.960361910000046, -27.34186952000033 ], [ -55.947100290000044, -27.335238710000329 ] ] ], [ [ [ -56.005098900000064, -27.337421010000313 ], [ -55.997125140000058, -27.338596090000323 ], [ -55.99620187000005, -27.340274770000331 ], [ -56.005098900000064, -27.337421010000313 ] ] ] ] } },
{ "type": "Feature", "properties": { "fid": 364, "gid": 1480, "DEPARTAMENTO": "San Ignacio", "PROVINCIA": "Misiones" }, "geometry": { "type": "MultiPolygon", "coordinates": [ [ [ [ -55.254917350000042, -26.937599280000324 ], [ -55.204513030000051, -26.969482370000325 ], [ -55.198202520000059, -26.990491250000346 ], [ -55.207265070000055, -26.999384980000322 ], [ -55.176692740000057, -26.999095920000318 ], [ -55.17668661000004, -27.016644250000326 ], [ -55.183057980000044, -27.019882350000319 ], [ -55.16488491000004, -27.047009920000345 ], [ -55.154219720000057, -27.046828230000315 ], [ -55.149750740000052, -27.060934000000319 ], [ -55.144600130000043, -27.055040500000338 ], [ -55.099504960000047, -27.057756420000334 ], [ -55.101620130000036, -27.186559210000343 ], [ -55.136670500000044, -27.186226160000327 ], [ -55.135771280000043, -27.285289160000332 ], [ -55.14356265000005, -27.27867538000034 ], [ -55.139160370000042, -27.284669300000324 ], [ -55.151640020000045, -27.287448450000316 ], [ -55.153891770000051, -27.29567689000034 ], [ -55.166043650000042, -27.289608650000321 ], [ -55.186053300000047, -27.294475350000308 ], [ -55.196793670000041, -27.303119520000322 ], [ -55.189004570000051, -27.315980480000324 ], [ -55.19466513000004, -27.323052720000316 ], [ -55.206203700000053, -27.318385210000312 ], [ -55.21448222000005, -27.324564940000329 ], [ -55.215227030000058, -27.31550735000032 ], [ -55.222079210000054, -27.325534530000304 ], [ -55.217317690000058, -27.329912400000321 ], [ -55.242190060000048, -27.329254130000315 ], [ -55.254474350000052, -27.343433230000326 ], [ -55.272170100000054, -27.335973190000317 ], [ -55.277953690000039, -27.36144989000033 ], [ -55.291407850000041, -27.361402950000315 ], [ -55.280187910000045, -27.371414840000323 ], [ -55.285060490000049, -27.385248030000319 ], [ -55.297853400000044, -27.385927130000315 ], [ -55.282536920000048, -27.392582480000332 ], [ -55.288543570000037, -27.398040560000332 ], [ -55.28126082000005, -27.40169924000033 ], [ -55.29048917000005, -27.40927521000032 ], [ -55.296850590000048, -27.402739760000319 ], [ -55.30581703000005, -27.406070920000325 ], [ -55.31454460000004, -27.394189650000317 ], [ -55.311699340000047, -27.382982440000333 ], [ -55.325939890000051, -27.394814730000334 ], [ -55.325103510000048, -27.403416870000321 ], [ -55.346567710000052, -27.404667750000318 ], [ -55.363216360000052, -27.400401590000317 ], [ -55.347738940000049, -27.395588960000325 ], [ -55.356283100000041, -27.381640290000327 ], [ -55.36749928000004, -27.390197700000336 ], [ -55.387848760000047, -27.390098260000325 ], [ -55.380673580000035, -27.378901140000323 ], [ -55.394948060000054, -27.381907070000331 ], [ -55.393265590000048, -27.373174670000335 ], [ -55.403675690000043, -27.369245740000331 ], [ -55.41697625000004, -27.382288810000322 ], [ -55.409340110000045, -27.382348820000317 ], [ -55.409122610000054, -27.389443860000327 ], [ -55.434904120000056, -27.380494470000336 ], [ -55.436842770000048, -27.396304530000311 ], [ -55.480433140000059, -27.364698130000324 ], [ -55.490420590000049, -27.369579230000326 ], [ -55.493509490000058, -27.34918883000033 ], [ -55.479440050000044, -27.341787200000319 ], [ -55.486323960000057, -27.321991420000316 ], [ -55.476085330000046, -27.321637080000318 ], [ -55.48782949000006, -27.305175360000334 ], [ -55.500411600000042, -27.31165331000032 ], [ -55.505659620000046, -27.298275040000316 ], [ -55.528655330000056, -27.294745750000335 ], [ -55.52826447000006, -27.288543190000311 ], [ -55.513940810000051, -27.285260520000318 ], [ -55.519611390000051, -27.280297020000326 ], [ -55.535998220000053, -27.286545270000317 ], [ -55.540075940000044, -27.296047870000329 ], [ -55.562491660000042, -27.297756630000332 ], [ -55.58762760000004, -27.31333251000034 ], [ -55.602394010000047, -27.284618470000353 ], [ -55.574386460000042, -27.270945090000321 ], [ -55.574691440000045, -27.247461440000322 ], [ -55.611594310000051, -27.212998430000312 ], [ -55.618761400000039, -27.187176580000319 ], [ -55.607731200000046, -27.161303900000327 ], [ -55.574793100000058, -27.168775970000322 ], [ -55.561119720000043, -27.160948090000325 ], [ -55.561323040000048, -27.101324020000327 ], [ -55.47699540000005, -27.111795090000331 ], [ -55.455544970000041, -27.106254570000317 ], [ -55.44948629000006, -27.097268200000318 ], [ -55.456045110000055, -27.058797230000327 ], [ -55.445740410000042, -27.025377850000321 ], [ -55.419811190000054, -26.993004430000326 ], [ -55.37574123000006, -26.966165970000336 ], [ -55.306662710000047, -26.963878600000321 ], [ -55.254917350000042, -26.937599280000324 ] ] ] ] } },
{ "type": "Feature", "properties": { "fid": 365, "gid": 1481, "DEPARTAMENTO": "Candelaria", "PROVINCIA": "Misiones" }, "geometry": { "type": "MultiPolygon", "coordinates": [ [ [ [ -55.516812510000044, -27.287451180000321 ], [ -55.529450660000052, -27.293731970000316 ], [ -55.505659620000046, -27.298275040000316 ], [ -55.500411600000042, -27.31165331000032 ], [ -55.48782949000006, -27.305175360000334 ], [ -55.476085330000046, -27.321637080000318 ], [ -55.486323960000057, -27.321991420000316 ], [ -55.479440050000044, -27.341787200000319 ], [ -55.49199772000005, -27.346895060000328 ], [ -55.495407440000051, -27.365523180000327 ], [ -55.462992540000045, -27.373400480000324 ], [ -55.459515, -27.383086650000308 ], [ -55.444225980000049, -27.385562320000318 ], [ -55.447376990000045, -27.393187840000323 ], [ -55.432703620000048, -27.395917570000318 ], [ -55.439404760000045, -27.385496550000315 ], [ -55.434904120000056, -27.380494470000336 ], [ -55.409347910000044, -27.389622850000322 ], [ -55.409340110000045, -27.382348820000317 ], [ -55.41697625000004, -27.382288810000322 ], [ -55.403675690000043, -27.369245740000331 ], [ -55.393265590000048, -27.373174670000335 ], [ -55.394948060000054, -27.381907070000331 ], [ -55.380673580000035, -27.378901140000323 ], [ -55.387848760000047, -27.390098260000325 ], [ -55.36749928000004, -27.390197700000336 ], [ -55.356283100000041, -27.381640290000327 ], [ -55.347738940000049, -27.395588960000325 ], [ -55.363216360000052, -27.400401590000317 ], [ -55.346567710000052, -27.404667750000318 ], [ -55.325103510000048, -27.403416870000321 ], [ -55.325939890000051, -27.394814730000334 ], [ -55.311280420000053, -27.383106930000309 ], [ -55.31454460000004, -27.394189650000317 ], [ -55.30581703000005, -27.406070920000325 ], [ -55.285604530000043, -27.406147180000328 ], [ -55.282483410000047, -27.414588900000322 ], [ -55.50040357000006, -27.539319990000319 ], [ -55.517184180000058, -27.51616877000032 ], [ -55.577765420000055, -27.551086450000327 ], [ -55.56109753000004, -27.57490426000032 ], [ -55.641670330000053, -27.627605060000324 ], [ -55.662268640000043, -27.620931000000311 ], [ -55.67855974000004, -27.591267160000335 ], [ -55.685462110000046, -27.591150320000335 ], [ -55.682447850000052, -27.602640780000318 ], [ -55.724382700000049, -27.607842520000325 ], [ -55.726947020000047, -27.58918822000031 ], [ -55.79707008000004, -27.58240176000033 ], [ -55.806052290000039, -27.568784370000316 ], [ -55.787625470000044, -27.556257390000329 ], [ -55.787186990000052, -27.493383190000323 ], [ -55.806714020000051, -27.475578900000315 ], [ -55.818839170000039, -27.474206990000312 ], [ -55.795583750000056, -27.435099380000317 ], [ -55.773387500000055, -27.444276780000315 ], [ -55.732774, -27.443107680000328 ], [ -55.681028650000037, -27.376977320000336 ], [ -55.596141870000032, -27.339159500000324 ], [ -55.58762760000004, -27.31333251000034 ], [ -55.562491660000042, -27.297756630000332 ], [ -55.540075940000044, -27.296047870000329 ], [ -55.523094180000044, -27.280267950000329 ], [ -55.516812510000044, -27.287451180000321 ] ] ] ] } },
{ "type": "Feature", "properties": { "fid": 366, "gid": 1482, "DEPARTAMENTO": "Montecarlo", "PROVINCIA": "Misiones" }, "geometry": { "type": "MultiPolygon", "coordinates": [ [ [ [ -54.707955500000047, -26.451551590000332 ], [ -54.67483109000004, -26.461934920000328 ], [ -54.65741351000004, -26.45636854000033 ], [ -54.670148300000044, -26.47061488000033 ], [ -54.65766734000006, -26.475336820000319 ], [ -54.657546590000059, -26.493867940000335 ], [ -54.642650850000045, -26.497056370000323 ], [ -54.630613050000051, -26.512903770000314 ], [ -54.622157600000044, -26.507961110000338 ], [ -54.629034780000048, -26.489631440000331 ], [ -54.60379894000004, -26.503759770000322 ], [ -54.604595090000039, -26.484797510000327 ], [ -54.587400660000043, -26.485178810000338 ], [ -54.585113670000041, -26.466890660000335 ], [ -54.566614930000043, -26.471039590000327 ], [ -54.555969880000042, -26.456684840000328 ], [ -54.554942770000039, -26.48217533000032 ], [ -54.536088390000032, -26.475348920000329 ], [ -54.538786660000049, -26.489729250000323 ], [ -54.526446410000027, -26.485726980000337 ], [ -54.51572964000006, -26.506941140000336 ], [ -54.491274390000051, -26.497129600000338 ], [ -54.481869210000042, -26.511426190000339 ], [ -54.486342120000032, -26.519741810000315 ], [ -54.464768810000052, -26.520426510000316 ], [ -54.456547340000022, -26.511255320000327 ], [ -54.442841600000044, -26.524451220000323 ], [ -54.444102320000042, -26.502218390000337 ], [ -54.427687740000053, -26.513833480000319 ], [ -54.419203920000051, -26.508798680000332 ], [ -54.419857030000038, -26.495064080000319 ], [ -54.413296340000038, -26.497005900000353 ], [ -54.410219110000028, -26.529027940000351 ], [ -54.405018820000038, -26.505884870000319 ], [ -54.38491334000004, -26.506789680000328 ], [ -54.366974830000039, -26.472763360000318 ], [ -54.36823683000005, -26.49629616000033 ], [ -54.35366255000006, -26.492532900000324 ], [ -54.353218880000057, -26.482007310000341 ], [ -54.345969970000041, -26.484029800000336 ], [ -54.349152560000043, -26.504440470000322 ], [ -54.328618090000049, -26.502259890000328 ], [ -54.338547920000039, -26.490670920000316 ], [ -54.329386550000045, -26.494914260000328 ], [ -54.312360380000037, -26.487732420000341 ], [ -54.305009990000038, -26.50060655000031 ], [ -54.296876410000046, -26.486999930000319 ], [ -54.277241600000032, -26.505095950000328 ], [ -54.27798393000004, -26.481118740000348 ], [ -54.268850540000045, -26.483240230000337 ], [ -54.266863200000053, -26.639534840000312 ], [ -54.403124960000028, -26.71374667000034 ], [ -54.426107070000043, -26.736242430000331 ], [ -54.434401670000042, -26.731080530000316 ], [ -54.473210880000025, -26.776323340000332 ], [ -54.543759270000045, -26.83188469000034 ], [ -54.523917990000037, -26.853974130000328 ], [ -54.568314620000052, -26.894651890000326 ], [ -54.565880900000053, -26.914178430000334 ], [ -54.664880430000053, -26.954609910000332 ], [ -54.801546610000052, -26.649529440000325 ], [ -54.784188760000042, -26.614670140000335 ], [ -54.787623980000056, -26.594043180000337 ], [ -54.807718530000045, -26.560956780000335 ], [ -54.80054446000004, -26.536115200000335 ], [ -54.779307770000038, -26.508418280000321 ], [ -54.752288990000046, -26.493463370000324 ], [ -54.707955500000047, -26.451551590000332 ] ] ] ] } },
{ "type": "Feature", "properties": { "fid": 367, "gid": 1483, "DEPARTAMENTO": "Cainguás", "PROVINCIA": "Misiones" }, "geometry": { "type": "MultiPolygon", "coordinates": [ [ [ [ -54.612878960000053, -26.933421210000322 ], [ -54.541880550000037, -27.091309770000347 ], [ -54.498949160000038, -27.090774790000332 ], [ -54.488954500000048, -27.109036470000323 ], [ -54.486479340000045, -27.117437670000328 ], [ -54.492882130000041, -27.119756270000323 ], [ -54.486545400000033, -27.129363380000321 ], [ -54.495610960000036, -27.131490670000311 ], [ -54.486116030000041, -27.142041690000333 ], [ -54.49447933000004, -27.149276710000322 ], [ -54.489957390000043, -27.153424280000337 ], [ -54.50304334000004, -27.155261830000313 ], [ -54.493886680000053, -27.176412620000331 ], [ -54.513447080000041, -27.175894850000336 ], [ -54.504297450000045, -27.192461360000319 ], [ -54.52891577000004, -27.209597080000346 ], [ -54.518407880000034, -27.223480530000334 ], [ -54.528902730000048, -27.21937347000032 ], [ -54.527468400000039, -27.226246150000328 ], [ -54.510964970000046, -27.22538427000033 ], [ -54.525570340000044, -27.234829070000327 ], [ -54.520497570000039, -27.249250020000328 ], [ -54.50713353000004, -27.247866430000311 ], [ -54.515685470000051, -27.253864260000324 ], [ -54.512488950000048, -27.261291210000319 ], [ -54.584097190000051, -27.275119480000313 ], [ -54.59405754000003, -27.26853890000033 ], [ -54.598695360000029, -27.260309760000311 ], [ -54.581447200000042, -27.253804370000314 ], [ -54.605049480000034, -27.240118850000332 ], [ -54.592773010000037, -27.219452820000331 ], [ -54.604175650000045, -27.224665560000314 ], [ -54.612562790000048, -27.220586180000321 ], [ -54.603472780000047, -27.213336840000331 ], [ -54.626143940000048, -27.211576800000326 ], [ -54.623715060000045, -27.204084400000333 ], [ -54.612242760000044, -27.203628850000328 ], [ -54.619691270000033, -27.196700790000335 ], [ -54.615924680000049, -27.183859940000339 ], [ -54.602651220000041, -27.178947550000338 ], [ -54.612920190000033, -27.168596340000324 ], [ -54.609328060000045, -27.163534670000328 ], [ -54.716825320000034, -27.162999020000338 ], [ -54.701310370000051, -27.215741260000321 ], [ -54.835429790000042, -27.248260150000306 ], [ -54.832641, -27.265023030000311 ], [ -54.817894810000041, -27.267955400000307 ], [ -54.834474860000036, -27.27727668000032 ], [ -54.817570430000046, -27.29705765000034 ], [ -54.825149100000047, -27.303958470000328 ], [ -54.815206550000042, -27.313221140000326 ], [ -54.827745520000036, -27.31105170000032 ], [ -54.832563210000039, -27.318884750000326 ], [ -54.817573630000041, -27.323249640000327 ], [ -54.814713760000025, -27.33207405000033 ], [ -54.825847710000048, -27.327665580000335 ], [ -54.812321580000052, -27.339486680000338 ], [ -54.82246135000004, -27.345543250000318 ], [ -54.815637590000058, -27.359438840000308 ], [ -54.833706550000045, -27.356604310000321 ], [ -54.820432970000041, -27.384881880000329 ], [ -54.83418345000004, -27.38721972000031 ], [ -54.925220450000047, -27.352503600000322 ], [ -54.922644310000052, -27.361184780000311 ], [ -54.938010520000056, -27.370585240000313 ], [ -55.078272240000032, -27.190957570000329 ], [ -55.101552070000054, -27.182350890000315 ], [ -55.09956609000006, -27.062604180000335 ], [ -55.012082890000052, -27.062100370000316 ], [ -55.011293970000054, -27.070329990000317 ], [ -54.986169640000043, -27.078130110000323 ], [ -54.96764168000005, -27.102335870000331 ], [ -54.949385310000046, -27.091795140000315 ], [ -54.936898200000044, -27.094618580000319 ], [ -54.935223800000045, -27.087933040000319 ], [ -54.928363300000044, -27.09310924000032 ], [ -54.919030650000039, -27.084626640000323 ], [ -54.89839937000005, -27.085591440000332 ], [ -54.885214640000029, -27.076638010000323 ], [ -54.89179773000005, -27.057648170000331 ], [ -54.882494740000048, -27.044269530000332 ], [ -54.883029160000042, -27.005498030000314 ], [ -54.899568400000049, -27.001179110000319 ], [ -54.901852380000037, -26.989661560000314 ], [ -54.884746200000059, -26.987318710000341 ], [ -54.886252830000018, -26.981516410000328 ], [ -54.84542184000005, -26.995528490000332 ], [ -54.81453403000004, -26.989209770000329 ], [ -54.813810840000045, -27.003120800000335 ], [ -54.786673100000058, -27.007918780000328 ], [ -54.781377810000045, -27.027895750000322 ], [ -54.76065256000004, -27.051735650000321 ], [ -54.742287330000053, -27.050730680000303 ], [ -54.727651980000047, -27.045429520000319 ], [ -54.756853880000051, -26.946649730000324 ], [ -54.72009637000005, -26.93644188000032 ], [ -54.702960410000038, -26.979344020000333 ], [ -54.659890470000036, -26.966848580000342 ], [ -54.664880430000053, -26.954609910000332 ], [ -54.612878960000053, -26.933421210000322 ] ] ] ] } },
{ "type": "Feature", "properties": { "fid": 368, "gid": 1484, "DEPARTAMENTO": "Oberá", "PROVINCIA": "Misiones" }, "geometry": { "type": "MultiPolygon", "coordinates": [ [ [ [ -55.096729670000045, -27.184196100000314 ], [ -55.078272240000032, -27.190957570000329 ], [ -54.938010520000056, -27.370585240000313 ], [ -54.916770720000045, -27.364448030000325 ], [ -54.915265610000034, -27.383700580000319 ], [ -54.907396300000052, -27.385427460000312 ], [ -54.916668710000046, -27.393521180000327 ], [ -54.916075140000039, -27.40934759000033 ], [ -54.924236350000044, -27.409223690000339 ], [ -54.915624610000044, -27.42353211000033 ], [ -54.921408520000035, -27.430779310000336 ], [ -54.913772730000041, -27.434028340000321 ], [ -54.925289770000042, -27.437743260000325 ], [ -54.927747560000043, -27.458239870000341 ], [ -54.917170560000038, -27.460285480000337 ], [ -54.916813720000057, -27.471513230000319 ], [ -54.898836680000052, -27.475405180000319 ], [ -54.91017382000004, -27.490821750000332 ], [ -54.882869760000041, -27.495260960000344 ], [ -54.880560290000041, -27.507806560000333 ], [ -54.864598790000045, -27.510197530000326 ], [ -54.878712110000052, -27.52023004000031 ], [ -54.860117310000049, -27.532612160000323 ], [ -54.867611390000043, -27.543712250000318 ], [ -54.859347790000058, -27.551684540000338 ], [ -54.882606380000048, -27.553830540000337 ], [ -54.878329370000053, -27.56504987000033 ], [ -54.851898400000053, -27.56703963000033 ], [ -54.872551410000042, -27.585667770000335 ], [ -54.85995018000002, -27.603369510000316 ], [ -54.870918020000047, -27.612934760000325 ], [ -54.84629776000002, -27.619408970000318 ], [ -54.86026958000005, -27.629129580000324 ], [ -54.890298380000054, -27.627416370000315 ], [ -54.905051040000053, -27.638647420000311 ], [ -54.902814350000043, -27.721024360000325 ], [ -54.944195310000026, -27.776229170000327 ], [ -54.978019330000045, -27.770755560000318 ], [ -54.976547230000044, -27.758672070000308 ], [ -54.998615510000036, -27.748469410000318 ], [ -55.02244525000004, -27.711187470000322 ], [ -55.019402380000045, -27.693531420000326 ], [ -55.029641910000052, -27.687192310000331 ], [ -55.03665205000005, -27.661458850000322 ], [ -55.076017050000033, -27.618505200000335 ], [ -55.172253360000049, -27.625348780000316 ], [ -55.172957240000045, -27.616390840000335 ], [ -55.182891140000045, -27.621942440000328 ], [ -55.183546570000047, -27.612773610000335 ], [ -55.258177080000046, -27.561772570000333 ], [ -55.23640834000004, -27.545571160000332 ], [ -55.253677550000049, -27.521673540000315 ], [ -55.227228270000055, -27.515240280000331 ], [ -55.259607950000053, -27.512226810000325 ], [ -55.280375980000045, -27.499727330000312 ], [ -55.289808060000048, -27.472910580000335 ], [ -55.301949010000051, -27.465017620000314 ], [ -55.314888090000053, -27.467162010000319 ], [ -55.312902120000047, -27.47798770000032 ], [ -55.324532790000049, -27.473342030000321 ], [ -55.33134673000005, -27.47934953000032 ], [ -55.336508820000049, -27.476606210000323 ], [ -55.331616230000044, -27.465707050000312 ], [ -55.366340240000063, -27.461588910000312 ], [ -55.282483410000047, -27.414588900000322 ], [ -55.289075980000057, -27.405741170000312 ], [ -55.28126082000005, -27.40169924000033 ], [ -55.288543570000037, -27.398040560000332 ], [ -55.282536920000048, -27.392582480000332 ], [ -55.297853400000044, -27.385927130000315 ], [ -55.285060490000049, -27.385248030000319 ], [ -55.280187910000045, -27.371414840000323 ], [ -55.291407850000041, -27.361402950000315 ], [ -55.277953690000039, -27.36144989000033 ], [ -55.272170100000054, -27.335973190000317 ], [ -55.254474350000052, -27.343433230000326 ], [ -55.242190060000048, -27.329254130000315 ], [ -55.217317690000058, -27.329912400000321 ], [ -55.222079210000054, -27.325534530000304 ], [ -55.215227030000058, -27.31550735000032 ], [ -55.21448222000005, -27.324564940000329 ], [ -55.206203700000053, -27.318385210000312 ], [ -55.19466513000004, -27.323052720000316 ], [ -55.189004570000051, -27.315980480000324 ], [ -55.196793670000041, -27.303119520000322 ], [ -55.186053300000047, -27.294475350000308 ], [ -55.166043650000042, -27.289608650000321 ], [ -55.153891770000051, -27.29567689000034 ], [ -55.151640020000045, -27.287448450000316 ], [ -55.139160370000042, -27.284669300000324 ], [ -55.14356265000005, -27.27867538000034 ], [ -55.135771280000043, -27.285289160000332 ], [ -55.136670500000044, -27.186226160000327 ], [ -55.096729670000045, -27.184196100000314 ] ] ] ] } },
{ "type": "Feature", "properties": { "fid": 369, "gid": 1485, "DEPARTAMENTO": "25 de Mayo", "PROVINCIA": "Misiones" }, "geometry": { "type": "MultiPolygon", "coordinates": [ [ [ [ -54.339994490000045, -27.403824370000315 ], [ -54.338667940000036, -27.462198490000326 ], [ -54.353337310000036, -27.466267370000342 ], [ -54.396453150000049, -27.412693810000313 ], [ -54.413156960000045, -27.406519110000339 ], [ -54.433537050000048, -27.423080160000332 ], [ -54.469871420000047, -27.427720100000329 ], [ -54.466587760000039, -27.441175960000329 ], [ -54.442245870000043, -27.461877270000318 ], [ -54.446350440000053, -27.474155290000322 ], [ -54.504278420000041, -27.481829050000318 ], [ -54.530190750000052, -27.506563540000322 ], [ -54.558886900000054, -27.465010660000324 ], [ -54.581655720000043, -27.453406740000325 ], [ -54.590734970000042, -27.461001880000328 ], [ -54.593872190000042, -27.48382691000031 ], [ -54.622275890000047, -27.542041310000318 ], [ -54.642209700000038, -27.544459940000323 ], [ -54.658681650000041, -27.51091796000032 ], [ -54.669151280000037, -27.505492790000336 ], [ -54.67790769000004, -27.510251710000329 ], [ -54.675766180000032, -27.572879120000326 ], [ -54.74296216000004, -27.562266730000317 ], [ -54.761950260000035, -27.583824640000337 ], [ -54.774466220000036, -27.585109550000318 ], [ -54.785649690000042, -27.576257960000333 ], [ -54.794025390000044, -27.537472740000322 ], [ -54.809366160000039, -27.530940010000325 ], [ -54.828358130000034, -27.560784410000327 ], [ -54.84629776000002, -27.619408970000318 ], [ -54.867230770000049, -27.617109690000312 ], [ -54.870883690000028, -27.612198570000324 ], [ -54.85995018000002, -27.603369510000316 ], [ -54.872551410000042, -27.585667770000335 ], [ -54.851898400000053, -27.56703963000033 ], [ -54.878329370000053, -27.56504987000033 ], [ -54.882606380000048, -27.553830540000337 ], [ -54.859347790000058, -27.551684540000338 ], [ -54.867611390000043, -27.543712250000318 ], [ -54.860117310000049, -27.532612160000323 ], [ -54.878712110000052, -27.52023004000031 ], [ -54.864598790000045, -27.510197530000326 ], [ -54.880560290000041, -27.507806560000333 ], [ -54.882869760000041, -27.495260960000344 ], [ -54.91017382000004, -27.490821750000332 ], [ -54.898836680000052, -27.475405180000319 ], [ -54.916813720000057, -27.471513230000319 ], [ -54.917170560000038, -27.460285480000337 ], [ -54.927747560000043, -27.458239870000341 ], [ -54.925289770000042, -27.437743260000325 ], [ -54.913772730000041, -27.434028340000321 ], [ -54.921408520000035, -27.430779310000336 ], [ -54.915624610000044, -27.42353211000033 ], [ -54.924236350000044, -27.409223690000339 ], [ -54.916075140000039, -27.40934759000033 ], [ -54.916668710000046, -27.393521180000327 ], [ -54.907363330000038, -27.385061870000335 ], [ -54.915060080000046, -27.384135520000328 ], [ -54.91591520000005, -27.365705770000311 ], [ -54.926881950000052, -27.354900280000319 ], [ -54.83418345000004, -27.38721972000031 ], [ -54.820723730000033, -27.385361660000306 ], [ -54.833855010000043, -27.357147400000326 ], [ -54.815637590000058, -27.359438840000308 ], [ -54.82246135000004, -27.345543250000318 ], [ -54.812321580000052, -27.339486680000338 ], [ -54.825847710000048, -27.327665580000335 ], [ -54.814713760000025, -27.33207405000033 ], [ -54.817573630000041, -27.323249640000327 ], [ -54.832764150000045, -27.317440730000328 ], [ -54.81525076000004, -27.312609770000321 ], [ -54.825149100000047, -27.303958470000328 ], [ -54.817570430000046, -27.29705765000034 ], [ -54.834474860000036, -27.27727668000032 ], [ -54.817443760000046, -27.270035860000323 ], [ -54.822375600000044, -27.262886870000322 ], [ -54.833207470000055, -27.264360780000317 ], [ -54.835429790000042, -27.248260150000306 ], [ -54.701310370000051, -27.215741260000321 ], [ -54.716825320000034, -27.162999020000338 ], [ -54.609328060000045, -27.163534670000328 ], [ -54.612920190000033, -27.168596340000324 ], [ -54.602651220000041, -27.178947550000338 ], [ -54.615924680000049, -27.183859940000339 ], [ -54.619691270000033, -27.196700790000335 ], [ -54.612242760000044, -27.203628850000328 ], [ -54.623715060000045, -27.204084400000333 ], [ -54.626143940000048, -27.211576800000326 ], [ -54.603472780000047, -27.213336840000331 ], [ -54.612562790000048, -27.220586180000321 ], [ -54.604175650000045, -27.224665560000314 ], [ -54.592773010000037, -27.219452820000331 ], [ -54.605237360000032, -27.23946700000031 ], [ -54.581621740000038, -27.25336630000033 ], [ -54.598979560000039, -27.260768460000318 ], [ -54.584097190000051, -27.275119480000313 ], [ -54.351836970000036, -27.232866330000324 ], [ -54.358151170000035, -27.245460470000339 ], [ -54.347543740000042, -27.25347915000032 ], [ -54.363747480000036, -27.252643470000312 ], [ -54.347668320000018, -27.264238310000337 ], [ -54.350687830000041, -27.278392700000321 ], [ -54.322061140000038, -27.297966060000327 ], [ -54.331690860000052, -27.298920860000319 ], [ -54.327236960000036, -27.309623800000349 ], [ -54.313502730000039, -27.311964610000327 ], [ -54.321059950000034, -27.328087450000339 ], [ -54.310173580000047, -27.339553710000324 ], [ -54.315954760000039, -27.353574060000312 ], [ -54.307369510000044, -27.362591610000337 ], [ -54.294613180000027, -27.361757640000345 ], [ -54.307748200000042, -27.373456880000322 ], [ -54.320585170000037, -27.373637930000331 ], [ -54.308024550000034, -27.383205710000336 ], [ -54.287341750000039, -27.383541210000331 ], [ -54.31576369000004, -27.391951490000324 ], [ -54.305593590000043, -27.400872940000344 ], [ -54.294926160000038, -27.398760330000318 ], [ -54.295529900000041, -27.412289130000318 ], [ -54.31907228000005, -27.413541880000317 ], [ -54.339994490000045, -27.403824370000315 ] ] ] ] } },
{ "type": "Feature", "properties": { "fid": 370, "gid": 1486, "DEPARTAMENTO": "Leandro N. Alem", "PROVINCIA": "Misiones" }, "geometry": { "type": "MultiPolygon", "coordinates": [ [ [ [ -55.354671140000058, -27.458373940000332 ], [ -55.331260730000032, -27.465946320000349 ], [ -55.336508820000049, -27.476606210000323 ], [ -55.33134673000005, -27.47934953000032 ], [ -55.324532790000049, -27.473342030000321 ], [ -55.312902120000047, -27.47798770000032 ], [ -55.314888090000053, -27.467162010000319 ], [ -55.301949010000051, -27.465017620000314 ], [ -55.289808060000048, -27.472910580000335 ], [ -55.280375980000045, -27.499727330000312 ], [ -55.260225440000049, -27.512046440000329 ], [ -55.227061650000053, -27.515421080000312 ], [ -55.253677550000049, -27.521673540000315 ], [ -55.23640834000004, -27.545571160000332 ], [ -55.258177080000046, -27.561772570000333 ], [ -55.183546570000047, -27.612773610000335 ], [ -55.182891140000045, -27.621942440000328 ], [ -55.172957240000045, -27.616390840000335 ], [ -55.165836070000047, -27.698181560000322 ], [ -55.191469820000052, -27.70022118000032 ], [ -55.188574040000034, -27.732885480000327 ], [ -55.273127040000048, -27.744749760000307 ], [ -55.290625720000058, -27.732994590000313 ], [ -55.331672470000044, -27.78535934000033 ], [ -55.502563160000044, -27.762743730000309 ], [ -55.495349790000049, -27.70905536000032 ], [ -55.61845718000005, -27.696554820000316 ], [ -55.612690110000038, -27.645281680000327 ], [ -55.658328690000047, -27.639919630000339 ], [ -55.662268640000043, -27.620931000000311 ], [ -55.641670330000053, -27.627605060000324 ], [ -55.56109753000004, -27.57490426000032 ], [ -55.577765420000055, -27.551086450000327 ], [ -55.517184180000058, -27.51616877000032 ], [ -55.50040357000006, -27.539319990000319 ], [ -55.354671140000058, -27.458373940000332 ] ] ] ] } },
{ "type": "Feature", "properties": { "fid": 371, "gid": 1487, "DEPARTAMENTO": "San Javier", "PROVINCIA": "Misiones" }, "geometry": { "type": "MultiPolygon", "coordinates": [ [ [ [ -55.076017050000033, -27.618505200000335 ], [ -55.03665205000005, -27.661458850000322 ], [ -55.029641910000052, -27.687192310000331 ], [ -55.019402380000045, -27.693531420000326 ], [ -55.02244525000004, -27.711187470000322 ], [ -55.005165560000044, -27.739305850000335 ], [ -54.976288670000038, -27.759302100000326 ], [ -54.978019330000045, -27.770755560000318 ], [ -54.992776900000052, -27.775651750000325 ], [ -55.00827711000003, -27.797621760000325 ], [ -55.02449193000006, -27.79463861000032 ], [ -55.055930570000044, -27.770048760000318 ], [ -55.083936360000045, -27.785968450000325 ], [ -55.083041790000053, -27.797054240000339 ], [ -55.028735420000039, -27.828052520000309 ], [ -55.02626078000003, -27.850467040000318 ], [ -55.039913030000044, -27.857458820000328 ], [ -55.088555070000055, -27.842329290000325 ], [ -55.115871290000044, -27.850467040000339 ], [ -55.126672990000053, -27.862902230000312 ], [ -55.125912610000043, -27.891013060000311 ], [ -55.134383490000047, -27.896152690000324 ], [ -55.171451020000049, -27.861077050000322 ], [ -55.197201260000043, -27.857129530000321 ], [ -55.228415660000053, -27.88094331000033 ], [ -55.264206880000053, -27.928894080000308 ], [ -55.279007130000039, -27.932653630000338 ], [ -55.316665440000044, -27.922600270000302 ], [ -55.37115679000005, -27.776801560000315 ], [ -55.331672470000044, -27.78535934000033 ], [ -55.290625720000058, -27.732994590000313 ], [ -55.273127040000048, -27.744749760000307 ], [ -55.188574040000034, -27.732885480000327 ], [ -55.191469820000052, -27.70022118000032 ], [ -55.165836070000047, -27.698181560000322 ], [ -55.172253360000049, -27.625348780000316 ], [ -55.076017050000033, -27.618505200000335 ] ] ] ] } },
{ "type": "Feature", "properties": { "fid": 372, "gid": 1488, "DEPARTAMENTO": "Concepción", "PROVINCIA": "Misiones" }, "geometry": { "type": "MultiPolygon", "coordinates": [ [ [ [ -55.332211880000045, -27.932701220000308 ], [ -55.341634550000052, -27.968535900000315 ], [ -55.383560650000049, -27.981194630000306 ], [ -55.370462140000051, -28.02845277000031 ], [ -55.422780550000056, -28.06097440000033 ], [ -55.444975550000045, -28.097208400000319 ], [ -55.461060550000049, -28.097413850000322 ], [ -55.491252370000041, -28.077172800000312 ], [ -55.513098510000042, -28.113873380000328 ], [ -55.540087870000058, -28.122848000000317 ], [ -55.553168630000044, -28.161652950000317 ], [ -55.565541830000051, -28.162699920000314 ], [ -55.587765990000065, -28.146138870000325 ], [ -55.583570040000048, -28.12558877000032 ], [ -55.591245400000048, -28.104512260000323 ], [ -55.578765030000056, -28.106676220000317 ], [ -55.562176970000053, -28.082599700000316 ], [ -55.56661275000004, -28.064171750000337 ], [ -55.554973660000044, -28.039650360000312 ], [ -55.565385970000051, -27.964177900000315 ], [ -55.578326240000052, -27.945112970000324 ], [ -55.632965280000057, -27.944321030000314 ], [ -55.557370120000044, -27.834721850000317 ], [ -55.524315120000033, -27.76112281000032 ], [ -55.37115679000005, -27.776801560000315 ], [ -55.316665440000044, -27.922600270000302 ], [ -55.332211880000045, -27.932701220000308 ] ] ] ] } },
{ "type": "Feature", "properties": { "fid": 373, "gid": 1489, "DEPARTAMENTO": "Apóstoles", "PROVINCIA": "Misiones" }, "geometry": { "type": "MultiPolygon", "coordinates": [ [ [ [ -55.774951940000051, -27.690393300000327 ], [ -55.75314390000004, -27.716993690000326 ], [ -55.724968660000052, -27.715946770000322 ], [ -55.703635120000065, -27.744338260000308 ], [ -55.670075410000052, -27.750423910000315 ], [ -55.664351140000051, -27.710762710000328 ], [ -55.62222126000006, -27.714277550000325 ], [ -55.61845718000005, -27.696554820000316 ], [ -55.495349790000049, -27.70905536000032 ], [ -55.502563160000044, -27.762743730000309 ], [ -55.524315120000033, -27.76112281000032 ], [ -55.557370120000044, -27.834721850000317 ], [ -55.632965280000057, -27.944321030000314 ], [ -55.578326240000052, -27.945112970000324 ], [ -55.565385970000051, -27.964177900000315 ], [ -55.555562860000052, -28.024972030000328 ], [ -55.56661275000004, -28.064171750000337 ], [ -55.562176970000053, -28.082599700000316 ], [ -55.578765030000056, -28.106676220000317 ], [ -55.591245400000048, -28.104512260000323 ], [ -55.588198630000051, -28.118688430000311 ], [ -55.611608190000055, -28.118489530000314 ], [ -55.62023667000004, -28.137543990000324 ], [ -55.643238660000051, -28.131407170000315 ], [ -55.693707030000041, -28.089924840000315 ], [ -55.712420300000041, -28.088317510000312 ], [ -55.716717600000052, -28.061267800000305 ], [ -55.73056935000006, -28.066539460000339 ], [ -55.75802505000005, -28.060809750000324 ], [ -55.749426580000048, -28.027099900000323 ], [ -55.761039820000057, -28.021934120000324 ], [ -55.761597600000044, -28.012726830000314 ], [ -55.776080400000055, -28.009067180000322 ], [ -55.776935570000049, -27.993357230000335 ], [ -55.803571500000054, -27.97258172000031 ], [ -55.809409510000052, -27.954584660000322 ], [ -55.824391780000049, -27.948446840000312 ], [ -55.813590220000052, -27.921022370000323 ], [ -55.831762160000046, -27.904132950000346 ], [ -55.836026160000053, -27.889367210000309 ], [ -55.82712340000004, -27.85459733000032 ], [ -55.846303050000053, -27.832436220000321 ], [ -55.837179790000064, -27.822136240000333 ], [ -55.836038960000039, -27.799861380000316 ], [ -55.825536690000035, -27.79165584000032 ], [ -55.851176860000052, -27.757854560000318 ], [ -55.802334740000049, -27.746345820000329 ], [ -55.803481200000057, -27.737411430000321 ], [ -55.79510260000005, -27.741849400000309 ], [ -55.779523680000025, -27.733040110000349 ], [ -55.783268760000048, -27.714258450000312 ], [ -55.774951940000051, -27.690393300000327 ] ] ] ] } },
{ "type": "Feature", "properties": { "fid": 374, "gid": 1490, "DEPARTAMENTO": "Guaraní", "PROVINCIA": "Misiones" }, "geometry": { "type": "MultiPolygon", "coordinates": [ [ [ [ -54.187884150000045, -26.666931690000332 ], [ -54.216100020000034, -26.698977810000329 ], [ -54.241240630000043, -26.703052130000316 ], [ -54.241738070000046, -26.724983560000325 ], [ -54.264914040000043, -26.746646500000331 ], [ -54.248641750000033, -26.767576360000326 ], [ -54.252376530000042, -26.779400070000328 ], [ -54.235696390000044, -26.787803730000324 ], [ -54.239362320000026, -26.804500110000333 ], [ -54.139199610000041, -26.747947260000327 ], [ -54.132149360000035, -26.754598120000335 ], [ -54.140275040000034, -26.753624410000327 ], [ -54.14088346000004, -26.763095520000334 ], [ -54.132962450000051, -26.760874790000329 ], [ -54.134181300000044, -26.768069940000352 ], [ -54.123330180000046, -26.772978670000334 ], [ -54.135023830000051, -26.785859580000324 ], [ -54.128827540000039, -26.798908880000315 ], [ -54.119303380000041, -26.800004890000331 ], [ -54.127321360000039, -26.809601650000324 ], [ -54.098462150000039, -26.815603680000354 ], [ -54.10505028000005, -26.820472060000327 ], [ -54.103516090000049, -26.840355040000322 ], [ -54.094308240000053, -26.846482870000322 ], [ -54.086423380000035, -26.841227000000316 ], [ -54.083860580000042, -26.849826520000317 ], [ -54.096933050000025, -26.862309570000345 ], [ -54.075708570000046, -26.870078720000325 ], [ -54.076253670000042, -26.889773250000339 ], [ -54.064050350000045, -26.875848290000324 ], [ -54.05749356000004, -26.883899630000322 ], [ -54.047373860000036, -26.881897590000328 ], [ -54.049392850000039, -26.902843930000348 ], [ -54.033539550000043, -26.897729930000331 ], [ -54.03509330000005, -26.910526170000331 ], [ -54.022063860000053, -26.903148290000324 ], [ -54.020175750000028, -26.920882000000322 ], [ -54.007012310000043, -26.93333342000032 ], [ -54.015776980000034, -26.940271990000326 ], [ -54.029938310000041, -26.936081730000321 ], [ -54.034541060000031, -26.943616420000339 ], [ -54.021937440000045, -26.948280670000319 ], [ -54.013681650000031, -26.962544620000333 ], [ -54.016254120000042, -26.979935510000324 ], [ -54.02796848000002, -26.981359780000318 ], [ -54.019642350000019, -26.992603360000327 ], [ -53.996637670000027, -26.983400220000338 ], [ -54.004683400000033, -26.993066330000328 ], [ -53.993967250000047, -27.001557080000335 ], [ -53.996801090000019, -27.009173260000338 ], [ -54.018665060000039, -27.008519280000332 ], [ -54.003441810000041, -27.025710960000339 ], [ -53.975931100000032, -27.019101490000342 ], [ -53.978901290000046, -27.028538200000341 ], [ -53.966669850000052, -27.034120920000319 ], [ -53.96710166000004, -27.051852370000319 ], [ -53.936133510000033, -27.035488480000325 ], [ -53.934404630000039, -27.051435900000349 ], [ -53.945049960000034, -27.064222080000345 ], [ -53.924199380000033, -27.060297410000317 ], [ -53.920322350000028, -27.043757680000333 ], [ -53.907987310000046, -27.070007580000315 ], [ -53.900939230000041, -27.070437590000314 ], [ -53.893225160000028, -27.054875640000336 ], [ -53.884205560000048, -27.058049620000347 ], [ -53.902123810000042, -27.079508170000324 ], [ -53.888826990000034, -27.091962780000319 ], [ -53.907861200000028, -27.09652473000034 ], [ -53.875499760000039, -27.109946270000329 ], [ -53.889540550000035, -27.120656510000327 ], [ -53.903813650000032, -27.116386460000331 ], [ -53.914231320000042, -27.125849500000328 ], [ -53.924181800000035, -27.123391000000343 ], [ -53.896352730000032, -27.135751670000328 ], [ -53.912787220000034, -27.148301460000326 ], [ -53.933539710000041, -27.142282670000345 ], [ -53.933631880000021, -27.156266690000336 ], [ -53.955390350000037, -27.15523442000033 ], [ -53.962720630000042, -27.197608800000332 ], [ -54.008431400000035, -27.199287180000319 ], [ -54.020053450000049, -27.246754850000329 ], [ -54.055134310000035, -27.263660610000315 ], [ -54.080431840000045, -27.298182880000336 ], [ -54.101817470000029, -27.303181460000342 ], [ -54.154120380000045, -27.296880270000337 ], [ -54.157251880000047, -27.261841930000333 ], [ -54.16763823000003, -27.253097410000315 ], [ -54.176989510000041, -27.257665970000339 ], [ -54.186340790000045, -27.266624650000331 ], [ -54.193229330000044, -27.309740480000318 ], [ -54.211628960000027, -27.345770630000327 ], [ -54.214751560000032, -27.383515670000332 ], [ -54.262792870000048, -27.398756110000317 ], [ -54.267789740000048, -27.437053540000331 ], [ -54.289347660000026, -27.447903880000318 ], [ -54.319423630000045, -27.411056460000321 ], [ -54.295529900000041, -27.412289130000318 ], [ -54.294926160000038, -27.398760330000318 ], [ -54.305593590000043, -27.400872940000344 ], [ -54.31576369000004, -27.391951490000324 ], [ -54.287341750000039, -27.383541210000331 ], [ -54.308024550000034, -27.383205710000336 ], [ -54.320585170000037, -27.373637930000331 ], [ -54.307748200000042, -27.373456880000322 ], [ -54.294613180000027, -27.361757640000345 ], [ -54.307369510000044, -27.362591610000337 ], [ -54.315954760000039, -27.353574060000312 ], [ -54.310173580000047, -27.339553710000324 ], [ -54.321059950000034, -27.328087450000339 ], [ -54.313502730000039, -27.311964610000327 ], [ -54.327236960000036, -27.309623800000349 ], [ -54.331690860000052, -27.298920860000319 ], [ -54.322061140000038, -27.297966060000327 ], [ -54.350687830000041, -27.278392700000321 ], [ -54.347668320000018, -27.264238310000337 ], [ -54.363747480000036, -27.252643470000312 ], [ -54.347543740000042, -27.25347915000032 ], [ -54.358151170000035, -27.245460470000339 ], [ -54.351836970000036, -27.232866330000324 ], [ -54.512488950000048, -27.261291210000319 ], [ -54.515685470000051, -27.253864260000324 ], [ -54.50713353000004, -27.247866430000311 ], [ -54.522001520000032, -27.24793215000031 ], [ -54.52543898000004, -27.234551950000309 ], [ -54.510964970000046, -27.22538427000033 ], [ -54.527468400000039, -27.226246150000328 ], [ -54.528902730000048, -27.21937347000032 ], [ -54.518407880000034, -27.223480530000334 ], [ -54.528309800000045, -27.20601456000032 ], [ -54.504297450000045, -27.192461360000319 ], [ -54.513447080000041, -27.175894850000336 ], [ -54.493886680000053, -27.176412620000331 ], [ -54.50304334000004, -27.155261830000313 ], [ -54.489957390000043, -27.153424280000337 ], [ -54.49447933000004, -27.149276710000322 ], [ -54.486087990000044, -27.14114336000031 ], [ -54.495610960000036, -27.131490670000311 ], [ -54.486664700000041, -27.129573620000329 ], [ -54.492882130000041, -27.119756270000323 ], [ -54.486478960000056, -27.117348910000327 ], [ -54.498949160000038, -27.090774790000332 ], [ -54.541880550000037, -27.091309770000347 ], [ -54.612878960000053, -26.933421210000322 ], [ -54.565880900000053, -26.914178430000334 ], [ -54.568314620000052, -26.894651890000326 ], [ -54.523917990000037, -26.853974130000328 ], [ -54.543759270000045, -26.83188469000034 ], [ -54.473210880000025, -26.776323340000332 ], [ -54.434401670000042, -26.731080530000316 ], [ -54.426107070000043, -26.736242430000331 ], [ -54.403124960000028, -26.71374667000034 ], [ -54.266863200000053, -26.639534840000312 ], [ -54.187884150000045, -26.666931690000332 ] ] ] ] } },
{ "type": "Feature", "properties": { "fid": 375, "gid": 1491, "DEPARTAMENTO": "San Pedro", "PROVINCIA": "Misiones" }, "geometry": { "type": "MultiPolygon", "coordinates": [ [ [ [ -53.953184620000044, -26.219596630000332 ], [ -53.947365110000035, -26.237111500000342 ], [ -53.886682470000032, -26.247385160000317 ], [ -53.88205710000004, -26.280622300000317 ], [ -53.890208290000032, -26.283685240000324 ], [ -53.876365510000042, -26.298152850000328 ], [ -53.87408011000003, -26.317699880000344 ], [ -53.88157293000004, -26.328516760000344 ], [ -53.871065730000034, -26.34109780000033 ], [ -53.845126460000039, -26.339833900000322 ], [ -53.84624428000005, -26.346342620000325 ], [ -53.836727270000047, -26.34624263000034 ], [ -53.830003260000041, -26.334427380000321 ], [ -53.747381880000042, -26.33466619000033 ], [ -53.770765280000035, -26.388274420000329 ], [ -53.719701810000046, -26.468430410000323 ], [ -53.706951430000032, -26.481416180000334 ], [ -53.695850050000033, -26.475242670000348 ], [ -53.695841730000041, -26.489989380000338 ], [ -53.708975760000037, -26.501118720000321 ], [ -53.704871190000034, -26.508875760000322 ], [ -53.729415330000045, -26.501320970000343 ], [ -53.726827660000048, -26.525383270000315 ], [ -53.716863670000052, -26.527572370000321 ], [ -53.724882450000045, -26.532908320000317 ], [ -53.722764730000037, -26.542057340000344 ], [ -53.741810530000045, -26.544480230000339 ], [ -53.725280030000043, -26.554352970000327 ], [ -53.736058190000037, -26.566579470000335 ], [ -53.714339660000029, -26.556425120000327 ], [ -53.707496920000033, -26.560398230000345 ], [ -53.722172250000035, -26.562069800000359 ], [ -53.724629040000046, -26.589029090000338 ], [ -53.732891720000033, -26.586661530000328 ], [ -53.729239250000028, -26.60718438000033 ], [ -53.735491280000033, -26.609659020000315 ], [ -53.729316580000045, -26.62024762000032 ], [ -53.732925630000032, -26.630675010000321 ], [ -53.740807590000038, -26.629895740000322 ], [ -53.739659500000037, -26.643750150000326 ], [ -53.751116610000032, -26.635184090000322 ], [ -53.75954287000004, -26.641217810000342 ], [ -53.734873810000039, -26.645423510000313 ], [ -53.725944880000043, -26.658849620000346 ], [ -53.722024720000036, -26.648391890000326 ], [ -53.718681580000037, -26.667195580000321 ], [ -53.726640870000033, -26.667094450000334 ], [ -53.731697230000044, -26.677748490000322 ], [ -53.716593600000053, -26.682138590000324 ], [ -53.728615830000038, -26.692144230000338 ], [ -53.742874750000041, -26.680223130000314 ], [ -53.732706860000036, -26.701369930000322 ], [ -53.734314640000044, -26.716640780000315 ], [ -53.747443310000037, -26.71963890000033 ], [ -53.754115270000021, -26.709745110000341 ], [ -53.757954190000035, -26.720287230000341 ], [ -53.742722410000056, -26.731084120000318 ], [ -53.75009874000002, -26.740706650000323 ], [ -53.735698240000019, -26.740830390000333 ], [ -53.731757850000051, -26.730893760000335 ], [ -53.714102250000039, -26.750690870000337 ], [ -53.728759730000029, -26.765177030000331 ], [ -53.743540940000031, -26.76385405000034 ], [ -53.730215960000024, -26.77380972000033 ], [ -53.715986790000045, -26.773105400000333 ], [ -53.713397930000028, -26.766214480000322 ], [ -53.698788040000032, -26.769517170000341 ], [ -53.717043270000033, -26.782109280000334 ], [ -53.708639010000041, -26.798099250000327 ], [ -53.700187170000035, -26.797899380000327 ], [ -53.698121790000044, -26.814317660000356 ], [ -53.710799560000034, -26.811310020000342 ], [ -53.688413590000032, -26.83776963000032 ], [ -53.694809580000033, -26.84698290000032 ], [ -53.679124180000031, -26.842490480000325 ], [ -53.660012350000045, -26.860012830000336 ], [ -53.696656040000029, -26.859175260000324 ], [ -53.679971260000038, -26.869730550000323 ], [ -53.69560908000004, -26.886891220000322 ], [ -53.670891240000039, -26.894667300000336 ], [ -53.67939068000004, -26.902433860000336 ], [ -53.672671080000043, -26.912951080000326 ], [ -53.69685592000004, -26.929217070000327 ], [ -53.672652040000038, -26.945625840000329 ], [ -53.708562870000044, -26.933747570000332 ], [ -53.703175770000037, -26.960178620000335 ], [ -53.712046400000041, -26.96542295000032 ], [ -53.726075700000038, -26.958817570000338 ], [ -53.736954600000026, -26.974303100000338 ], [ -53.717852280000045, -26.990188380000337 ], [ -53.743569500000049, -26.991968220000317 ], [ -53.731738820000025, -27.004389010000327 ], [ -53.740333430000028, -27.014601650000323 ], [ -53.752709010000025, -27.004967210000331 ], [ -53.763523660000047, -27.008393640000332 ], [ -53.747248140000046, -27.032176350000338 ], [ -53.759383400000026, -27.034246480000331 ], [ -53.763999550000044, -27.045358570000342 ], [ -53.785569360000039, -27.026346670000326 ], [ -53.776277570000026, -27.049867640000333 ], [ -53.759430990000034, -27.064299080000318 ], [ -53.77035271000004, -27.066928380000324 ], [ -53.802296980000044, -27.040314110000335 ], [ -53.797014570000037, -27.060063640000322 ], [ -53.771697110000034, -27.073626560000335 ], [ -53.78171464000004, -27.078754300000327 ], [ -53.797395290000026, -27.066083670000349 ], [ -53.805402170000043, -27.078611530000341 ], [ -53.776348950000035, -27.103429310000333 ], [ -53.795432230000024, -27.110365440000326 ], [ -53.81191, -27.09783758000032 ], [ -53.818643870000045, -27.102156300000331 ], [ -53.804438490000052, -27.12266725000033 ], [ -53.824521140000037, -27.126676650000338 ], [ -53.824692460000044, -27.132358800000311 ], [ -53.817953830000036, -27.13998259000034 ], [ -53.799037110000036, -27.136556170000325 ], [ -53.798266170000041, -27.145836070000311 ], [ -53.827933290000033, -27.145745650000336 ], [ -53.836927650000042, -27.154168940000321 ], [ -53.836695880000043, -27.169661150000341 ], [ -53.861240980000034, -27.128504070000332 ], [ -53.873404790000045, -27.125934250000341 ], [ -53.882427700000044, -27.131073890000334 ], [ -53.897446860000045, -27.169963800000314 ], [ -53.910634030000026, -27.176806730000315 ], [ -53.933631880000021, -27.156266690000336 ], [ -53.934267870000042, -27.144652640000313 ], [ -53.910819440000033, -27.14768157000033 ], [ -53.896226420000048, -27.13380312000033 ], [ -53.919031460000035, -27.130666200000309 ], [ -53.924181800000035, -27.123391000000343 ], [ -53.914231320000042, -27.125849500000328 ], [ -53.903813650000032, -27.116386460000331 ], [ -53.889540550000035, -27.120656510000327 ], [ -53.875690730000024, -27.110977980000342 ], [ -53.907861200000028, -27.09652473000034 ], [ -53.888826990000034, -27.091962780000319 ], [ -53.902123810000042, -27.079508170000324 ], [ -53.884205560000048, -27.058049620000347 ], [ -53.893225160000028, -27.054875640000336 ], [ -53.900939230000041, -27.070437590000314 ], [ -53.907987310000046, -27.070007580000315 ], [ -53.920322350000028, -27.043757680000333 ], [ -53.924199380000033, -27.060297410000317 ], [ -53.945049960000034, -27.064222080000345 ], [ -53.934404630000039, -27.051435900000349 ], [ -53.936133510000033, -27.035488480000325 ], [ -53.965442440000032, -27.052170830000328 ], [ -53.966669850000052, -27.034120920000319 ], [ -53.978901290000046, -27.028538200000341 ], [ -53.975931100000032, -27.019101490000342 ], [ -54.00522356000004, -27.025130600000317 ], [ -54.018988800000059, -27.00735872000033 ], [ -53.996801090000019, -27.009173260000338 ], [ -53.993967250000047, -27.001557080000335 ], [ -54.004683400000033, -26.993066330000328 ], [ -53.996637670000027, -26.983400220000338 ], [ -54.019642350000019, -26.992603360000327 ], [ -54.02796848000002, -26.981359780000318 ], [ -54.016254120000042, -26.979935510000324 ], [ -54.013681650000031, -26.962544620000333 ], [ -54.021937440000045, -26.948280670000319 ], [ -54.034541060000031, -26.943616420000339 ], [ -54.029938310000041, -26.936081730000321 ], [ -54.015776980000034, -26.940271990000326 ], [ -54.007012310000043, -26.93333342000032 ], [ -54.020175750000028, -26.920882000000322 ], [ -54.022063860000053, -26.903148290000324 ], [ -54.03509330000005, -26.910526170000331 ], [ -54.033539550000043, -26.897729930000331 ], [ -54.049392850000039, -26.902843930000348 ], [ -54.047373860000036, -26.881897590000328 ], [ -54.05749356000004, -26.883899630000322 ], [ -54.064050350000045, -26.875848290000324 ], [ -54.076253670000042, -26.889773250000339 ], [ -54.075708570000046, -26.870078720000325 ], [ -54.096933050000025, -26.862309570000345 ], [ -54.083860580000042, -26.849826520000317 ], [ -54.086423380000035, -26.841227000000316 ], [ -54.094308240000053, -26.846482870000322 ], [ -54.103516090000049, -26.840355040000322 ], [ -54.10505028000005, -26.820472060000327 ], [ -54.098462150000039, -26.815603680000354 ], [ -54.127321360000039, -26.809601650000324 ], [ -54.119303380000041, -26.800004890000331 ], [ -54.128827540000039, -26.798908880000315 ], [ -54.135023830000051, -26.785859580000324 ], [ -54.123330180000046, -26.772978670000334 ], [ -54.134181300000044, -26.768069940000352 ], [ -54.132962450000051, -26.760874790000329 ], [ -54.14088346000004, -26.763095520000334 ], [ -54.140275040000034, -26.753624410000327 ], [ -54.132149360000035, -26.754598120000335 ], [ -54.139199610000041, -26.747947260000327 ], [ -54.239362320000026, -26.804500110000333 ], [ -54.235696390000044, -26.787803730000324 ], [ -54.252376530000042, -26.779400070000328 ], [ -54.248641750000033, -26.767576360000326 ], [ -54.264914040000043, -26.746646500000331 ], [ -54.241738070000046, -26.724983560000325 ], [ -54.241240630000043, -26.703052130000316 ], [ -54.216100020000034, -26.698977810000329 ], [ -54.187884150000045, -26.666931690000332 ], [ -54.26994706000005, -26.638463940000324 ], [ -54.264614480000049, -26.449406560000327 ], [ -54.174104290000038, -26.450388620000325 ], [ -54.169385480000059, -26.267973010000322 ], [ -53.986863750000026, -26.268129350000333 ], [ -53.986701220000029, -26.216688950000361 ], [ -53.953184620000044, -26.219596630000332 ] ] ] ] } },
{ "type": "Feature", "properties": { "fid": 376, "gid": 1492, "DEPARTAMENTO": "Iguazú", "PROVINCIA": "Misiones" }, "geometry": { "type": "MultiPolygon", "coordinates": [ [ [ [ -54.166711820000046, -25.542874890000327 ], [ -54.162528320000035, -25.697877850000342 ], [ -54.196582770000049, -26.103448420000326 ], [ -54.153702160000044, -26.117985710000337 ], [ -54.153232560000049, -26.142690370000331 ], [ -54.321082270000034, -26.142380570000334 ], [ -54.432632640000037, -26.121427580000333 ], [ -54.43431826000004, -26.153952690000331 ], [ -54.438176600000041, -26.147614220000342 ], [ -54.452400480000037, -26.149389570000345 ], [ -54.455838710000045, -26.12745628000032 ], [ -54.463987980000041, -26.126410770000337 ], [ -54.476200010000035, -26.149890440000334 ], [ -54.48533695000004, -26.142074430000324 ], [ -54.484951760000044, -26.156305000000312 ], [ -54.501451710000048, -26.15008412000034 ], [ -54.513498810000037, -26.156628330000338 ], [ -54.516828490000044, -26.161538300000334 ], [ -54.50805146000004, -26.165520230000329 ], [ -54.518255050000036, -26.165678660000342 ], [ -54.518712380000046, -26.173241920000336 ], [ -54.531310130000051, -26.160918750000338 ], [ -54.525924080000046, -26.154340460000341 ], [ -54.545858610000039, -26.15984867000034 ], [ -54.539701870000044, -26.148551270000333 ], [ -54.546316780000041, -26.141141450000333 ], [ -54.563164910000047, -26.143944510000342 ], [ -54.569764100000043, -26.137834050000347 ], [ -54.57219882000004, -26.148616110000344 ], [ -54.586737660000047, -26.132404320000322 ], [ -54.594422770000044, -26.137087890000331 ], [ -54.589008720000052, -26.154594670000328 ], [ -54.60241869000005, -26.150730800000321 ], [ -54.603198860000049, -26.162033500000351 ], [ -54.617858570000053, -26.148673840000331 ], [ -54.623780760000038, -26.165456710000342 ], [ -54.638474010000053, -26.150045830000341 ], [ -54.643451430000034, -26.181173840000326 ], [ -54.654350370000039, -26.180373890000329 ], [ -54.66991205000005, -26.162706390000345 ], [ -54.674088, -26.14286168000033 ], [ -54.64906797000004, -26.116521050000319 ], [ -54.643714180000046, -26.088467210000342 ], [ -54.678727950000052, -26.012907420000342 ], [ -54.678799330000032, -25.994740240000347 ], [ -54.664308420000033, -25.980677620000332 ], [ -54.623726710000042, -25.985388960000336 ], [ -54.610734850000028, -25.977786580000338 ], [ -54.606737360000039, -25.960987580000335 ], [ -54.620157520000042, -25.940000740000318 ], [ -54.622013500000051, -25.912398990000323 ], [ -54.586718890000043, -25.830620230000346 ], [ -54.631169200000052, -25.765533090000321 ], [ -54.636002730000044, -25.732318310000331 ], [ -54.657510060000043, -25.687565040000319 ], [ -54.655242220000041, -25.670379650000342 ], [ -54.637792750000038, -25.659828890000323 ], [ -54.602131730000053, -25.669176230000343 ], [ -54.583673910000044, -25.666262800000325 ], [ -54.596390050000046, -25.625319110000323 ], [ -54.594924570000039, -25.597435300000342 ], [ -54.55533235000005, -25.587702850000337 ], [ -54.53494513000004, -25.598624580000319 ], [ -54.537557780000043, -25.618026700000332 ], [ -54.527678260000044, -25.628320250000325 ], [ -54.500018080000039, -25.614583640000323 ], [ -54.468829430000042, -25.637186120000337 ], [ -54.444993050000029, -25.665980000000321 ], [ -54.439305080000047, -25.689910220000332 ], [ -54.428923360000049, -25.694064780000332 ], [ -54.424760120000045, -25.657993480000336 ], [ -54.394837950000046, -25.637552850000336 ], [ -54.390979190000053, -25.605329820000328 ], [ -54.382441190000058, -25.596331890000339 ], [ -54.347343670000051, -25.606058010000336 ], [ -54.328387090000035, -25.571480510000338 ], [ -54.288416780000048, -25.555730490000347 ], [ -54.250519400000044, -25.597716080000332 ], [ -54.235171880000046, -25.593040440000326 ], [ -54.236541550000041, -25.568210060000325 ], [ -54.230555720000034, -25.563011640000344 ], [ -54.181153350000038, -25.585521340000344 ], [ -54.174672650000055, -25.572779720000351 ], [ -54.205004880000054, -25.557774000000339 ], [ -54.207636750000042, -25.54379749000033 ], [ -54.19396224000004, -25.534556020000334 ], [ -54.166711820000046, -25.542874890000327 ] ] ] ] } },
{ "type": "Feature", "properties": { "fid": 377, "gid": 1493, "DEPARTAMENTO": "General Manuel Belgrano", "PROVINCIA": "Misiones" }, "geometry": { "type": "MultiPolygon", "coordinates": [ [ [ [ -54.097049070000033, -25.618988360000326 ], [ -54.088854910000052, -25.609567370000349 ], [ -54.081094860000043, -25.55824972000034 ], [ -54.049077460000035, -25.585373470000327 ], [ -54.01636269000003, -25.563654940000355 ], [ -53.970143760000028, -25.601016560000339 ], [ -53.978109110000034, -25.610289820000354 ], [ -53.965440990000033, -25.612692820000341 ], [ -53.962259180000032, -25.643476920000349 ], [ -53.951731760000037, -25.647056940000319 ], [ -53.947683750000046, -25.640211210000324 ], [ -53.944639230000035, -25.631392920000337 ], [ -53.954089850000031, -25.623861290000335 ], [ -53.947846740000053, -25.611475200000324 ], [ -53.932799170000038, -25.62261023000034 ], [ -53.916624720000044, -25.616216250000356 ], [ -53.92131738000004, -25.629896910000323 ], [ -53.912177970000037, -25.636323520000339 ], [ -53.892591840000051, -25.622287470000323 ], [ -53.894968760000033, -25.643188360000334 ], [ -53.87641392000004, -25.645103050000348 ], [ -53.889993500000045, -25.661277480000319 ], [ -53.876199530000036, -25.65417935000033 ], [ -53.862377240000043, -25.658668200000349 ], [ -53.856905670000039, -25.683103680000354 ], [ -53.842548530000037, -25.687295140000334 ], [ -53.855263250000029, -25.691596570000357 ], [ -53.851491800000041, -25.706188620000322 ], [ -53.872322790000027, -25.693424000000338 ], [ -53.865576230000045, -25.705407170000331 ], [ -53.879304130000044, -25.707793560000361 ], [ -53.859014960000046, -25.72334956000034 ], [ -53.866337270000045, -25.744244950000336 ], [ -53.849422860000033, -25.740908520000332 ], [ -53.834108910000033, -25.751332780000329 ], [ -53.857144210000037, -25.766109990000338 ], [ -53.831003450000033, -25.780734160000339 ], [ -53.843300500000041, -25.790656510000325 ], [ -53.822118540000048, -25.793326270000335 ], [ -53.828543090000032, -25.808488190000343 ], [ -53.819563, -25.816178610000346 ], [ -53.83840833000005, -25.815888310000325 ], [ -53.835447090000052, -25.825272910000326 ], [ -53.850081260000053, -25.839601420000349 ], [ -53.834376110000044, -25.850102700000345 ], [ -53.844940920000042, -25.857098320000325 ], [ -53.831784880000036, -25.859204140000333 ], [ -53.83629277000005, -25.869190740000331 ], [ -53.82335802000005, -25.872081780000322 ], [ -53.849898530000047, -25.883774450000331 ], [ -53.819574680000045, -25.898436690000334 ], [ -53.835241050000043, -25.91183306000034 ], [ -53.818801350000037, -25.912606380000341 ], [ -53.820604930000037, -25.927607560000322 ], [ -53.833806230000043, -25.920625160000331 ], [ -53.833177210000045, -25.931375150000317 ], [ -53.84291659000003, -25.933680670000335 ], [ -53.839922220000034, -25.95397247000033 ], [ -53.828082080000037, -25.963639990000328 ], [ -53.836783770000025, -25.970100230000334 ], [ -53.813776760000046, -25.980117760000326 ], [ -53.820039500000043, -25.981902350000347 ], [ -53.81788252000004, -25.989981810000344 ], [ -53.802864160000034, -25.984616520000326 ], [ -53.805113940000034, -25.995603690000348 ], [ -53.780302700000043, -26.008459520000326 ], [ -53.780775030000044, -26.02185398000033 ], [ -53.771639850000035, -26.031510080000338 ], [ -53.756779480000041, -26.032312760000323 ], [ -53.755125310000032, -26.042649620000336 ], [ -53.734549600000044, -26.042611190000333 ], [ -53.726852040000033, -26.064918630000328 ], [ -53.739629750000027, -26.081943680000332 ], [ -53.740641290000035, -26.117790190000331 ], [ -53.710315060000042, -26.130550050000341 ], [ -53.700111110000044, -26.152797220000323 ], [ -53.650596540000045, -26.194355300000328 ], [ -53.653142560000035, -26.205455490000336 ], [ -53.64127222000004, -26.213877780000338 ], [ -53.653529220000046, -26.235002440000333 ], [ -53.637369440000029, -26.249677780000333 ], [ -53.646361100000043, -26.249189980000324 ], [ -53.645307330000051, -26.285590710000317 ], [ -53.673753780000041, -26.323745370000328 ], [ -53.671112580000042, -26.330693390000341 ], [ -53.685829550000044, -26.335404720000319 ], [ -53.689428480000032, -26.353875290000325 ], [ -53.696446110000032, -26.355334490000342 ], [ -53.690057260000039, -26.360022030000341 ], [ -53.701280580000031, -26.366473350000327 ], [ -53.701387660000037, -26.389006840000331 ], [ -53.710048890000031, -26.38765055000033 ], [ -53.696646580000035, -26.40212957000033 ], [ -53.705448800000035, -26.416376000000334 ], [ -53.687347050000042, -26.430837170000327 ], [ -53.687881830000038, -26.44303964000034 ], [ -53.704306060000036, -26.441974830000333 ], [ -53.69857156000004, -26.469689610000334 ], [ -53.704716520000048, -26.463413780000327 ], [ -53.719701810000046, -26.468430410000323 ], [ -53.770765280000035, -26.388274420000329 ], [ -53.747381880000042, -26.33466619000033 ], [ -53.830003260000041, -26.334427380000321 ], [ -53.836727270000047, -26.34624263000034 ], [ -53.84624428000005, -26.346342620000325 ], [ -53.845126460000039, -26.339833900000322 ], [ -53.871065730000034, -26.34109780000033 ], [ -53.88157293000004, -26.328516760000344 ], [ -53.87408011000003, -26.317699880000344 ], [ -53.876365510000042, -26.298152850000328 ], [ -53.890208290000032, -26.283685240000324 ], [ -53.88205710000004, -26.280622300000317 ], [ -53.886682470000032, -26.247385160000317 ], [ -53.946289390000025, -26.237524230000329 ], [ -53.949239070000033, -26.220813230000328 ], [ -53.986701220000029, -26.216688950000361 ], [ -53.986863750000026, -26.268129350000333 ], [ -54.169384930000042, -26.267973000000318 ], [ -54.153702160000044, -26.117985710000337 ], [ -54.196582770000049, -26.103448420000326 ], [ -54.162528320000035, -25.697877850000342 ], [ -54.164317140000044, -25.542343060000338 ], [ -54.12463031000005, -25.504868470000332 ], [ -54.102558110000032, -25.494314740000327 ], [ -54.093630910000044, -25.499742850000331 ], [ -54.093277630000038, -25.51261332000033 ], [ -54.120691250000057, -25.55475491000033 ], [ -54.123582290000044, -25.571637190000331 ], [ -54.097049070000033, -25.618988360000326 ] ] ] ] } },
{ "type": "Feature", "properties": { "fid": 378, "gid": 1494, "DEPARTAMENTO": "Eldorado", "PROVINCIA": "Misiones" }, "geometry": { "type": "MultiPolygon", "coordinates": [ [ [ [ -54.32110571000004, -26.142286710000338 ], [ -54.153231830000038, -26.142690370000324 ], [ -54.168529780000036, -26.215426400000325 ], [ -54.174104290000038, -26.450388620000325 ], [ -54.264614480000049, -26.449406560000327 ], [ -54.265318170000043, -26.486152100000325 ], [ -54.27798393000004, -26.481118740000348 ], [ -54.277241600000032, -26.505095950000328 ], [ -54.296876410000046, -26.486999930000319 ], [ -54.305009990000038, -26.50060655000031 ], [ -54.312360380000037, -26.487732420000341 ], [ -54.329386550000045, -26.494914260000328 ], [ -54.338547920000039, -26.490670920000316 ], [ -54.328618090000049, -26.502259890000328 ], [ -54.349489310000045, -26.504373930000337 ], [ -54.345969970000041, -26.484029800000336 ], [ -54.353218880000057, -26.482007310000341 ], [ -54.35366255000006, -26.492532900000324 ], [ -54.36823683000005, -26.49629616000033 ], [ -54.366974830000039, -26.472763360000318 ], [ -54.38491334000004, -26.506789680000328 ], [ -54.405018820000038, -26.505884870000319 ], [ -54.410219110000028, -26.529027940000351 ], [ -54.413296340000038, -26.497005900000353 ], [ -54.419857030000038, -26.495064080000319 ], [ -54.419203920000051, -26.508798680000332 ], [ -54.427687740000053, -26.513833480000319 ], [ -54.444102320000042, -26.502218390000337 ], [ -54.442841600000044, -26.524451220000323 ], [ -54.456547340000022, -26.511255320000327 ], [ -54.464768810000052, -26.520426510000316 ], [ -54.486342120000032, -26.519741810000315 ], [ -54.481869210000042, -26.511426190000339 ], [ -54.491274390000051, -26.497129600000338 ], [ -54.51572964000006, -26.506941140000336 ], [ -54.526446410000027, -26.485726980000337 ], [ -54.538786660000049, -26.489729250000323 ], [ -54.536088390000032, -26.475348920000329 ], [ -54.554942770000039, -26.48217533000032 ], [ -54.555969880000042, -26.456684840000328 ], [ -54.566614930000043, -26.471039590000327 ], [ -54.585113670000041, -26.466890660000335 ], [ -54.587400660000043, -26.485178810000338 ], [ -54.604595090000039, -26.484797510000327 ], [ -54.60379894000004, -26.503759770000322 ], [ -54.629034780000048, -26.489631440000331 ], [ -54.622157600000044, -26.507961110000338 ], [ -54.630613050000051, -26.512903770000314 ], [ -54.642650850000045, -26.497056370000323 ], [ -54.657546590000059, -26.493867940000335 ], [ -54.65766734000006, -26.475336820000319 ], [ -54.670148300000044, -26.47061488000033 ], [ -54.65741351000004, -26.45636854000033 ], [ -54.67483109000004, -26.461934920000328 ], [ -54.707955500000047, -26.451551590000332 ], [ -54.698358500000047, -26.428289930000339 ], [ -54.696645290000049, -26.37771449000034 ], [ -54.647568910000047, -26.311470290000329 ], [ -54.649353500000046, -26.298549820000328 ], [ -54.677585810000053, -26.275314380000335 ], [ -54.678585180000056, -26.262536680000327 ], [ -54.61848, -26.216494110000333 ], [ -54.622548880000046, -26.201610580000327 ], [ -54.647234820000044, -26.183991970000328 ], [ -54.64017764000004, -26.150948060000331 ], [ -54.633837170000035, -26.149915200000333 ], [ -54.62510036000004, -26.165139330000336 ], [ -54.617858570000053, -26.148673840000331 ], [ -54.601341950000034, -26.161832710000329 ], [ -54.60241869000005, -26.150730800000321 ], [ -54.589008720000052, -26.154594670000328 ], [ -54.594422770000044, -26.137087890000331 ], [ -54.586185240000042, -26.132477400000347 ], [ -54.57219882000004, -26.148616110000344 ], [ -54.569764100000043, -26.137834050000347 ], [ -54.563164910000047, -26.143944510000342 ], [ -54.546316780000041, -26.141141450000333 ], [ -54.539701870000044, -26.148551270000333 ], [ -54.545858610000039, -26.15984867000034 ], [ -54.525924080000046, -26.154340460000341 ], [ -54.531310130000051, -26.160918750000338 ], [ -54.518293760000041, -26.173249730000329 ], [ -54.518255050000036, -26.165678660000342 ], [ -54.50805146000004, -26.165520230000329 ], [ -54.516828490000044, -26.161538300000334 ], [ -54.513498810000037, -26.156628330000338 ], [ -54.501451710000048, -26.15008412000034 ], [ -54.484951760000044, -26.156305000000312 ], [ -54.48533695000004, -26.142074430000324 ], [ -54.476200010000035, -26.149890440000334 ], [ -54.463987980000041, -26.126410770000337 ], [ -54.455838710000045, -26.12745628000032 ], [ -54.452400480000037, -26.149389570000345 ], [ -54.438176600000041, -26.147614220000342 ], [ -54.43431826000004, -26.153952690000331 ], [ -54.432632640000037, -26.121427580000333 ], [ -54.32110571000004, -26.142286710000338 ] ] ] ] } },
{ "type": "Feature", "properties": { "fid": 379, "gid": 1495, "DEPARTAMENTO": "Libertador General San Martín", "PROVINCIA": "Misiones" }, "geometry": { "type": "MultiPolygon", "coordinates": [ [ [ [ -54.801546610000052, -26.649529440000325 ], [ -54.659890470000036, -26.966848580000342 ], [ -54.702960410000038, -26.979344020000333 ], [ -54.72009637000005, -26.93644188000032 ], [ -54.756853880000051, -26.946649730000324 ], [ -54.727651980000047, -27.045429520000319 ], [ -54.76065256000004, -27.051735650000321 ], [ -54.781377810000045, -27.027895750000322 ], [ -54.786673100000058, -27.007918780000328 ], [ -54.813810840000045, -27.003120800000335 ], [ -54.81453403000004, -26.989209770000329 ], [ -54.84542184000005, -26.995528490000332 ], [ -54.886252830000018, -26.981516410000328 ], [ -54.884746200000059, -26.987318710000341 ], [ -54.901852380000037, -26.989661560000314 ], [ -54.899568400000049, -27.001179110000319 ], [ -54.883029160000042, -27.005498030000314 ], [ -54.882494740000048, -27.044269530000332 ], [ -54.89179773000005, -27.057648170000331 ], [ -54.885214640000029, -27.076638010000323 ], [ -54.89839937000005, -27.085591440000332 ], [ -54.919030650000039, -27.084626640000323 ], [ -54.928363300000044, -27.09310924000032 ], [ -54.935223800000045, -27.087933040000319 ], [ -54.936898200000044, -27.094618580000319 ], [ -54.949385310000046, -27.091795140000315 ], [ -54.96764168000005, -27.102335870000331 ], [ -54.986169640000043, -27.078130110000323 ], [ -55.011293970000054, -27.070329990000317 ], [ -55.012082890000052, -27.062100370000316 ], [ -55.09956609000006, -27.062604180000335 ], [ -55.144082770000047, -27.055037780000319 ], [ -55.149750740000052, -27.060934000000319 ], [ -55.154219720000057, -27.046828230000315 ], [ -55.16488491000004, -27.047009920000345 ], [ -55.183057980000044, -27.019882350000319 ], [ -55.17668661000004, -27.016644250000326 ], [ -55.176692740000057, -26.999095920000318 ], [ -55.207505610000048, -26.998731410000325 ], [ -55.198202520000059, -26.990491250000346 ], [ -55.204513030000051, -26.969482370000325 ], [ -55.144056240000047, -26.954373320000315 ], [ -55.132060260000053, -26.944512220000309 ], [ -55.150289890000046, -26.895953900000318 ], [ -55.13578828000005, -26.859054150000318 ], [ -55.093134040000059, -26.836715450000327 ], [ -55.057542880000049, -26.798984770000324 ], [ -55.021771940000043, -26.789019450000342 ], [ -54.972693610000064, -26.789839790000318 ], [ -54.956259820000042, -26.781355540000327 ], [ -54.944241910000045, -26.75272910000033 ], [ -54.947749210000048, -26.692901710000324 ], [ -54.926959570000044, -26.672315390000335 ], [ -54.862455780000047, -26.655083890000324 ], [ -54.826190530000041, -26.674364340000345 ], [ -54.812421400000041, -26.667842230000335 ], [ -54.801546610000052, -26.649529440000325 ] ] ] ] } },
{ "type": "Feature", "properties": { "fid": 380, "gid": 1496, "DEPARTAMENTO": "Federación", "PROVINCIA": "Entre Rios" }, "geometry": { "type": "MultiPolygon", "coordinates": [ [ [ [ -58.269607300000068, -30.252399550000302 ], [ -58.20691999000006, -30.288615530000303 ], [ -58.193892910000066, -30.309433990000308 ], [ -58.191949590000043, -30.335628310000317 ], [ -58.14228193000006, -30.405237570000313 ], [ -58.072574940000059, -30.425186590000312 ], [ -58.068476260000061, -30.435529080000304 ], [ -58.077802550000065, -30.442643670000287 ], [ -58.071291160000072, -30.449294270000298 ], [ -58.079519340000068, -30.455125140000305 ], [ -58.077347390000064, -30.465802230000296 ], [ -58.068769250000067, -30.475674230000283 ], [ -58.073796730000041, -30.481773910000292 ], [ -58.057775930000034, -30.496419040000294 ], [ -58.063321780000074, -30.500706130000285 ], [ -58.059459290000049, -30.513959690000291 ], [ -58.070177570000055, -30.524384110000316 ], [ -58.062815520000065, -30.535210650000298 ], [ -58.069125850000063, -30.544908150000296 ], [ -58.052957910000067, -30.563181670000308 ], [ -58.045462110000067, -30.559214660000315 ], [ -58.037024860000066, -30.567899540000305 ], [ -58.033320910000064, -30.597927300000315 ], [ -57.980232630000067, -30.62939672000028 ], [ -57.985080910000072, -30.632603180000295 ], [ -57.97312531000005, -30.637676190000306 ], [ -57.974850370000041, -30.64734048000031 ], [ -57.89477870000006, -30.66941139000031 ], [ -57.854834690000061, -30.694650300000301 ], [ -57.843748050000052, -30.721657960000314 ], [ -57.821522930000057, -30.7194025100003 ], [ -57.809486740000061, -30.730202480000298 ], [ -57.811190660000058, -30.754196720000309 ], [ -57.797397170000067, -30.782707380000303 ], [ -57.806722070000056, -30.822950430000301 ], [ -57.799232170000074, -30.853167820000316 ], [ -57.821807500000048, -30.907831810000307 ], [ -57.845425120000066, -30.919962280000298 ], [ -57.894362730000054, -30.907214900000291 ], [ -57.914954480000056, -30.920853410000305 ], [ -57.866601500000051, -31.01342832000029 ], [ -57.861624860000049, -31.0420115900003 ], [ -57.871329490000058, -31.070343840000287 ], [ -57.919060350000066, -31.12990734000029 ], [ -57.911981260000061, -31.183677370000293 ], [ -57.921936080000052, -31.231594150000305 ], [ -57.957417610000057, -31.217030280000294 ], [ -58.004648150000051, -31.144242560000276 ], [ -58.027596720000055, -31.123458620000306 ], [ -58.065123140000054, -31.114226360000291 ], [ -58.081853760000065, -31.095131060000295 ], [ -58.10524, -31.084488730000299 ], [ -58.12502678000007, -31.089331670000306 ], [ -58.192712, -31.05410529000028 ], [ -58.203828070000057, -31.056542100000296 ], [ -58.220536600000059, -31.046385680000277 ], [ -58.219011130000055, -31.0280219300003 ], [ -58.244444360000067, -31.024244430000298 ], [ -58.242776830000054, -31.015761830000301 ], [ -58.231523780000067, -31.0125488900003 ], [ -58.249226390000054, -30.992045800000302 ], [ -58.243807500000074, -30.947876400000286 ], [ -58.251215700000074, -30.92741645000028 ], [ -58.274177240000057, -30.918025660000318 ], [ -58.276600770000066, -30.882941240000306 ], [ -58.249094360000058, -30.853393400000293 ], [ -58.360392990000065, -30.8407188100003 ], [ -58.389340330000074, -30.826390320000293 ], [ -58.408738050000068, -30.837987150000277 ], [ -58.415622350000049, -30.834888870000288 ], [ -58.421891570000071, -30.823740340000292 ], [ -58.448280420000067, -30.817042920000308 ], [ -58.471277070000063, -30.798678360000306 ], [ -58.471165350000057, -30.78839285000031 ], [ -58.484136640000052, -30.7757358700003 ], [ -58.491544590000068, -30.732152370000321 ], [ -58.568829610000066, -30.700925150000305 ], [ -58.577504260000062, -30.690660570000297 ], [ -58.567958080000061, -30.666458400000305 ], [ -58.501039700000049, -30.626279660000296 ], [ -58.522034480000066, -30.608113490000303 ], [ -58.509192820000059, -30.605083720000309 ], [ -58.478076880000067, -30.572281090000303 ], [ -58.464034280000064, -30.579621160000293 ], [ -58.398466330000076, -30.440217010000296 ], [ -58.391286770000065, -30.400732730000293 ], [ -58.339012310000058, -30.356427740000296 ], [ -58.363747180000061, -30.333785170000294 ], [ -58.406382330000056, -30.346135200000287 ], [ -58.407919270000058, -30.316128980000304 ], [ -58.386711180000077, -30.313020190000312 ], [ -58.353834890000051, -30.328986980000295 ], [ -58.338531450000055, -30.313734140000292 ], [ -58.309126400000061, -30.327497590000295 ], [ -58.312794780000061, -30.334673790000306 ], [ -58.269607300000068, -30.252399550000302 ] ] ] ] } },
{ "type": "Feature", "properties": { "fid": 381, "gid": 1499, "DEPARTAMENTO": "Colón", "PROVINCIA": "Entre Rios" }, "geometry": { "type": "MultiPolygon", "coordinates": [ [ [ [ -58.288516240000064, -31.668675790000286 ], [ -58.277436170000065, -31.699521270000304 ], [ -58.240391320000072, -31.717114650000291 ], [ -58.234302390000053, -31.732610530000297 ], [ -58.198326220000062, -31.734007320000284 ], [ -58.183872680000071, -31.744827990000289 ], [ -58.158388490000064, -31.743616950000298 ], [ -58.141835800000059, -31.733588510000303 ], [ -58.144066040000062, -31.726224080000271 ], [ -58.127864080000073, -31.727960180000284 ], [ -58.122601180000061, -31.721188340000293 ], [ -58.107591260000071, -31.730576060000299 ], [ -58.093895490000051, -31.725197080000303 ], [ -58.086962680000056, -31.734285910000303 ], [ -58.085564470000058, -31.719580560000306 ], [ -58.071349440000063, -31.725609850000282 ], [ -58.064828260000063, -31.738349500000286 ], [ -58.04760864000005, -31.726207810000304 ], [ -58.037169190000057, -31.728062900000307 ], [ -58.038487520000068, -31.759894680000322 ], [ -58.083936320000049, -31.819575750000279 ], [ -58.189553360000048, -31.852723120000274 ], [ -58.206709180000061, -31.871199080000284 ], [ -58.191333280000052, -31.9203439700003 ], [ -58.168725660000064, -31.932092380000284 ], [ -58.138282420000067, -32.001839680000288 ], [ -58.143093130000061, -32.060556140000294 ], [ -58.167385790000061, -32.091381870000291 ], [ -58.183326350000058, -32.159199910000282 ], [ -58.104918350000048, -32.244510730000286 ], [ -58.098940860000049, -32.272878900000279 ], [ -58.10152011000006, -32.305597800000292 ], [ -58.123502220000063, -32.340766750000277 ], [ -58.169053280000043, -32.361009500000272 ], [ -58.184612980000054, -32.380929030000267 ], [ -58.191700320000074, -32.379693880000289 ], [ -58.188842570000062, -32.370903140000294 ], [ -58.19965964000005, -32.363733830000285 ], [ -58.198216280000054, -32.35668634000028 ], [ -58.21201233000005, -32.354500120000289 ], [ -58.22520295000006, -32.366606870000297 ], [ -58.221700190000064, -32.357331910000269 ], [ -58.231343680000066, -32.357123430000271 ], [ -58.239867860000054, -32.343731760000288 ], [ -58.286405320000057, -32.331680270000291 ], [ -58.288754170000047, -32.319318480000291 ], [ -58.320522830000073, -32.293867160000275 ], [ -58.324332560000059, -32.276577820000291 ], [ -58.340702240000063, -32.264578060000289 ], [ -58.41408653000007, -32.250328520000274 ], [ -58.412182080000065, -32.183644680000292 ], [ -58.530190520000069, -32.190605680000282 ], [ -58.543431280000071, -32.204531830000278 ], [ -58.540109520000065, -32.227722250000291 ], [ -58.561229770000061, -32.245340810000293 ], [ -58.563120430000055, -32.211575120000283 ], [ -58.580404060000056, -32.208644750000268 ], [ -58.593312910000066, -32.194305030000287 ], [ -58.629062710000063, -32.192946100000292 ], [ -58.65289121000005, -32.159725300000289 ], [ -58.648254350000066, -32.134386330000275 ], [ -58.657955720000047, -32.127286510000296 ], [ -58.652522, -32.115035450000285 ], [ -58.657355840000051, -32.086451640000284 ], [ -58.672275590000048, -32.074034780000297 ], [ -58.665837130000064, -32.061935950000297 ], [ -58.676117070000053, -32.060627420000287 ], [ -58.683618, -32.045571370000303 ], [ -58.677674910000064, -32.041817540000288 ], [ -58.697549200000061, -32.029286760000289 ], [ -58.691942570000052, -32.019397530000276 ], [ -58.702375840000066, -31.996036080000287 ], [ -58.699703610000064, -31.977819000000302 ], [ -58.707160490000064, -31.964487610000315 ], [ -58.720494760000058, -31.976214390000308 ], [ -58.726663040000062, -31.971113490000281 ], [ -58.743062250000051, -31.921038690000294 ], [ -58.729548940000065, -31.85624531000029 ], [ -58.698618700000068, -31.860566830000288 ], [ -58.708604460000075, -31.887982660000279 ], [ -58.60763118000007, -31.902339760000309 ], [ -58.627834630000059, -31.882756360000293 ], [ -58.595129360000072, -31.84540128000031 ], [ -58.583897260000064, -31.85796125000028 ], [ -58.565166470000072, -31.861296240000279 ], [ -58.537119790000055, -31.843256810000288 ], [ -58.543548840000071, -31.822087590000319 ], [ -58.50737984000007, -31.787288450000297 ], [ -58.486912380000071, -31.806335020000287 ], [ -58.472985200000061, -31.803408310000304 ], [ -58.452861960000043, -31.817243330000302 ], [ -58.423736600000048, -31.807655590000294 ], [ -58.401446630000059, -31.811289120000293 ], [ -58.420220110000066, -31.784996100000274 ], [ -58.431129550000065, -31.740200260000293 ], [ -58.378942680000065, -31.743466820000283 ], [ -58.374332650000063, -31.721769610000283 ], [ -58.371413050000044, -31.726165650000279 ], [ -58.350319260000063, -31.70605366000029 ], [ -58.343712650000064, -31.71129585000028 ], [ -58.288516240000064, -31.668675790000286 ] ] ] ] } },
{ "type": "Feature", "properties": { "fid": 382, "gid": 1501, "DEPARTAMENTO": "Concordia", "PROVINCIA": "Entre Rios" }, "geometry": { "type": "MultiPolygon", "coordinates": [ [ [ [ -58.387367650000051, -30.828914550000295 ], [ -58.360392990000065, -30.8407188100003 ], [ -58.249094360000058, -30.853393400000293 ], [ -58.276600770000066, -30.882941240000306 ], [ -58.274177240000057, -30.918025660000318 ], [ -58.251215700000074, -30.92741645000028 ], [ -58.243807500000074, -30.947876400000286 ], [ -58.249226390000054, -30.992045800000302 ], [ -58.231523780000067, -31.0125488900003 ], [ -58.242776830000054, -31.015761830000301 ], [ -58.244444360000067, -31.024244430000298 ], [ -58.219011130000055, -31.0280219300003 ], [ -58.220536600000059, -31.046385680000277 ], [ -58.203828070000057, -31.056542100000296 ], [ -58.192712, -31.05410529000028 ], [ -58.12502678000007, -31.089331670000306 ], [ -58.10524, -31.084488730000299 ], [ -58.081853760000065, -31.095131060000295 ], [ -58.065123140000054, -31.114226360000291 ], [ -58.027596720000055, -31.123458620000306 ], [ -58.004648150000051, -31.144242560000276 ], [ -57.957417610000057, -31.217030280000294 ], [ -57.921936080000052, -31.231594150000305 ], [ -57.937054110000048, -31.273263520000299 ], [ -57.980884570000072, -31.31883881000029 ], [ -57.981835450000055, -31.335788890000295 ], [ -57.996936010000063, -31.360513920000283 ], [ -57.978634110000058, -31.3800942800003 ], [ -57.98049057000005, -31.390445020000307 ], [ -58.059583960000055, -31.435129980000305 ], [ -58.082394070000056, -31.457827070000299 ], [ -58.078265700000074, -31.488810620000283 ], [ -58.003823110000049, -31.531905410000284 ], [ -58.004482120000056, -31.545237020000314 ], [ -57.980417710000047, -31.582832330000286 ], [ -58.013282320000052, -31.687620520000284 ], [ -58.037169190000057, -31.728062900000307 ], [ -58.048357570000064, -31.72652363000028 ], [ -58.059141050000065, -31.737818070000284 ], [ -58.085564470000058, -31.719580560000306 ], [ -58.086962680000056, -31.734285910000303 ], [ -58.093895490000051, -31.725197080000303 ], [ -58.107591260000071, -31.730576060000299 ], [ -58.122024620000062, -31.721134870000299 ], [ -58.127864080000073, -31.727960180000284 ], [ -58.144066040000062, -31.726224080000271 ], [ -58.141835800000059, -31.733588510000303 ], [ -58.158388490000064, -31.743616950000298 ], [ -58.183872680000071, -31.744827990000289 ], [ -58.198326220000062, -31.734007320000284 ], [ -58.233504460000056, -31.7330134100003 ], [ -58.240391320000072, -31.717114650000291 ], [ -58.277436170000065, -31.699521270000304 ], [ -58.28990413000006, -31.671286820000315 ], [ -58.288184240000042, -31.6643593100003 ], [ -58.275409530000061, -31.665356010000306 ], [ -58.265358650000053, -31.602355110000303 ], [ -58.297461580000061, -31.602635610000299 ], [ -58.287057620000041, -31.539561610000291 ], [ -58.328794170000066, -31.54483230000028 ], [ -58.330235760000065, -31.523202810000289 ], [ -58.343024380000074, -31.521559050000295 ], [ -58.34630451000006, -31.506496170000311 ], [ -58.327502390000056, -31.5013733900003 ], [ -58.325627500000046, -31.485894560000311 ], [ -58.346253640000057, -31.4903249500003 ], [ -58.449703880000065, -31.431334650000291 ], [ -58.451204010000062, -31.401727600000296 ], [ -58.45986551000005, -31.389081140000286 ], [ -58.431262370000063, -31.364999320000297 ], [ -58.419825230000058, -31.368937500000285 ], [ -58.411901460000053, -31.351166710000275 ], [ -58.456357720000064, -31.278728930000298 ], [ -58.471892130000072, -31.266502440000295 ], [ -58.409195780000076, -31.238598510000298 ], [ -58.387882560000065, -31.210489160000296 ], [ -58.429164710000059, -31.194644790000286 ], [ -58.438688540000065, -31.180507070000306 ], [ -58.458557920000054, -31.170901120000302 ], [ -58.543573800000061, -31.136852830000283 ], [ -58.557250780000054, -31.125131660000299 ], [ -58.562910440000074, -31.106513910000309 ], [ -58.572522640000059, -31.107582030000302 ], [ -58.579997260000049, -31.091835520000313 ], [ -58.579151640000063, -31.081539390000305 ], [ -58.570971270000051, -31.082048320000322 ], [ -58.576910140000059, -31.072386040000268 ], [ -58.598750030000062, -31.061740460000294 ], [ -58.579407830000058, -31.049228190000303 ], [ -58.580493990000058, -31.041031430000302 ], [ -58.558875240000077, -31.036544150000278 ], [ -58.558931020000074, -31.043857870000302 ], [ -58.549618560000056, -31.045660000000318 ], [ -58.544298290000071, -31.034435310000291 ], [ -58.537713650000065, -31.041436200000316 ], [ -58.521714760000066, -31.037745900000292 ], [ -58.513760120000072, -31.025298380000319 ], [ -58.510113720000064, -31.032745370000299 ], [ -58.49610198000007, -31.024288790000298 ], [ -58.499187830000061, -31.019631320000304 ], [ -58.489164800000061, -31.015907080000311 ], [ -58.493043180000065, -31.009106570000295 ], [ -58.484363640000069, -31.008719440000299 ], [ -58.507286400000062, -30.982302090000303 ], [ -58.494285560000073, -30.967646010000294 ], [ -58.486878220000058, -30.96973971000029 ], [ -58.484444160000074, -30.950611650000297 ], [ -58.468740760000074, -30.945926540000301 ], [ -58.469488560000073, -30.93424943000031 ], [ -58.462262930000058, -30.935624170000281 ], [ -58.464459880000057, -30.908222580000281 ], [ -58.438625120000061, -30.897796220000309 ], [ -58.446098440000064, -30.889243470000288 ], [ -58.418255970000061, -30.8334634700003 ], [ -58.408738050000068, -30.837987150000277 ], [ -58.387367650000051, -30.828914550000295 ] ] ] ] } },
{ "type": "Feature", "properties": { "fid": 383, "gid": 1502, "DEPARTAMENTO": "San Luis del Palmar", "PROVINCIA": "Corrientes" }, "geometry": { "type": "MultiPolygon", "coordinates": [ [ [ [ -58.355464240000046, -27.397865060000328 ], [ -58.309264080000077, -27.426111040000308 ], [ -58.220311240000065, -27.443372110000308 ], [ -58.191043970000067, -27.436957170000323 ], [ -58.128515920000062, -27.403355500000337 ], [ -57.980828940000073, -27.402861630000313 ], [ -57.875953260000067, -27.439560310000328 ], [ -57.831103920000061, -27.485616850000323 ], [ -57.83529836000006, -27.500409430000332 ], [ -57.892537250000061, -27.563373100000309 ], [ -57.929166450000075, -27.579718260000313 ], [ -57.934706690000056, -27.60311068000032 ], [ -57.954085770000063, -27.62561419000032 ], [ -57.994136540000085, -27.648401220000327 ], [ -58.038621100000057, -27.66244920000031 ], [ -58.054511410000053, -27.65874697000033 ], [ -58.069122020000066, -27.676731110000333 ], [ -58.098413520000065, -27.67826600000032 ], [ -58.145527030000068, -27.697081010000321 ], [ -58.195355810000073, -27.735643430000319 ], [ -58.303680600000057, -27.795531910000324 ], [ -58.242811330000052, -27.837579410000316 ], [ -58.204373610000069, -27.839923260000319 ], [ -58.174092060000049, -27.831621550000335 ], [ -58.147326320000083, -27.854178220000332 ], [ -58.163321390000085, -27.901310170000311 ], [ -58.194676840000064, -27.901177240000326 ], [ -58.217345030000061, -27.921582070000316 ], [ -58.293896840000059, -27.952913960000313 ], [ -58.303443660000084, -27.95341034000031 ], [ -58.32512997000007, -27.899560450000308 ], [ -58.31660046000006, -27.866502600000313 ], [ -58.329849740000064, -27.86485970000032 ], [ -58.32823986000006, -27.853141460000316 ], [ -58.341159380000065, -27.851658580000308 ], [ -58.342477300000063, -27.861818590000315 ], [ -58.396612850000075, -27.857870590000324 ], [ -58.385724420000074, -27.784677750000316 ], [ -58.434369060000058, -27.782421980000301 ], [ -58.44111886000006, -27.788477920000329 ], [ -58.466547770000076, -27.780586500000325 ], [ -58.467425630000072, -27.754534300000323 ], [ -58.500971060000069, -27.759465770000322 ], [ -58.497541070000075, -27.72818669000031 ], [ -58.547112960000064, -27.721113710000331 ], [ -58.543725940000051, -27.70450108000032 ], [ -58.601026130000065, -27.718502050000335 ], [ -58.595872310000061, -27.647499030000308 ], [ -58.60583684000008, -27.630169740000323 ], [ -58.645374470000078, -27.603470150000319 ], [ -58.668415300000063, -27.612244100000328 ], [ -58.646526260000073, -27.517475730000307 ], [ -58.61214498000006, -27.509117970000307 ], [ -58.603394760000057, -27.520104500000301 ], [ -58.594704620000073, -27.513631690000313 ], [ -58.582149030000082, -27.516978030000327 ], [ -58.54789238000005, -27.487201570000309 ], [ -58.518600420000077, -27.49174684000031 ], [ -58.489251950000074, -27.474993280000319 ], [ -58.48069088000009, -27.449794140000311 ], [ -58.491352850000062, -27.429650110000306 ], [ -58.455829980000061, -27.416550260000324 ], [ -58.451804340000074, -27.400188830000321 ], [ -58.413813390000065, -27.408902740000311 ], [ -58.355464240000046, -27.397865060000328 ] ] ] ] } },
{ "type": "Feature", "properties": { "fid": 384, "gid": 1503, "DEPARTAMENTO": "Mburucuyá", "PROVINCIA": "Corrientes" }, "geometry": { "type": "MultiPolygon", "coordinates": [ [ [ [ -58.16792190000006, -27.90060168000031 ], [ -58.149490510000064, -27.873117190000308 ], [ -58.147326320000083, -27.854178220000332 ], [ -58.174092060000049, -27.831621550000335 ], [ -58.099838990000066, -27.811169060000314 ], [ -58.024376240000066, -27.826001430000321 ], [ -58.089848480000072, -27.871093100000305 ], [ -58.081440730000075, -27.905256910000329 ], [ -58.03540791000006, -27.90337281000032 ], [ -58.023941120000053, -27.953490840000313 ], [ -57.994187850000067, -27.945060440000319 ], [ -57.989767380000067, -27.96448720000032 ], [ -57.937645970000069, -27.941730640000312 ], [ -57.919473180000061, -28.009323160000331 ], [ -58.015417650000046, -28.031778000000326 ], [ -58.066824470000071, -28.080151800000337 ], [ -58.133295170000061, -28.120834020000302 ], [ -58.317505480000072, -28.215020590000321 ], [ -58.368476440000073, -28.143345490000314 ], [ -58.33444551000008, -28.11835148000031 ], [ -58.441493310000055, -27.991139990000303 ], [ -58.39343714000006, -27.994224770000312 ], [ -58.35200758000007, -27.970625570000301 ], [ -58.332674780000055, -27.973999100000324 ], [ -58.311371320000056, -27.952762100000339 ], [ -58.293896840000059, -27.952913960000313 ], [ -58.217345030000061, -27.921582070000316 ], [ -58.194676840000064, -27.901177240000326 ], [ -58.16792190000006, -27.90060168000031 ] ] ] ] } },
{ "type": "Feature", "properties": { "fid": 385, "gid": 1504, "DEPARTAMENTO": "Concepción", "PROVINCIA": "Corrientes" }, "geometry": { "type": "MultiPolygon", "coordinates": [ [ [ [ -57.777597390000054, -27.971317850000307 ], [ -57.627571110000062, -28.136196140000322 ], [ -57.669984910000068, -28.164054650000306 ], [ -57.604725030000061, -28.252985550000314 ], [ -57.680555160000061, -28.31960644000031 ], [ -57.629344880000048, -28.369121910000324 ], [ -57.658832230000073, -28.410523760000338 ], [ -57.639833430000067, -28.423778640000311 ], [ -57.638421060000063, -28.461383260000318 ], [ -57.660134500000062, -28.486322220000325 ], [ -57.690649630000053, -28.501315200000302 ], [ -57.656954230000061, -28.529330740000319 ], [ -57.612272700000055, -28.595653050000333 ], [ -57.692016200000054, -28.620523670000303 ], [ -57.779587740000053, -28.65958892000031 ], [ -57.938331610000048, -28.703417580000313 ], [ -57.986190950000051, -28.7039297700003 ], [ -58.014053570000065, -28.713828430000312 ], [ -58.106302400000061, -28.712961040000334 ], [ -58.110968740000061, -28.700350880000315 ], [ -58.129192440000082, -28.716529470000321 ], [ -58.186242340000057, -28.741089820000326 ], [ -58.183787030000069, -28.746659660000311 ], [ -58.221686760000061, -28.746060780000303 ], [ -58.227453360000062, -28.758602650000302 ], [ -58.245371440000064, -28.75616978000031 ], [ -58.267654730000061, -28.763472960000303 ], [ -58.270172300000063, -28.770995780000312 ], [ -58.281562980000061, -28.76930493000032 ], [ -58.305144100000085, -28.795308840000292 ], [ -58.29952050000005, -28.817501520000302 ], [ -58.307573200000064, -28.832773520000309 ], [ -58.422886390000066, -28.740574150000313 ], [ -58.449945180000057, -28.768049120000306 ], [ -58.476214330000047, -28.780254240000307 ], [ -58.508569540000074, -28.783726090000311 ], [ -58.528274260000082, -28.769928030000301 ], [ -58.547333430000066, -28.719279600000313 ], [ -58.533583570000062, -28.691822950000315 ], [ -58.490422400000085, -28.646807120000318 ], [ -58.507151510000064, -28.610226150000308 ], [ -58.499757450000061, -28.590222440000304 ], [ -58.415383580000054, -28.539846900000306 ], [ -58.311894270000067, -28.450840330000322 ], [ -58.431088430000074, -28.301413300000323 ], [ -58.403191140000054, -28.293005890000313 ], [ -58.398797160000072, -28.276166640000305 ], [ -58.345993440000065, -28.24462410000033 ], [ -58.306970890000052, -28.205576270000314 ], [ -58.133295170000061, -28.120834020000302 ], [ -58.066824470000071, -28.080151800000337 ], [ -58.007407210000061, -28.027672920000299 ], [ -57.827270270000056, -27.991934870000321 ], [ -57.777597390000054, -27.971317850000307 ] ] ] ] } },
{ "type": "Feature", "properties": { "fid": 386, "gid": 1505, "DEPARTAMENTO": "Mercedes", "PROVINCIA": "Corrientes" }, "geometry": { "type": "MultiPolygon", "coordinates": [ [ [ [ -57.170448990000054, -28.570923950000321 ], [ -57.179790590000053, -28.585781630000309 ], [ -57.164463180000055, -28.629074730000315 ], [ -57.164650320000057, -28.650693180000321 ], [ -57.173278900000064, -28.663585020000301 ], [ -57.176436590000066, -28.698219320000302 ], [ -57.171138590000055, -28.797299610000298 ], [ -57.182285220000054, -28.833957300000318 ], [ -57.225767670000053, -28.90580534000032 ], [ -57.315575400000064, -29.009814890000328 ], [ -57.430591240000062, -29.068148750000304 ], [ -57.438677280000064, -29.089703460000315 ], [ -57.45250120000005, -29.09756089000032 ], [ -57.449040990000057, -29.107388540000315 ], [ -57.45805656000006, -29.120313720000318 ], [ -57.481785950000067, -29.132491470000321 ], [ -57.481660570000066, -29.146372270000313 ], [ -57.502239020000047, -29.149224360000314 ], [ -57.515123600000052, -29.167097550000321 ], [ -57.50941734000007, -29.176199960000304 ], [ -57.546936760000072, -29.212464290000305 ], [ -57.538017710000062, -29.222699650000305 ], [ -57.547604610000072, -29.235552960000327 ], [ -57.537030870000066, -29.242502040000311 ], [ -57.539146900000063, -29.260564210000318 ], [ -57.553084820000052, -29.26956514000031 ], [ -57.557456060000071, -29.287252180000308 ], [ -57.568609100000053, -29.293290330000307 ], [ -57.565352050000065, -29.309222990000318 ], [ -57.582441660000057, -29.323282020000324 ], [ -57.578929010000053, -29.333839120000309 ], [ -57.56481821000007, -29.332839540000297 ], [ -57.564444430000052, -29.340680950000309 ], [ -57.572202820000058, -29.340674980000326 ], [ -57.569376840000047, -29.347232280000313 ], [ -57.566653060000064, -29.342548100000297 ], [ -57.551445940000086, -29.3561443100003 ], [ -57.544902040000061, -29.353342910000315 ], [ -57.533770350000047, -29.365242380000328 ], [ -57.537168650000055, -29.371056730000294 ], [ -57.529178680000065, -29.372541160000324 ], [ -57.531299700000076, -29.390246720000309 ], [ -57.542929890000046, -29.398928270000315 ], [ -57.522068060000052, -29.40408177000031 ], [ -57.534191210000067, -29.412297520000305 ], [ -57.536963840000062, -29.438922580000302 ], [ -57.503526600000058, -29.449784370000312 ], [ -57.515303420000059, -29.452928430000288 ], [ -57.522356520000066, -29.465490510000311 ], [ -57.513066180000052, -29.496862900000298 ], [ -57.520076970000062, -29.503615320000311 ], [ -57.512457520000062, -29.518318340000313 ], [ -57.50579110000006, -29.516629790000319 ], [ -57.51515646000005, -29.524762770000319 ], [ -57.506223380000037, -29.542339300000325 ], [ -57.514176390000067, -29.549205660000311 ], [ -57.507992110000053, -29.565937120000321 ], [ -57.535629840000063, -29.579130560000308 ], [ -57.542838620000047, -29.601266750000331 ], [ -57.535387010000058, -29.611328740000314 ], [ -57.54061547000007, -29.6218534700003 ], [ -57.549088560000058, -29.622116370000285 ], [ -57.543799340000056, -29.63505215000032 ], [ -57.550055420000056, -29.644241590000313 ], [ -57.544010460000074, -29.646472230000292 ], [ -57.558267800000074, -29.673639080000321 ], [ -57.581322650000068, -29.666949960000281 ], [ -57.599724720000061, -29.674775060000293 ], [ -57.602012310000063, -29.6850804100003 ], [ -57.587766210000069, -29.689677520000295 ], [ -57.606627020000055, -29.704287960000315 ], [ -57.601078540000053, -29.722594590000295 ], [ -57.61343741000006, -29.744337400000298 ], [ -57.63387058000005, -29.727263430000299 ], [ -57.629800890000048, -29.721883720000299 ], [ -57.646787480000057, -29.717169500000299 ], [ -57.657234, -29.726409760000323 ], [ -57.671034540000065, -29.719024450000312 ], [ -57.680188060000049, -29.723159000000312 ], [ -57.680953240000051, -29.713263470000321 ], [ -57.688650540000047, -29.712258410000324 ], [ -57.734719340000069, -29.741270410000308 ], [ -57.755900100000069, -29.726825830000298 ], [ -57.755610710000035, -29.713720000000297 ], [ -57.804843970000064, -29.709361450000305 ], [ -57.800592390000062, -29.705544300000298 ], [ -57.82107113000005, -29.693890160000315 ], [ -57.819768190000069, -29.681661310000319 ], [ -57.828452450000071, -29.681810260000308 ], [ -57.87290011000006, -29.629695120000321 ], [ -57.867737770000062, -29.604429630000304 ], [ -57.88553699000007, -29.586414390000311 ], [ -57.894348250000064, -29.559743330000302 ], [ -57.903082170000062, -29.557947690000308 ], [ -57.898006420000073, -29.549281310000307 ], [ -57.952360180000056, -29.5352856400003 ], [ -58.014877810000058, -29.480967920000307 ], [ -58.059002770000063, -29.479776050000314 ], [ -58.060987450000063, -29.472354070000314 ], [ -58.093802410000059, -29.464767940000311 ], [ -58.111465420000073, -29.442994090000298 ], [ -58.151115970000049, -29.439166140000292 ], [ -58.192068030000065, -29.403665410000308 ], [ -58.216140220000071, -29.35530396000032 ], [ -58.235052240000059, -29.344760800000319 ], [ -58.248900360000057, -29.314358120000314 ], [ -58.306519500000064, -29.25250170000032 ], [ -58.336887400000073, -29.247524200000306 ], [ -58.371053970000069, -29.22952922000032 ], [ -58.390164290000065, -29.188202170000309 ], [ -58.409194320000061, -29.193230660000314 ], [ -58.442136990000058, -29.172605960000293 ], [ -58.466472330000059, -29.129683280000311 ], [ -58.480137660000054, -29.126529210000292 ], [ -58.491961170000081, -29.105438800000325 ], [ -58.536243280000079, -29.094520110000307 ], [ -58.526139510000085, -29.094667030000323 ], [ -58.532924930000064, -29.067401760000315 ], [ -58.559326030000065, -29.058753640000294 ], [ -58.559256240000067, -29.046608330000311 ], [ -58.584351930000068, -29.052443940000298 ], [ -58.601507820000073, -29.044902260000313 ], [ -58.590142970000066, -29.041469750000317 ], [ -58.580491250000051, -29.021752160000297 ], [ -58.57093866000006, -29.025625770000296 ], [ -58.575949150000071, -29.017985340000315 ], [ -58.565709330000068, -29.015750710000308 ], [ -58.558977, -28.983945770000304 ], [ -58.546079740000067, -28.981438130000321 ], [ -58.54372076000007, -28.989421430000302 ], [ -58.534369910000073, -28.989487890000326 ], [ -58.537776020000074, -28.982196370000317 ], [ -58.530541850000056, -28.983140390000305 ], [ -58.528862870000047, -28.973962920000297 ], [ -58.534844250000063, -28.968108030000337 ], [ -58.517758, -28.962700070000302 ], [ -58.508965560000078, -28.939218760000315 ], [ -58.497806920000059, -28.939131420000319 ], [ -58.504550490000057, -28.932452990000318 ], [ -58.500640590000067, -28.923345040000299 ], [ -58.488173260000067, -28.920889950000301 ], [ -58.479169360000064, -28.931250390000304 ], [ -58.463068160000077, -28.916135960000304 ], [ -58.452491320000078, -28.930034420000315 ], [ -58.451129800000061, -28.921731830000304 ], [ -58.420488010000057, -28.931169800000319 ], [ -58.414852030000063, -28.923529750000313 ], [ -58.401499960000066, -28.927205650000328 ], [ -58.394129770000063, -28.912825970000309 ], [ -58.379673670000052, -28.915545860000307 ], [ -58.377540510000074, -28.892996940000309 ], [ -58.358723560000072, -28.891289090000321 ], [ -58.353293620000066, -28.880838600000303 ], [ -58.340233960000077, -28.882304250000306 ], [ -58.336950410000057, -28.858403600000312 ], [ -58.303961280000067, -28.837246970000312 ], [ -58.305144100000085, -28.795308840000292 ], [ -58.281562980000061, -28.76930493000032 ], [ -58.270172300000063, -28.770995780000312 ], [ -58.267654730000061, -28.763472960000303 ], [ -58.245371440000064, -28.75616978000031 ], [ -58.227453360000062, -28.758602650000302 ], [ -58.221686760000061, -28.746060780000303 ], [ -58.183787030000069, -28.746659660000311 ], [ -58.186242340000057, -28.741089820000326 ], [ -58.129192440000082, -28.716529470000321 ], [ -58.110968740000061, -28.700350880000315 ], [ -58.106302400000061, -28.712961040000334 ], [ -58.014053570000065, -28.713828430000312 ], [ -57.986190950000051, -28.7039297700003 ], [ -57.939792540000056, -28.703723210000312 ], [ -57.779587740000053, -28.65958892000031 ], [ -57.692016200000054, -28.620523670000303 ], [ -57.612272700000055, -28.595653050000333 ], [ -57.329386800000073, -28.573658430000318 ], [ -57.296359440000053, -28.559821310000295 ], [ -57.215617560000069, -28.499366400000298 ], [ -57.170448990000054, -28.570923950000321 ] ] ] ] } },
{ "type": "Feature", "properties": { "fid": 387, "gid": 1506, "DEPARTAMENTO": "San Roque", "PROVINCIA": "Corrientes" }, "geometry": { "type": "MultiPolygon", "coordinates": [ [ [ [ -58.429084130000064, -28.308857210000308 ], [ -58.311894270000067, -28.450840330000322 ], [ -58.415383580000054, -28.539846900000306 ], [ -58.499757450000061, -28.590222440000304 ], [ -58.507151510000064, -28.610226150000308 ], [ -58.490422400000085, -28.646807120000318 ], [ -58.533583570000062, -28.691822950000315 ], [ -58.548148510000061, -28.726329160000297 ], [ -58.530096080000071, -28.767431160000314 ], [ -58.508569540000074, -28.783726090000311 ], [ -58.46041888000007, -28.774661510000321 ], [ -58.422886390000066, -28.740574150000313 ], [ -58.379236740000067, -28.772551420000326 ], [ -58.303961280000067, -28.837246970000312 ], [ -58.336950410000057, -28.858403600000312 ], [ -58.340233960000077, -28.882304250000306 ], [ -58.353293620000066, -28.880838600000303 ], [ -58.358723560000072, -28.891289090000321 ], [ -58.377540510000074, -28.892996940000309 ], [ -58.379673670000052, -28.915545860000307 ], [ -58.394129770000063, -28.912825970000309 ], [ -58.401499960000066, -28.927205650000328 ], [ -58.414852030000063, -28.923529750000313 ], [ -58.420488010000057, -28.931169800000319 ], [ -58.451129800000061, -28.921731830000304 ], [ -58.452491320000078, -28.930034420000315 ], [ -58.463068160000077, -28.916135960000304 ], [ -58.479169360000064, -28.931250390000304 ], [ -58.488173260000067, -28.920889950000301 ], [ -58.500640590000067, -28.923345040000299 ], [ -58.504550490000057, -28.932452990000318 ], [ -58.497806920000059, -28.939131420000319 ], [ -58.508965560000078, -28.939218760000315 ], [ -58.517758, -28.962700070000302 ], [ -58.534844250000063, -28.968108030000337 ], [ -58.528862870000047, -28.973962920000297 ], [ -58.530541850000056, -28.983140390000305 ], [ -58.537776020000074, -28.982196370000317 ], [ -58.534369910000073, -28.989487890000326 ], [ -58.54372076000007, -28.989421430000302 ], [ -58.546079740000067, -28.981438130000321 ], [ -58.558977, -28.983945770000304 ], [ -58.565709330000068, -29.015750710000308 ], [ -58.575949150000071, -29.017985340000315 ], [ -58.57093866000006, -29.025625770000296 ], [ -58.580491250000051, -29.021752160000297 ], [ -58.590142970000066, -29.041469750000317 ], [ -58.601015200000056, -29.046238640000308 ], [ -58.714837840000065, -28.949151270000321 ], [ -58.889999340000081, -28.844460730000321 ], [ -58.98868048000007, -28.827879390000302 ], [ -58.981162370000057, -28.800556610000299 ], [ -58.966720850000058, -28.788663310000327 ], [ -58.967481370000066, -28.780363050000307 ], [ -58.959876770000065, -28.783220170000316 ], [ -58.963378240000061, -28.775840720000311 ], [ -58.952117280000067, -28.773113120000321 ], [ -58.957724520000056, -28.763367210000307 ], [ -58.943874670000064, -28.763919010000311 ], [ -58.946133200000055, -28.757649250000327 ], [ -58.93595124000008, -28.754746820000314 ], [ -58.943310230000073, -28.750027500000325 ], [ -58.927896010000055, -28.746401320000306 ], [ -58.930817370000078, -28.740244090000338 ], [ -58.923687190000059, -28.739015330000306 ], [ -58.92941895000007, -28.734874650000307 ], [ -58.922499200000068, -28.731144280000297 ], [ -58.932549360000067, -28.728975990000322 ], [ -58.857222570000062, -28.639721570000301 ], [ -58.832358680000063, -28.6228042900003 ], [ -58.794980420000059, -28.620557850000331 ], [ -58.736054560000078, -28.58791765000031 ], [ -58.672756690000064, -28.526870750000313 ], [ -58.66905212000006, -28.514431400000333 ], [ -58.647930740000049, -28.504536170000339 ], [ -58.629327570000072, -28.474179200000307 ], [ -58.600585140000071, -28.457380430000313 ], [ -58.580841900000067, -28.416447490000323 ], [ -58.554406700000051, -28.39465414000032 ], [ -58.545150520000057, -28.376152880000308 ], [ -58.510481090000063, -28.363622820000298 ], [ -58.490980940000071, -28.338838830000313 ], [ -58.460419070000071, -28.336440450000325 ], [ -58.447843280000065, -28.312491180000322 ], [ -58.429084130000064, -28.308857210000308 ] ] ] ] } },
{ "type": "Feature", "properties": { "fid": 388, "gid": 1507, "DEPARTAMENTO": "General Paz", "PROVINCIA": "Corrientes" }, "geometry": { "type": "MultiPolygon", "coordinates": [ [ [ [ -57.332864360000059, -27.409432530000309 ], [ -57.276290120000056, -27.432306210000327 ], [ -57.232116820000073, -27.468032430000321 ], [ -57.254692540000057, -27.474762370000317 ], [ -57.225157260000067, -27.496534800000305 ], [ -57.227705320000055, -27.512702180000343 ], [ -57.303886670000047, -27.550706530000326 ], [ -57.396384930000075, -27.623537140000312 ], [ -57.422867310000058, -27.653563080000314 ], [ -57.487768330000058, -27.693962100000306 ], [ -57.498579750000061, -27.691604460000313 ], [ -57.534682840000059, -27.726559010000308 ], [ -57.593284060000059, -27.766372070000308 ], [ -57.732334050000063, -27.938062610000316 ], [ -57.803795560000069, -27.984643470000314 ], [ -57.919473180000061, -28.009323160000331 ], [ -57.937645970000069, -27.941730640000312 ], [ -57.989767380000067, -27.96448720000032 ], [ -57.994187850000067, -27.945060440000319 ], [ -58.023941120000053, -27.953490840000313 ], [ -58.03540791000006, -27.90337281000032 ], [ -58.081440730000075, -27.905256910000329 ], [ -58.089848480000072, -27.871093100000305 ], [ -58.024376240000066, -27.826001430000321 ], [ -58.030498580000049, -27.823555730000312 ], [ -58.104815550000048, -27.81157597000033 ], [ -58.226854770000067, -27.841123750000317 ], [ -58.249343690000082, -27.834551960000322 ], [ -58.303680600000057, -27.795531910000324 ], [ -58.195355810000073, -27.735643430000319 ], [ -58.145527030000068, -27.697081010000321 ], [ -58.098413520000065, -27.67826600000032 ], [ -58.069122020000066, -27.676731110000333 ], [ -58.054511410000053, -27.65874697000033 ], [ -58.038621100000057, -27.66244920000031 ], [ -57.994136540000085, -27.648401220000327 ], [ -57.954085770000063, -27.62561419000032 ], [ -57.934706690000056, -27.60311068000032 ], [ -57.929166450000075, -27.579718260000313 ], [ -57.892537250000061, -27.563373100000309 ], [ -57.83529836000006, -27.500409430000332 ], [ -57.831103920000061, -27.485616850000323 ], [ -57.776160530000062, -27.509283930000318 ], [ -57.698699120000072, -27.491091680000313 ], [ -57.687048360000084, -27.494551720000306 ], [ -57.679122420000056, -27.50073595000033 ], [ -57.689505730000057, -27.572961930000325 ], [ -57.638342050000062, -27.573048570000317 ], [ -57.641665480000057, -27.596869890000317 ], [ -57.570317340000052, -27.605465340000318 ], [ -57.584121580000065, -27.614562700000334 ], [ -57.576195, -27.649477750000308 ], [ -57.548527850000056, -27.651056350000335 ], [ -57.515989910000066, -27.613632590000329 ], [ -57.493358070000049, -27.613520880000337 ], [ -57.466201710000057, -27.585577080000316 ], [ -57.454870030000066, -27.583462430000328 ], [ -57.447626190000079, -27.557880110000315 ], [ -57.403739920000064, -27.515515260000313 ], [ -57.389489440000069, -27.421428510000318 ], [ -57.332864360000059, -27.409432530000309 ] ] ] ] } },
{ "type": "Feature", "properties": { "fid": 389, "gid": 1508, "DEPARTAMENTO": "Empedrado", "PROVINCIA": "Corrientes" }, "geometry": { "type": "MultiPolygon", "coordinates": [ [ [ [ -58.629699770000059, -27.612185520000313 ], [ -58.595872310000061, -27.647499030000308 ], [ -58.601026130000065, -27.718502050000335 ], [ -58.543725940000051, -27.70450108000032 ], [ -58.547112960000064, -27.721113710000331 ], [ -58.497541070000075, -27.72818669000031 ], [ -58.500971060000069, -27.759465770000322 ], [ -58.467425630000072, -27.754534300000323 ], [ -58.466547770000076, -27.780586500000325 ], [ -58.44111886000006, -27.788477920000329 ], [ -58.434369060000058, -27.782421980000301 ], [ -58.385724420000074, -27.784677750000316 ], [ -58.396612850000075, -27.857870590000324 ], [ -58.342477300000063, -27.861818590000315 ], [ -58.341159380000065, -27.851658580000308 ], [ -58.32823986000006, -27.853141460000316 ], [ -58.329849740000064, -27.86485970000032 ], [ -58.31660046000006, -27.866502600000313 ], [ -58.32512997000007, -27.899560450000308 ], [ -58.303443660000084, -27.95341034000031 ], [ -58.324632360000066, -27.961621400000322 ], [ -58.332674780000055, -27.973999100000324 ], [ -58.35200758000007, -27.970625570000301 ], [ -58.39343714000006, -27.994224770000312 ], [ -58.436623580000074, -27.993347240000315 ], [ -58.461025200000066, -27.97470316000031 ], [ -58.515200870000058, -27.976214660000331 ], [ -58.552352800000065, -27.994570310000313 ], [ -58.584051690000059, -27.99615292000032 ], [ -58.614847020000077, -28.018204440000311 ], [ -58.630477540000051, -28.020252700000317 ], [ -58.638789090000067, -28.039090100000298 ], [ -58.669922740000061, -28.04499852000032 ], [ -58.665587730000055, -28.049733320000303 ], [ -58.673158520000079, -28.063859080000309 ], [ -58.684780230000065, -28.060099330000316 ], [ -58.697595870000065, -28.081561150000315 ], [ -58.716223620000065, -28.090089090000298 ], [ -58.723274930000088, -28.078737600000334 ], [ -58.738767040000077, -28.082597200000325 ], [ -58.741633620000073, -28.094771080000317 ], [ -58.753215050000072, -28.096941970000316 ], [ -58.756130360000064, -28.112290290000317 ], [ -58.785001510000072, -28.117898400000314 ], [ -58.789020710000081, -28.127097110000317 ], [ -58.817659180000071, -28.121912080000307 ], [ -58.814503460000061, -28.129378170000308 ], [ -58.827299390000057, -28.140759460000304 ], [ -58.834639880000054, -28.16600107000032 ], [ -58.85572324000006, -28.174972310000317 ], [ -58.868631410000056, -28.165009170000307 ], [ -58.874103460000079, -28.175858530000312 ], [ -58.907141870000068, -28.173801050000325 ], [ -58.923575150000062, -28.177675510000324 ], [ -58.93512797000006, -28.190872140000305 ], [ -58.95218682000008, -28.190318620000305 ], [ -58.955172120000064, -28.183447470000317 ], [ -58.974956680000062, -28.194732130000315 ], [ -58.983734760000054, -28.193441510000319 ], [ -58.992298, -28.172890390000319 ], [ -59.008882440000058, -28.182268230000318 ], [ -59.017121460000055, -28.172134470000302 ], [ -59.020300920000068, -28.178821260000323 ], [ -59.011599870000076, -28.187396970000314 ], [ -59.030341260000071, -28.190832030000301 ], [ -59.044155160000074, -28.223360720000318 ], [ -59.055626660000065, -28.217474460000307 ], [ -59.060935760000078, -28.195385360000312 ], [ -59.087656670000086, -28.201737050000318 ], [ -59.087634790000074, -28.171771850000304 ], [ -59.062412500000065, -28.128108740000314 ], [ -58.999656940000072, -28.139355590000307 ], [ -58.95296521000008, -28.13710554000032 ], [ -58.859734300000063, -28.050317700000328 ], [ -58.857739190000068, -28.011612220000298 ], [ -58.829261560000077, -27.961873390000306 ], [ -58.84350881000006, -27.914029770000312 ], [ -58.844005910000064, -27.880447450000318 ], [ -58.823450710000074, -27.8394507600003 ], [ -58.809707530000068, -27.783407080000316 ], [ -58.823669120000062, -27.670780650000303 ], [ -58.811685520000054, -27.675375370000324 ], [ -58.804003470000062, -27.654653870000327 ], [ -58.776489120000079, -27.659853920000309 ], [ -58.727396880000065, -27.627499910000317 ], [ -58.687514570000062, -27.624323540000329 ], [ -58.67950453000006, -27.612845590000312 ], [ -58.662501060000075, -27.612951150000313 ], [ -58.651027050000067, -27.602897770000304 ], [ -58.629699770000059, -27.612185520000313 ] ] ] ] } },
{ "type": "Feature", "properties": { "fid": 390, "gid": 1509, "DEPARTAMENTO": "Saladas", "PROVINCIA": "Corrientes" }, "geometry": { "type": "MultiPolygon", "coordinates": [ [ [ [ -58.460655300000056, -27.974779270000329 ], [ -58.33444551000008, -28.11835148000031 ], [ -58.368476440000073, -28.143345490000314 ], [ -58.317505480000072, -28.215020590000321 ], [ -58.345993440000065, -28.24462410000033 ], [ -58.398797160000072, -28.276166640000305 ], [ -58.403191140000054, -28.293005890000313 ], [ -58.426513530000072, -28.297351780000323 ], [ -58.447843280000065, -28.312491180000322 ], [ -58.460419070000071, -28.336440450000325 ], [ -58.490980940000071, -28.338838830000313 ], [ -58.510481090000063, -28.363622820000298 ], [ -58.545150520000057, -28.376152880000308 ], [ -58.554406700000051, -28.39465414000032 ], [ -58.580841900000067, -28.416447490000323 ], [ -58.600585140000071, -28.457380430000313 ], [ -58.629327570000072, -28.474179200000307 ], [ -58.654191580000074, -28.508839770000321 ], [ -58.71408442000007, -28.440337280000314 ], [ -58.697743870000068, -28.418540070000322 ], [ -58.707015110000057, -28.403977100000301 ], [ -58.747228010000065, -28.393440430000329 ], [ -58.753722120000056, -28.38389863000031 ], [ -58.758783860000072, -28.336113010000322 ], [ -58.765677430000068, -28.33896475000029 ], [ -58.813711990000087, -28.240490320000312 ], [ -58.849571550000064, -28.257519060000305 ], [ -58.859497890000064, -28.280296890000312 ], [ -58.887769390000066, -28.287765940000305 ], [ -58.904925820000081, -28.282927180000303 ], [ -58.951954460000074, -28.303943530000328 ], [ -59.011594500000065, -28.268827730000321 ], [ -59.03323935000008, -28.266121400000323 ], [ -59.016382950000072, -28.255023810000303 ], [ -59.013505070000065, -28.223571970000307 ], [ -59.021676490000061, -28.214043250000312 ], [ -59.011522860000056, -28.206385890000313 ], [ -58.997423270000084, -28.210390080000305 ], [ -58.991306150000078, -28.197368150000319 ], [ -58.955172120000064, -28.183447470000317 ], [ -58.943742700000072, -28.192635330000307 ], [ -58.921556480000085, -28.176652960000322 ], [ -58.87460977000007, -28.175995930000301 ], [ -58.864335, -28.164373130000325 ], [ -58.856117180000062, -28.175088750000302 ], [ -58.835736180000069, -28.16731245000032 ], [ -58.827299390000057, -28.140759460000304 ], [ -58.814503460000061, -28.129378170000308 ], [ -58.817659180000071, -28.121912080000307 ], [ -58.789020710000081, -28.127097110000317 ], [ -58.785001510000072, -28.117898400000314 ], [ -58.756130360000064, -28.112290290000317 ], [ -58.753215050000072, -28.096941970000316 ], [ -58.741633620000073, -28.094771080000317 ], [ -58.738767040000077, -28.082597200000325 ], [ -58.723274930000088, -28.078737600000334 ], [ -58.719412320000089, -28.080491090000333 ], [ -58.722418650000066, -28.083398830000309 ], [ -58.719587310000072, -28.088919300000327 ], [ -58.716223620000065, -28.090089090000298 ], [ -58.697595870000065, -28.081561150000315 ], [ -58.684780230000065, -28.060099330000316 ], [ -58.673158520000079, -28.063859080000309 ], [ -58.665587730000055, -28.049733320000303 ], [ -58.669922740000061, -28.04499852000032 ], [ -58.638789090000067, -28.039090100000298 ], [ -58.630477540000051, -28.020252700000317 ], [ -58.614847020000077, -28.018204440000311 ], [ -58.584322640000053, -27.996262570000308 ], [ -58.552352800000065, -27.994570310000313 ], [ -58.515200870000058, -27.976214660000331 ], [ -58.460655300000056, -27.974779270000329 ] ] ] ] } },
{ "type": "Feature", "properties": { "fid": 391, "gid": 1510, "DEPARTAMENTO": "Bella Vista", "PROVINCIA": "Corrientes" }, "geometry": { "type": "MultiPolygon", "coordinates": [ [ [ [ -59.010366600000076, -28.181881110000301 ], [ -58.992298, -28.172890390000319 ], [ -58.983734760000054, -28.193441510000319 ], [ -58.997423270000084, -28.210390080000305 ], [ -59.008081780000055, -28.204785730000317 ], [ -59.02114488000008, -28.212851410000319 ], [ -59.013505070000065, -28.223571970000307 ], [ -59.016382950000072, -28.255023810000303 ], [ -59.03323935000008, -28.266121400000323 ], [ -59.011594500000065, -28.268827730000321 ], [ -58.951954460000074, -28.303943530000328 ], [ -58.904925820000081, -28.282927180000303 ], [ -58.887769390000066, -28.287765940000305 ], [ -58.859497890000064, -28.280296890000312 ], [ -58.849571550000064, -28.257519060000305 ], [ -58.813711990000087, -28.240490320000312 ], [ -58.765677430000068, -28.33896475000029 ], [ -58.758783860000072, -28.336113010000322 ], [ -58.753722120000056, -28.38389863000031 ], [ -58.747228010000065, -28.393440430000329 ], [ -58.707015110000057, -28.403977100000301 ], [ -58.697743870000068, -28.418540070000322 ], [ -58.71408442000007, -28.440337280000314 ], [ -58.659708110000061, -28.509602410000301 ], [ -58.736054560000078, -28.58791765000031 ], [ -58.794980420000059, -28.620557850000331 ], [ -58.832358680000063, -28.6228042900003 ], [ -58.857222570000062, -28.639721570000301 ], [ -58.932549360000067, -28.728975990000322 ], [ -58.922499200000068, -28.731144280000297 ], [ -58.92941895000007, -28.734874650000307 ], [ -58.923687190000059, -28.739015330000306 ], [ -58.930817370000078, -28.740244090000338 ], [ -58.927896010000055, -28.746401320000306 ], [ -58.943310230000073, -28.750027500000325 ], [ -58.93595124000008, -28.754746820000314 ], [ -58.946133200000055, -28.757649250000327 ], [ -58.943874670000064, -28.763919010000311 ], [ -58.957724520000056, -28.763367210000307 ], [ -58.952117280000067, -28.773113120000321 ], [ -58.964615730000055, -28.777139610000308 ], [ -58.960412780000077, -28.7839610400003 ], [ -58.967481370000066, -28.780363050000307 ], [ -58.986468410000072, -28.811983240000316 ], [ -58.983023250000073, -28.818248480000317 ], [ -59.041511090000064, -28.809497560000317 ], [ -59.038493010000067, -28.793078010000311 ], [ -59.117887930000073, -28.781817150000297 ], [ -59.122349740000068, -28.768835940000319 ], [ -59.142661010000069, -28.774474350000308 ], [ -59.078600750000064, -28.667487390000293 ], [ -59.105012760000065, -28.633936990000326 ], [ -59.100721820000061, -28.580087350000301 ], [ -59.084311450000065, -28.539234440000314 ], [ -59.048857480000066, -28.493310850000331 ], [ -59.060516840000069, -28.462853750000313 ], [ -59.085977070000062, -28.435965840000321 ], [ -59.076213370000076, -28.365341000000317 ], [ -59.080972300000063, -28.347257090000316 ], [ -59.10345820000007, -28.32881627000031 ], [ -59.109533740000074, -28.229666570000298 ], [ -59.105012760000065, -28.217769270000321 ], [ -59.07447891000006, -28.195491870000328 ], [ -59.059045380000086, -28.1963564300003 ], [ -59.055626660000065, -28.217474460000307 ], [ -59.039887710000073, -28.222003770000313 ], [ -59.034748680000071, -28.213078150000303 ], [ -59.043704180000077, -28.210378370000313 ], [ -59.033903680000066, -28.194815690000311 ], [ -59.011599870000076, -28.187396970000314 ], [ -59.020271810000075, -28.173211050000305 ], [ -59.010366600000076, -28.181881110000301 ] ] ] ] } },
{ "type": "Feature", "properties": { "fid": 392, "gid": 1511, "DEPARTAMENTO": "Lavalle", "PROVINCIA": "Corrientes" }, "geometry": { "type": "MultiPolygon", "coordinates": [ [ [ [ -59.120150620000075, -28.773222300000302 ], [ -59.117887930000073, -28.781817150000297 ], [ -59.038493010000067, -28.793078010000311 ], [ -59.041511090000064, -28.809497560000317 ], [ -58.983023250000073, -28.818248480000317 ], [ -58.98868048000007, -28.827879390000302 ], [ -58.889999340000081, -28.844460730000321 ], [ -58.714837840000065, -28.949151270000321 ], [ -58.600573420000067, -29.050203880000311 ], [ -58.614207270000058, -29.053567610000314 ], [ -58.609498260000073, -29.061697390000326 ], [ -58.618638080000075, -29.066778700000309 ], [ -58.644194200000072, -29.063928810000313 ], [ -58.64680936000007, -29.078920020000322 ], [ -58.668493970000071, -29.082607460000304 ], [ -58.673637830000061, -29.103195110000314 ], [ -58.690212180000067, -29.101151620000305 ], [ -58.69601083000007, -29.111857450000318 ], [ -58.687287810000065, -29.118313180000303 ], [ -58.699508740000077, -29.119069830000303 ], [ -58.708342690000052, -29.134282620000299 ], [ -58.71784697000006, -29.135275090000309 ], [ -58.730393510000063, -29.179225820000308 ], [ -58.737333210000067, -29.18848960000032 ], [ -58.754796890000065, -29.190579880000325 ], [ -58.763425570000067, -29.200749080000314 ], [ -58.761620020000066, -29.217495630000304 ], [ -58.785409880000074, -29.230696290000303 ], [ -58.792066010000056, -29.255650480000298 ], [ -58.802577930000062, -29.259171090000311 ], [ -58.802327410000046, -29.242537690000301 ], [ -58.81323351000006, -29.238435090000316 ], [ -58.83922431000007, -29.242377910000318 ], [ -58.843423960000067, -29.253770400000299 ], [ -58.857786770000061, -29.255447590000308 ], [ -58.866489480000048, -29.247871720000301 ], [ -58.857550640000063, -29.242949810000315 ], [ -58.865017520000059, -29.241565070000313 ], [ -58.869011610000065, -29.222536740000319 ], [ -58.857160470000053, -29.213646190000322 ], [ -58.85796483000005, -29.19725546000031 ], [ -58.842654770000053, -29.181524950000291 ], [ -58.846293250000073, -29.173492430000302 ], [ -58.830401650000063, -29.173904560000292 ], [ -58.817202400000063, -29.148346530000296 ], [ -58.794891220000068, -29.133015990000303 ], [ -58.797006160000066, -29.122601300000323 ], [ -58.787984030000061, -29.112331070000302 ], [ -58.942621580000065, -29.071382140000331 ], [ -58.947703180000069, -29.079818360000303 ], [ -59.018932160000062, -29.064992810000327 ], [ -59.026499100000066, -29.089956780000293 ], [ -59.117220880000069, -29.08245278000031 ], [ -59.117984580000069, -29.066140490000322 ], [ -59.137609700000056, -29.07926807000031 ], [ -59.145369, -29.050607320000296 ], [ -59.163955530000059, -29.066258800000298 ], [ -59.182744270000079, -29.059578170000314 ], [ -59.193230560000075, -29.090147580000302 ], [ -59.211517280000066, -29.094464820000319 ], [ -59.212392590000071, -29.078735350000326 ], [ -59.234392530000065, -29.071421950000303 ], [ -59.199715310000066, -29.031544920000307 ], [ -59.209471100000073, -28.968965090000317 ], [ -59.195194330000078, -28.938032100000321 ], [ -59.169734100000078, -28.908764730000307 ], [ -59.158074740000082, -28.877355850000296 ], [ -59.160454200000068, -28.794788550000323 ], [ -59.14261238000006, -28.774429900000317 ], [ -59.120150620000075, -28.773222300000302 ] ] ] ] } },
{ "type": "Feature", "properties": { "fid": 393, "gid": 1512, "DEPARTAMENTO": "Goya", "PROVINCIA": "Corrientes" }, "geometry": { "type": "MultiPolygon", "coordinates": [ [ [ [ -59.146325300000065, -29.050939260000305 ], [ -59.137609700000056, -29.07926807000031 ], [ -59.117984580000069, -29.066140490000322 ], [ -59.117220880000069, -29.08245278000031 ], [ -59.026499100000066, -29.089956780000293 ], [ -59.018932160000062, -29.064992810000327 ], [ -58.947703180000069, -29.079818360000303 ], [ -58.942621580000065, -29.071382140000331 ], [ -58.787984030000061, -29.112331070000302 ], [ -58.797006160000066, -29.122601300000323 ], [ -58.794891220000068, -29.133015990000303 ], [ -58.817202400000063, -29.148346530000296 ], [ -58.830401650000063, -29.173904560000292 ], [ -58.846293250000073, -29.173492430000302 ], [ -58.842654770000053, -29.181524950000291 ], [ -58.85796483000005, -29.19725546000031 ], [ -58.857160470000053, -29.213646190000322 ], [ -58.869011610000065, -29.222536740000319 ], [ -58.865017520000059, -29.241565070000313 ], [ -58.857550640000063, -29.242949810000315 ], [ -58.866489480000048, -29.247871720000301 ], [ -58.858229510000072, -29.25518889000033 ], [ -58.843423960000067, -29.253770400000299 ], [ -58.83922431000007, -29.242377910000318 ], [ -58.81323351000006, -29.238435090000316 ], [ -58.802327410000046, -29.242537690000301 ], [ -58.806607790000065, -29.252315860000301 ], [ -58.80085815000006, -29.251130690000323 ], [ -58.802280720000063, -29.262165120000304 ], [ -58.792305170000077, -29.269361700000299 ], [ -58.809928340000063, -29.279668070000302 ], [ -58.816516400000076, -29.300517620000321 ], [ -58.828663880000065, -29.305718430000304 ], [ -58.83607211000006, -29.321757160000306 ], [ -58.84494686000005, -29.319348330000317 ], [ -58.86171005000007, -29.329992980000295 ], [ -58.862801720000057, -29.346158560000305 ], [ -58.843743440000068, -29.349129180000308 ], [ -58.854630020000066, -29.354232060000314 ], [ -58.852012570000078, -29.364622720000305 ], [ -58.864006890000063, -29.387734540000306 ], [ -58.87435635000007, -29.391066330000303 ], [ -58.867991930000052, -29.411083880000305 ], [ -58.886149480000078, -29.415098630000305 ], [ -58.894268170000053, -29.436534830000301 ], [ -58.90972268000008, -29.449978060000308 ], [ -58.907622010000054, -29.465200930000314 ], [ -58.928010160000071, -29.47593738000031 ], [ -58.960483650000057, -29.519024260000318 ], [ -58.957907040000073, -29.530601960000318 ], [ -58.972550120000065, -29.531075320000316 ], [ -59.056439230000059, -29.580483470000299 ], [ -59.077850430000076, -29.630405490000324 ], [ -59.074668780000081, -29.639356530000303 ], [ -59.088506910000063, -29.646579420000297 ], [ -59.081192640000062, -29.656885280000303 ], [ -59.14434520000006, -29.685029760000294 ], [ -59.137154430000066, -29.708814250000309 ], [ -59.171643950000089, -29.71824044000029 ], [ -59.169860110000087, -29.732802310000299 ], [ -59.231405840000065, -29.765875090000307 ], [ -59.249343070000066, -29.766301580000306 ], [ -59.262276570000061, -29.783453540000288 ], [ -59.31240223000006, -29.784971150000306 ], [ -59.307761870000071, -29.800337020000303 ], [ -59.333544300000064, -29.816210230000316 ], [ -59.35291799000008, -29.799666750000295 ], [ -59.360101010000058, -29.813641790000304 ], [ -59.382476590000074, -29.8242772100003 ], [ -59.390231980000074, -29.824466180000297 ], [ -59.390567160000067, -29.812047860000312 ], [ -59.409063290000077, -29.811950740000299 ], [ -59.416474930000078, -29.824322160000314 ], [ -59.442992920000073, -29.8320938300003 ], [ -59.444936750000068, -29.841836830000293 ], [ -59.474087400000059, -29.851861500000282 ], [ -59.473467760000077, -29.859659230000297 ], [ -59.48686541000005, -29.865755270000292 ], [ -59.482453110000073, -29.878281670000295 ], [ -59.499245660000064, -29.9251088200003 ], [ -59.498017750000081, -29.942868070000305 ], [ -59.516580220000066, -29.9851409900003 ], [ -59.545570330000082, -30.016551510000305 ], [ -59.552068850000069, -30.008554190000293 ], [ -59.569479550000061, -30.019010230000291 ], [ -59.566390240000061, -30.004268560000305 ], [ -59.588911180000075, -29.976252330000314 ], [ -59.604699560000057, -29.902665570000291 ], [ -59.619690170000062, -29.878633020000301 ], [ -59.659665110000056, -29.843179050000327 ], [ -59.655857970000064, -29.823905420000298 ], [ -59.617548650000082, -29.775840310000312 ], [ -59.610648220000058, -29.726585460000312 ], [ -59.613979460000074, -29.668764560000291 ], [ -59.599933070000063, -29.583602990000312 ], [ -59.590184850000071, -29.569778990000309 ], [ -59.579953170000067, -29.459847890000329 ], [ -59.605245390000086, -29.408775850000307 ], [ -59.604283190000075, -29.39474316000031 ], [ -59.594012670000062, -29.382483700000311 ], [ -59.519787980000061, -29.3431890300003 ], [ -59.511932990000069, -29.316822180000297 ], [ -59.510931880000058, -29.25725453000031 ], [ -59.500633420000078, -29.243517510000309 ], [ -59.402065330000056, -29.216896410000309 ], [ -59.396800800000058, -29.190517250000312 ], [ -59.346766, -29.114350160000306 ], [ -59.275303440000066, -29.099566870000324 ], [ -59.234392530000065, -29.071421950000303 ], [ -59.212392590000071, -29.078735350000326 ], [ -59.211517280000066, -29.094464820000319 ], [ -59.200842580000064, -29.092971990000322 ], [ -59.184445910000065, -29.076744790000312 ], [ -59.182744270000079, -29.059578170000314 ], [ -59.164722510000061, -29.066363670000314 ], [ -59.146325300000065, -29.050939260000305 ] ] ] ] } },
{ "type": "Feature", "properties": { "fid": 394, "gid": 1513, "DEPARTAMENTO": "Esquina", "PROVINCIA": "Corrientes" }, "geometry": { "type": "MultiPolygon", "coordinates": [ [ [ [ -59.125947030000049, -30.182143390000302 ], [ -59.110128150000072, -30.279876920000294 ], [ -59.120707620000061, -30.276026440000312 ], [ -59.12372546000006, -30.284831670000322 ], [ -59.136577340000059, -30.286569240000318 ], [ -59.136474530000065, -30.311573860000298 ], [ -59.143579050000049, -30.3171258700003 ], [ -59.158693420000077, -30.323034570000292 ], [ -59.171678400000054, -30.318092330000287 ], [ -59.180983160000061, -30.332968820000293 ], [ -59.19213859000007, -30.329545930000311 ], [ -59.192202040000069, -30.336716970000285 ], [ -59.200939560000066, -30.334840900000312 ], [ -59.201338770000071, -30.342279220000297 ], [ -59.230416630000079, -30.356175030000305 ], [ -59.229703380000068, -30.364174530000287 ], [ -59.25239848000006, -30.365212470000301 ], [ -59.273512, -30.352434420000293 ], [ -59.273063470000061, -30.359394340000282 ], [ -59.288669160000062, -30.355543180000318 ], [ -59.288267030000064, -30.361884450000304 ], [ -59.300562900000067, -30.356718640000278 ], [ -59.298892520000074, -30.346711810000315 ], [ -59.323731710000061, -30.3542440000003 ], [ -59.347147990000074, -30.324656590000295 ], [ -59.378451740000067, -30.32584636000032 ], [ -59.419647050000059, -30.315735550000291 ], [ -59.440970320000069, -30.329454730000293 ], [ -59.464028360000064, -30.32432269000029 ], [ -59.464823460000062, -30.337029910000297 ], [ -59.477096990000071, -30.334731330000285 ], [ -59.490211820000056, -30.344330750000314 ], [ -59.526812720000081, -30.334442200000293 ], [ -59.545663930000067, -30.339928740000286 ], [ -59.557735070000078, -30.332649600000291 ], [ -59.556836730000065, -30.352301940000299 ], [ -59.565845140000071, -30.347612030000288 ], [ -59.574663570000077, -30.370973650000309 ], [ -59.572440490000062, -30.408417770000288 ], [ -59.590609140000062, -30.434990710000285 ], [ -59.615097060000068, -30.419206920000295 ], [ -59.632170890000076, -30.390642510000301 ], [ -59.636819720000062, -30.35775436000031 ], [ -59.657519490000062, -30.352801500000304 ], [ -59.671672110000081, -30.338662070000304 ], [ -59.668945010000073, -30.323830160000306 ], [ -59.693453460000079, -30.313122590000294 ], [ -59.712013250000069, -30.276240940000328 ], [ -59.707254330000076, -30.266723100000309 ], [ -59.663472250000062, -30.256729370000301 ], [ -59.636584340000056, -30.237455730000303 ], [ -59.625876770000062, -30.211519610000298 ], [ -59.631349530000087, -30.167975470000307 ], [ -59.612075890000078, -30.102540300000303 ], [ -59.569479550000061, -30.019010230000291 ], [ -59.552068850000069, -30.008554190000293 ], [ -59.545570330000082, -30.016551510000305 ], [ -59.516580220000066, -29.9851409900003 ], [ -59.498017750000081, -29.942868070000305 ], [ -59.499245660000064, -29.9251088200003 ], [ -59.482453110000073, -29.878281670000295 ], [ -59.48686541000005, -29.865755270000292 ], [ -59.473467760000077, -29.859659230000297 ], [ -59.474087400000059, -29.851861500000282 ], [ -59.444936750000068, -29.841836830000293 ], [ -59.442992920000073, -29.8320938300003 ], [ -59.416474930000078, -29.824322160000314 ], [ -59.409063290000077, -29.811950740000299 ], [ -59.390567160000067, -29.812047860000312 ], [ -59.390231980000074, -29.824466180000297 ], [ -59.382476590000074, -29.8242772100003 ], [ -59.360101010000058, -29.813641790000304 ], [ -59.35291799000008, -29.799666750000295 ], [ -59.333544300000064, -29.816210230000316 ], [ -59.307761870000071, -29.800337020000303 ], [ -59.314137510000073, -29.785806460000327 ], [ -59.262276570000061, -29.783453540000288 ], [ -59.249343070000066, -29.766301580000306 ], [ -59.231405840000065, -29.765875090000307 ], [ -59.169860110000087, -29.732802310000299 ], [ -59.171643950000089, -29.71824044000029 ], [ -59.134540840000064, -29.705641440000313 ], [ -59.141983180000061, -29.70172458000031 ], [ -59.14434520000006, -29.685029760000294 ], [ -59.080284630000079, -29.655912020000301 ], [ -59.088506910000063, -29.646579420000297 ], [ -59.074668780000081, -29.639356530000303 ], [ -59.077850430000076, -29.630405490000324 ], [ -59.056439230000059, -29.580483470000299 ], [ -58.972550120000065, -29.531075320000316 ], [ -58.960247280000075, -29.532700420000296 ], [ -58.960483650000057, -29.519024260000318 ], [ -58.925432450000059, -29.473710930000301 ], [ -58.907622010000054, -29.465200930000314 ], [ -58.860343240000063, -29.474343960000315 ], [ -58.873566700000069, -29.551808880000301 ], [ -58.77320490000006, -29.56846101000032 ], [ -58.730271630000061, -29.589158860000289 ], [ -58.717913280000062, -29.644793430000291 ], [ -58.746397280000068, -29.652985100000308 ], [ -58.742270410000053, -29.661278570000309 ], [ -58.74945339000007, -29.665495160000301 ], [ -58.759055980000063, -29.661539360000297 ], [ -58.784842900000079, -29.670660210000314 ], [ -58.791205040000058, -29.681162870000307 ], [ -58.804674580000061, -29.680925940000314 ], [ -58.843526650000065, -29.716615820000293 ], [ -58.854532280000065, -29.713346030000306 ], [ -58.866553150000072, -29.719476800000297 ], [ -58.862861740000056, -29.727718000000284 ], [ -58.873882630000054, -29.726353870000299 ], [ -58.876317560000068, -29.738923270000306 ], [ -58.856787940000054, -29.742138970000308 ], [ -58.859889290000069, -29.751984640000323 ], [ -58.849568420000054, -29.754203720000302 ], [ -58.861388510000069, -29.817377400000296 ], [ -58.908512320000064, -29.810495560000302 ], [ -58.957272910000064, -29.830930690000312 ], [ -58.962223690000073, -29.858241960000303 ], [ -59.024842900000074, -29.84918410000029 ], [ -59.073513390000087, -30.09952731000029 ], [ -59.069410250000054, -30.1285620400003 ], [ -59.051782040000084, -30.133960960000298 ], [ -59.068473690000062, -30.164467910000319 ], [ -59.103542980000064, -30.178257390000304 ], [ -59.115234200000067, -30.172866110000314 ], [ -59.125947030000049, -30.182143390000302 ] ] ] ] } },
{ "type": "Feature", "properties": { "fid": 395, "gid": 1514, "DEPARTAMENTO": "Sauce", "PROVINCIA": "Corrientes" }, "geometry": { "type": "MultiPolygon", "coordinates": [ [ [ [ -58.696131360000074, -29.629343960000298 ], [ -58.718117960000058, -29.726348250000314 ], [ -58.682442020000067, -29.772498640000325 ], [ -58.70049486000007, -29.778432370000289 ], [ -58.709247100000063, -29.804001790000317 ], [ -58.724109940000062, -29.811957530000303 ], [ -58.752860110000064, -29.860746710000321 ], [ -58.718126520000062, -29.851223760000298 ], [ -58.694635750000053, -29.831973760000302 ], [ -58.687883890000073, -29.838617210000294 ], [ -58.652188800000062, -29.835857790000301 ], [ -58.637672370000068, -29.845856170000292 ], [ -58.600609, -29.833954090000297 ], [ -58.580822490000074, -29.837782170000303 ], [ -58.56318042000008, -29.865799300000305 ], [ -58.536830870000081, -29.881487060000307 ], [ -58.527507730000075, -29.914881850000295 ], [ -58.531657210000063, -29.928259210000302 ], [ -58.50816893000006, -29.963719610000286 ], [ -58.469068140000061, -29.990322670000307 ], [ -58.445283970000048, -30.096398190000297 ], [ -58.459345520000063, -30.101446930000304 ], [ -58.471427840000061, -30.122990180000304 ], [ -58.51423586000007, -30.11991945000031 ], [ -58.539330930000062, -30.151902820000313 ], [ -58.564520010000052, -30.151005150000284 ], [ -58.630014640000063, -30.176859120000309 ], [ -58.647138590000068, -30.163193880000307 ], [ -58.65874002000006, -30.168849560000336 ], [ -58.681664940000061, -30.163581440000293 ], [ -58.681675650000074, -30.175745240000307 ], [ -58.721058110000079, -30.186399280000312 ], [ -58.754840500000064, -30.215877230000302 ], [ -58.795775560000067, -30.218511290000286 ], [ -58.803752700000054, -30.210833960000315 ], [ -58.831024900000052, -30.231296140000307 ], [ -58.869797020000064, -30.234444170000295 ], [ -58.878459450000058, -30.246543720000293 ], [ -58.902123190000061, -30.24857816000031 ], [ -58.957481350000066, -30.227666270000299 ], [ -58.964580470000072, -30.218457760000305 ], [ -59.001464830000074, -30.223731190000304 ], [ -59.008652850000068, -30.218522000000299 ], [ -59.051351090000054, -30.234998580000305 ], [ -59.064251340000055, -30.230817870000308 ], [ -59.081459, -30.249074280000318 ], [ -59.075323560000065, -30.256976470000293 ], [ -59.107791900000066, -30.273380480000291 ], [ -59.125947030000049, -30.182143390000302 ], [ -59.115234200000067, -30.172866110000314 ], [ -59.103542980000064, -30.178257390000304 ], [ -59.068473690000062, -30.164467910000319 ], [ -59.051782040000084, -30.133960960000298 ], [ -59.069410250000054, -30.1285620400003 ], [ -59.073513390000087, -30.09952731000029 ], [ -59.024842900000074, -29.84918410000029 ], [ -58.962223690000073, -29.858241960000303 ], [ -58.957272910000064, -29.830930690000312 ], [ -58.908512320000064, -29.810495560000302 ], [ -58.861388510000069, -29.817377400000296 ], [ -58.849568420000054, -29.754203720000302 ], [ -58.859889290000069, -29.751984640000323 ], [ -58.856787940000054, -29.742138970000308 ], [ -58.876317560000068, -29.738923270000306 ], [ -58.873882630000054, -29.726353870000299 ], [ -58.862861740000056, -29.727718000000284 ], [ -58.866553150000072, -29.719476800000297 ], [ -58.854532280000065, -29.713346030000306 ], [ -58.843526650000065, -29.716615820000293 ], [ -58.822010340000062, -29.691470950000312 ], [ -58.789924040000066, -29.680566890000296 ], [ -58.784842900000079, -29.670660210000314 ], [ -58.742925310000061, -29.662726580000331 ], [ -58.746397280000068, -29.652985100000308 ], [ -58.726142680000066, -29.649647190000323 ], [ -58.696131360000074, -29.629343960000298 ] ] ] ] } },
{ "type": "Feature", "properties": { "fid": 396, "gid": 1515, "DEPARTAMENTO": "Curuzú Cuatiá", "PROVINCIA": "Corrientes" }, "geometry": { "type": "MultiPolygon", "coordinates": [ [ [ [ -58.61306552000007, -29.05276499000032 ], [ -58.574902510000065, -29.052469430000297 ], [ -58.559256240000067, -29.046608330000311 ], [ -58.559326030000065, -29.058753640000294 ], [ -58.532924930000064, -29.067401760000315 ], [ -58.526139510000085, -29.094667030000323 ], [ -58.536243280000079, -29.094520110000307 ], [ -58.491961170000081, -29.105438800000325 ], [ -58.480137660000054, -29.126529210000292 ], [ -58.466472330000059, -29.129683280000311 ], [ -58.442136990000058, -29.172605960000293 ], [ -58.409194320000061, -29.193230660000314 ], [ -58.390164290000065, -29.188202170000309 ], [ -58.371053970000069, -29.22952922000032 ], [ -58.336887400000073, -29.247524200000306 ], [ -58.306519500000064, -29.25250170000032 ], [ -58.248900360000057, -29.314358120000314 ], [ -58.235052240000059, -29.344760800000319 ], [ -58.216140220000071, -29.35530396000032 ], [ -58.192068030000065, -29.403665410000308 ], [ -58.151115970000049, -29.439166140000292 ], [ -58.111465420000073, -29.442994090000298 ], [ -58.093802410000059, -29.464767940000311 ], [ -58.060987450000063, -29.472354070000314 ], [ -58.059002770000063, -29.479776050000314 ], [ -58.014877810000058, -29.480967920000307 ], [ -57.952360180000056, -29.5352856400003 ], [ -57.898006420000073, -29.549281310000307 ], [ -57.903082170000062, -29.557947690000308 ], [ -57.894348250000064, -29.559743330000302 ], [ -57.88553699000007, -29.586414390000311 ], [ -57.867737770000062, -29.604429630000304 ], [ -57.87290011000006, -29.629695120000321 ], [ -57.828452450000071, -29.681810260000308 ], [ -57.819768190000069, -29.681661310000319 ], [ -57.82107113000005, -29.693890160000315 ], [ -57.800592390000062, -29.705544300000298 ], [ -57.804843970000064, -29.709361450000305 ], [ -57.755610710000035, -29.713720000000297 ], [ -57.755900100000069, -29.726825830000298 ], [ -57.734719340000069, -29.741270410000308 ], [ -57.688650540000047, -29.712258410000324 ], [ -57.680953240000051, -29.713263470000321 ], [ -57.680188060000049, -29.723159000000312 ], [ -57.671034540000065, -29.719024450000312 ], [ -57.657234, -29.726409760000323 ], [ -57.646787480000057, -29.717169500000299 ], [ -57.629800890000048, -29.721883720000299 ], [ -57.63387058000005, -29.727263430000299 ], [ -57.616558330000061, -29.736569270000313 ], [ -57.620387220000055, -29.74315030000032 ], [ -57.610098240000063, -29.749431700000304 ], [ -57.673796400000064, -29.761143170000306 ], [ -57.690900930000062, -29.771465160000307 ], [ -57.681137830000047, -29.783396440000324 ], [ -57.690927850000072, -29.79872637000031 ], [ -57.676738830000055, -29.801262490000308 ], [ -57.677653760000062, -29.819606390000299 ], [ -57.646365380000056, -29.826925800000318 ], [ -57.68455014000007, -29.834983070000316 ], [ -57.674216490000063, -29.839239960000292 ], [ -57.67316404000006, -29.858193710000304 ], [ -57.704155900000075, -29.856927000000304 ], [ -57.687603150000044, -29.898483040000301 ], [ -57.702492160000062, -29.917073110000299 ], [ -57.687491580000049, -29.916913110000309 ], [ -57.691876880000052, -29.933366620000292 ], [ -57.701192660000046, -29.93628973000029 ], [ -57.678616140000052, -29.940417620000311 ], [ -57.677138970000065, -29.949414410000291 ], [ -57.686335110000066, -29.946069750000301 ], [ -57.689002300000055, -29.960335660000318 ], [ -57.667650360000081, -29.98270875000031 ], [ -57.639734110000063, -29.986604460000308 ], [ -57.65779722000007, -30.005670940000297 ], [ -57.66225880000006, -30.002504850000321 ], [ -57.660019090000056, -30.009389870000312 ], [ -57.671614420000054, -30.005885320000299 ], [ -57.68881085000006, -30.025655420000284 ], [ -57.708024130000069, -30.016041180000322 ], [ -57.706728230000067, -30.003581620000304 ], [ -57.719139110000057, -29.995652910000299 ], [ -57.719098090000074, -29.986366370000312 ], [ -57.738239470000075, -29.981055540000302 ], [ -57.750573470000056, -29.964293120000313 ], [ -57.765991710000051, -29.971380290000301 ], [ -57.786497400000052, -29.965693730000304 ], [ -57.81705245000007, -29.940105740000298 ], [ -57.835701820000047, -29.940827730000301 ], [ -57.854423290000049, -29.927537640000313 ], [ -57.860815560000049, -29.899545720000312 ], [ -57.881410530000053, -29.870417450000303 ], [ -57.903312640000074, -29.865389220000306 ], [ -57.903408890000051, -29.8496475700003 ], [ -57.916523700000049, -29.835917990000315 ], [ -57.992263510000072, -29.821113730000295 ], [ -58.030932360000065, -29.850819770000292 ], [ -58.070579030000061, -29.8589608800003 ], [ -58.077204460000061, -29.891438930000287 ], [ -58.053989540000067, -29.899749280000314 ], [ -58.046767470000063, -29.951119000000297 ], [ -57.992096300000057, -29.978210680000327 ], [ -58.06143768000004, -30.105598580000304 ], [ -58.048128080000062, -30.140531970000314 ], [ -58.024917980000062, -30.148084640000285 ], [ -58.030452160000067, -30.19819271000031 ], [ -58.022142640000069, -30.220577740000319 ], [ -58.03651377000007, -30.233106340000315 ], [ -58.041383020000069, -30.251581130000318 ], [ -58.032931230000074, -30.257556110000337 ], [ -58.046338050000053, -30.265224830000317 ], [ -58.041921190000053, -30.275001530000313 ], [ -58.051495600000045, -30.289929530000297 ], [ -58.037202760000049, -30.306076370000298 ], [ -58.057684500000057, -30.331023540000295 ], [ -58.047982340000061, -30.350467130000311 ], [ -58.067643810000064, -30.360062890000297 ], [ -58.06684190000005, -30.373860600000306 ], [ -58.072396170000061, -30.371893930000294 ], [ -58.077778390000063, -30.382709370000292 ], [ -58.075259020000061, -30.397274370000314 ], [ -58.081856150000057, -30.398726170000309 ], [ -58.07147035000007, -30.420026030000308 ], [ -58.070895230000062, -30.430632520000305 ], [ -58.127997730000061, -30.404463950000292 ], [ -58.14228193000006, -30.405237570000313 ], [ -58.191949590000043, -30.335628310000317 ], [ -58.193892910000066, -30.309433990000308 ], [ -58.20691999000006, -30.288615530000303 ], [ -58.262191820000062, -30.255667940000301 ], [ -58.295900880000048, -30.245999520000296 ], [ -58.346454350000052, -30.271261200000275 ], [ -58.404004720000046, -30.249787370000313 ], [ -58.414591370000061, -30.234956420000291 ], [ -58.436519350000047, -30.2299249200003 ], [ -58.437047230000047, -30.221674950000292 ], [ -58.451526750000063, -30.224856000000305 ], [ -58.47015999000007, -30.203043040000317 ], [ -58.496562410000067, -30.207688250000317 ], [ -58.51998532000006, -30.191736410000335 ], [ -58.563668370000066, -30.179187990000312 ], [ -58.574865330000065, -30.1571135900003 ], [ -58.538419940000068, -30.151381380000313 ], [ -58.509426860000062, -30.117174340000297 ], [ -58.471427840000061, -30.122990180000304 ], [ -58.459345520000063, -30.101446930000304 ], [ -58.445283970000048, -30.096398190000297 ], [ -58.469068140000061, -29.990322670000307 ], [ -58.50816893000006, -29.963719610000286 ], [ -58.531657210000063, -29.928259210000302 ], [ -58.527507730000075, -29.914881850000295 ], [ -58.537249800000055, -29.880796700000307 ], [ -58.560421790000056, -29.868407010000311 ], [ -58.565264210000066, -29.8534449700003 ], [ -58.590038190000072, -29.833409830000299 ], [ -58.637672370000068, -29.845856170000292 ], [ -58.652188800000062, -29.835857790000301 ], [ -58.687883890000073, -29.838617210000294 ], [ -58.694635750000053, -29.831973760000302 ], [ -58.718126520000062, -29.851223760000298 ], [ -58.752860110000064, -29.860746710000321 ], [ -58.724109940000062, -29.811957530000303 ], [ -58.709247100000063, -29.804001790000317 ], [ -58.70049486000007, -29.778432370000289 ], [ -58.682442020000067, -29.772498640000325 ], [ -58.718117960000058, -29.726348250000314 ], [ -58.696131360000074, -29.629343960000298 ], [ -58.719155420000064, -29.642242880000303 ], [ -58.730271630000061, -29.589158860000289 ], [ -58.77320490000006, -29.56846101000032 ], [ -58.873566700000069, -29.551808880000301 ], [ -58.860343240000063, -29.474343960000315 ], [ -58.907622010000054, -29.465200930000314 ], [ -58.90972268000008, -29.449978060000308 ], [ -58.894268170000053, -29.436534830000301 ], [ -58.884159610000083, -29.413052360000297 ], [ -58.869087870000065, -29.413273720000298 ], [ -58.87435635000007, -29.391066330000303 ], [ -58.864006890000063, -29.387734540000306 ], [ -58.852012570000078, -29.364622720000305 ], [ -58.854630020000066, -29.354232060000314 ], [ -58.843743440000068, -29.349129180000308 ], [ -58.862801720000057, -29.346158560000305 ], [ -58.86171005000007, -29.329992980000295 ], [ -58.84494686000005, -29.319348330000317 ], [ -58.83607211000006, -29.321757160000306 ], [ -58.828663880000065, -29.305718430000304 ], [ -58.816516400000076, -29.300517620000321 ], [ -58.809928340000063, -29.279668070000302 ], [ -58.792927440000078, -29.270534930000313 ], [ -58.80264690000007, -29.260464490000313 ], [ -58.792066010000056, -29.255650480000298 ], [ -58.793013980000069, -29.240710160000301 ], [ -58.776131660000061, -29.221894790000317 ], [ -58.761620020000066, -29.217495630000304 ], [ -58.763425570000067, -29.200749080000314 ], [ -58.754796890000065, -29.190579880000325 ], [ -58.737333210000067, -29.18848960000032 ], [ -58.730393510000063, -29.179225820000308 ], [ -58.71784697000006, -29.135275090000309 ], [ -58.708342690000052, -29.134282620000299 ], [ -58.699508740000077, -29.119069830000303 ], [ -58.687287810000065, -29.118313180000303 ], [ -58.69601083000007, -29.111857450000318 ], [ -58.690212180000067, -29.101151620000305 ], [ -58.673637830000061, -29.103195110000314 ], [ -58.668493970000071, -29.082607460000304 ], [ -58.64680936000007, -29.078920020000322 ], [ -58.644194200000072, -29.063928810000313 ], [ -58.618638080000075, -29.066778700000309 ], [ -58.609498260000073, -29.061697390000326 ], [ -58.61306552000007, -29.05276499000032 ] ] ] ] } },
{ "type": "Feature", "properties": { "fid": 397, "gid": 1516, "DEPARTAMENTO": "Monte Caseros", "PROVINCIA": "Corrientes" }, "geometry": { "type": "MultiPolygon", "coordinates": [ [ [ [ -57.97527385000005, -29.819702230000313 ], [ -57.915927260000068, -29.836319040000323 ], [ -57.903408890000051, -29.8496475700003 ], [ -57.903312640000074, -29.865389220000306 ], [ -57.881410530000053, -29.870417450000303 ], [ -57.860815560000049, -29.899545720000312 ], [ -57.854423290000049, -29.927537640000313 ], [ -57.835701820000047, -29.940827730000301 ], [ -57.81705245000007, -29.940105740000298 ], [ -57.786497400000052, -29.965693730000304 ], [ -57.765991710000051, -29.971380290000301 ], [ -57.750573470000056, -29.964293120000313 ], [ -57.738239470000075, -29.981055540000302 ], [ -57.719283100000048, -29.986157890000303 ], [ -57.719139110000057, -29.995652910000299 ], [ -57.706728230000067, -30.003581620000304 ], [ -57.708024130000069, -30.016041180000322 ], [ -57.692130110000058, -30.02519599000032 ], [ -57.670810590000066, -30.005799210000305 ], [ -57.609130180000058, -30.02080287000031 ], [ -57.576783540000051, -30.007476130000285 ], [ -57.561790390000056, -30.021157820000319 ], [ -57.566683580000067, -30.042182210000313 ], [ -57.575735990000048, -30.047713190000305 ], [ -57.589658870000051, -30.042915640000299 ], [ -57.60111852000005, -30.059660280000301 ], [ -57.559257250000051, -30.074002960000303 ], [ -57.594296300000067, -30.08937827000031 ], [ -57.611819540000056, -30.087326840000301 ], [ -57.62326744000007, -30.104903820000313 ], [ -57.625183810000067, -30.128321140000299 ], [ -57.614417580000065, -30.163520500000306 ], [ -57.655601200000056, -30.153705360000306 ], [ -57.628228500000048, -30.174460670000297 ], [ -57.641343480000074, -30.178844250000321 ], [ -57.653572610000047, -30.196266140000311 ], [ -57.615222620000054, -30.254466110000298 ], [ -57.642920360000062, -30.341904990000312 ], [ -57.723053820000054, -30.400414390000304 ], [ -57.768002530000054, -30.418494050000302 ], [ -57.78771201000005, -30.442683270000302 ], [ -57.844024, -30.469297370000305 ], [ -57.889559470000052, -30.510663410000316 ], [ -57.887269340000039, -30.587569740000301 ], [ -57.846474110000059, -30.620711490000289 ], [ -57.843539510000049, -30.659277560000298 ], [ -57.808972730000058, -30.695269040000305 ], [ -57.809508950000058, -30.730191960000308 ], [ -57.821522930000057, -30.7194025100003 ], [ -57.843748050000052, -30.721657960000314 ], [ -57.854834690000061, -30.694650300000301 ], [ -57.89477870000006, -30.66941139000031 ], [ -57.974850370000041, -30.64734048000031 ], [ -57.97312531000005, -30.637676190000306 ], [ -57.985080910000072, -30.632603180000295 ], [ -57.980232630000067, -30.62939672000028 ], [ -58.033320910000064, -30.597927300000315 ], [ -58.037024860000066, -30.567899540000305 ], [ -58.045462110000067, -30.559214660000315 ], [ -58.052957910000067, -30.563181670000308 ], [ -58.069125850000063, -30.544908150000296 ], [ -58.062815520000065, -30.535210650000298 ], [ -58.070177570000055, -30.524384110000316 ], [ -58.059459290000049, -30.513959690000291 ], [ -58.057897170000054, -30.493714040000299 ], [ -58.073796730000041, -30.481773910000292 ], [ -58.068769250000067, -30.475674230000283 ], [ -58.079519340000068, -30.455125140000305 ], [ -58.071636680000054, -30.450871110000296 ], [ -58.075188720000071, -30.436781870000292 ], [ -58.068476260000061, -30.435529080000304 ], [ -58.081856150000057, -30.398726170000309 ], [ -58.075259020000061, -30.397274370000314 ], [ -58.077778390000063, -30.382709370000292 ], [ -58.072396170000061, -30.371893930000294 ], [ -58.06684190000005, -30.373860600000306 ], [ -58.067643810000064, -30.360062890000297 ], [ -58.047982340000061, -30.350467130000311 ], [ -58.057684500000057, -30.331023540000295 ], [ -58.037202760000049, -30.306076370000298 ], [ -58.051495600000045, -30.289929530000297 ], [ -58.041921190000053, -30.275001530000313 ], [ -58.046338050000053, -30.265224830000317 ], [ -58.032931230000074, -30.257556110000337 ], [ -58.041383020000069, -30.251581130000318 ], [ -58.03651377000007, -30.233106340000315 ], [ -58.022142640000069, -30.220577740000319 ], [ -58.030452160000067, -30.19819271000031 ], [ -58.024917980000062, -30.148084640000285 ], [ -58.048128080000062, -30.140531970000314 ], [ -58.06143768000004, -30.105598580000304 ], [ -57.992096300000057, -29.978210680000327 ], [ -58.046767470000063, -29.951119000000297 ], [ -58.053989540000067, -29.899749280000314 ], [ -58.077204460000061, -29.891438930000287 ], [ -58.074045790000071, -29.865920630000307 ], [ -58.067100530000062, -29.866774250000304 ], [ -58.070579030000061, -29.8589608800003 ], [ -58.020222960000069, -29.844778050000311 ], [ -57.999362990000073, -29.822444870000293 ], [ -57.97527385000005, -29.819702230000313 ] ] ] ] } },
{ "type": "Feature", "properties": { "fid": 398, "gid": 1517, "DEPARTAMENTO": "Paso de los Libres", "PROVINCIA": "Corrientes" }, "geometry": { "type": "MultiPolygon", "coordinates": [ [ [ [ -57.508776820000051, -29.177617860000336 ], [ -57.475850310000069, -29.1823591300003 ], [ -57.452940270000056, -29.207068500000315 ], [ -57.451308760000053, -29.202003690000303 ], [ -57.423756520000047, -29.223335910000316 ], [ -57.345900390000068, -29.22810694000032 ], [ -57.322673560000062, -29.240470950000326 ], [ -57.280898570000055, -29.245811490000325 ], [ -57.13533283000006, -29.244797520000308 ], [ -57.100805880000067, -29.257233270000313 ], [ -56.950246580000062, -29.201235100000329 ], [ -56.91953556000005, -29.209583620000302 ], [ -56.866693070000053, -29.201624550000311 ], [ -56.855112330000054, -29.2580273000003 ], [ -56.859599270000068, -29.309863250000319 ], [ -56.848421780000052, -29.322824550000316 ], [ -56.862224580000053, -29.340197640000305 ], [ -56.852714410000054, -29.373207500000309 ], [ -56.864946300000057, -29.388363590000317 ], [ -56.851695640000052, -29.425812510000295 ], [ -56.868335570000063, -29.444274980000287 ], [ -56.86977232000006, -29.469352290000323 ], [ -56.83865068000005, -29.498215950000304 ], [ -56.899922860000046, -29.533386760000329 ], [ -56.969577170000058, -29.605023310000323 ], [ -56.968237180000067, -29.639106220000308 ], [ -57.005869600000047, -29.656120830000312 ], [ -57.030181610000064, -29.691758980000316 ], [ -57.110219590000057, -29.756997900000307 ], [ -57.16989582000005, -29.781163640000294 ], [ -57.229949010000063, -29.779163860000317 ], [ -57.289465190000058, -29.825349390000298 ], [ -57.327833490000074, -29.8832638000003 ], [ -57.326044240000051, -29.965012640000307 ], [ -57.342929440000056, -29.999995710000302 ], [ -57.408541030000073, -30.032024380000298 ], [ -57.445885540000063, -30.071639520000321 ], [ -57.474243240000057, -30.119768410000294 ], [ -57.549040400000074, -30.166020600000294 ], [ -57.599893460000047, -30.179209700000317 ], [ -57.628228500000048, -30.174460670000297 ], [ -57.655601200000056, -30.153705360000306 ], [ -57.614417580000065, -30.163520500000306 ], [ -57.625183810000067, -30.128321140000299 ], [ -57.62326744000007, -30.104903820000313 ], [ -57.611819540000056, -30.087326840000301 ], [ -57.594296300000067, -30.08937827000031 ], [ -57.559257250000051, -30.074002960000303 ], [ -57.60111852000005, -30.059660280000301 ], [ -57.589658870000051, -30.042915640000299 ], [ -57.575735990000048, -30.047713190000305 ], [ -57.566683580000067, -30.042182210000313 ], [ -57.561790390000056, -30.021157820000319 ], [ -57.576783540000051, -30.007476130000285 ], [ -57.609130180000058, -30.02080287000031 ], [ -57.660019090000056, -30.009389870000312 ], [ -57.66225880000006, -30.002504850000321 ], [ -57.65779722000007, -30.005670940000297 ], [ -57.640132920000063, -29.984965260000301 ], [ -57.667650360000081, -29.98270875000031 ], [ -57.689002300000055, -29.960335660000318 ], [ -57.686335110000066, -29.946069750000301 ], [ -57.677138970000065, -29.949414410000291 ], [ -57.678616140000052, -29.940417620000311 ], [ -57.700617270000059, -29.9376865000003 ], [ -57.686884330000062, -29.91820625000031 ], [ -57.702095190000051, -29.915839370000306 ], [ -57.687603150000044, -29.898483040000301 ], [ -57.704155900000075, -29.856927000000304 ], [ -57.67316404000006, -29.858193710000304 ], [ -57.674216490000063, -29.839239960000292 ], [ -57.68455014000007, -29.834983070000316 ], [ -57.646365380000056, -29.826925800000318 ], [ -57.677653760000062, -29.819606390000299 ], [ -57.676738830000055, -29.801262490000308 ], [ -57.690927850000072, -29.79872637000031 ], [ -57.681137830000047, -29.783396440000324 ], [ -57.690631280000069, -29.778881810000303 ], [ -57.690249480000055, -29.769199790000311 ], [ -57.610349890000073, -29.751721900000298 ], [ -57.620677940000071, -29.742517460000307 ], [ -57.61282511000006, -29.7439433000003 ], [ -57.601078540000053, -29.722594590000295 ], [ -57.606627020000055, -29.704287960000315 ], [ -57.587766210000069, -29.689677520000295 ], [ -57.602012310000063, -29.6850804100003 ], [ -57.599724720000061, -29.674775060000293 ], [ -57.581322650000068, -29.666949960000281 ], [ -57.558267800000074, -29.673639080000321 ], [ -57.544010460000074, -29.646472230000292 ], [ -57.550055420000056, -29.644241590000313 ], [ -57.543799340000056, -29.63505215000032 ], [ -57.549088560000058, -29.622116370000285 ], [ -57.54061547000007, -29.6218534700003 ], [ -57.535387010000058, -29.611328740000314 ], [ -57.542838620000047, -29.601266750000331 ], [ -57.535629840000063, -29.579130560000308 ], [ -57.507992110000053, -29.565937120000321 ], [ -57.514176390000067, -29.549205660000311 ], [ -57.506223380000037, -29.542339300000325 ], [ -57.51515646000005, -29.524762770000319 ], [ -57.50579110000006, -29.516629790000319 ], [ -57.512457520000062, -29.518318340000313 ], [ -57.520076970000062, -29.503615320000311 ], [ -57.513066180000052, -29.496862900000298 ], [ -57.522356520000066, -29.465490510000311 ], [ -57.515303420000059, -29.452928430000288 ], [ -57.503526600000058, -29.449784370000312 ], [ -57.536963840000062, -29.438922580000302 ], [ -57.534191210000067, -29.412297520000305 ], [ -57.522068060000052, -29.40408177000031 ], [ -57.542929890000046, -29.398928270000315 ], [ -57.531299700000076, -29.390246720000309 ], [ -57.529178680000065, -29.372541160000324 ], [ -57.537168650000055, -29.371056730000294 ], [ -57.533770350000047, -29.365242380000328 ], [ -57.544902040000061, -29.353342910000315 ], [ -57.551445940000086, -29.3561443100003 ], [ -57.566653060000064, -29.342548100000297 ], [ -57.569376840000047, -29.347232280000313 ], [ -57.56481821000007, -29.332839540000297 ], [ -57.578929010000053, -29.333839120000309 ], [ -57.582467750000063, -29.322438380000317 ], [ -57.573244330000065, -29.320705540000329 ], [ -57.564575980000072, -29.3075482300003 ], [ -57.568609100000053, -29.293290330000307 ], [ -57.539146900000063, -29.260564210000318 ], [ -57.537030870000066, -29.242502040000311 ], [ -57.547604610000072, -29.235552960000327 ], [ -57.538017710000062, -29.222699650000305 ], [ -57.546936760000072, -29.212464290000305 ], [ -57.508776820000051, -29.177617860000336 ] ] ] ] } },
{ "type": "Feature", "properties": { "fid": 399, "gid": 1518, "DEPARTAMENTO": "San Martín", "PROVINCIA": "Corrientes" }, "geometry": { "type": "MultiPolygon", "coordinates": [ [ [ [ -57.004742200000067, -28.335271140000298 ], [ -56.971464040000058, -28.301467090000333 ], [ -56.880929410000043, -28.235033570000326 ], [ -56.799922920000071, -28.260213390000317 ], [ -56.64033861000005, -28.262485290000328 ], [ -56.637898260000057, -28.292490080000313 ], [ -56.571738650000043, -28.298890060000325 ], [ -56.545969110000044, -28.334303730000318 ], [ -56.52175553000005, -28.341922190000325 ], [ -56.521777920000062, -28.352862720000317 ], [ -56.534262380000065, -28.361053740000315 ], [ -56.524844450000053, -28.360543030000315 ], [ -56.525864080000055, -28.369817740000315 ], [ -56.510334990000047, -28.38926156000031 ], [ -56.52040350000005, -28.411254800000318 ], [ -56.530110790000059, -28.406177120000304 ], [ -56.541625750000058, -28.415947650000323 ], [ -56.541857370000066, -28.440373590000309 ], [ -56.558155760000062, -28.443806570000312 ], [ -56.555174380000047, -28.451245300000309 ], [ -56.562850090000055, -28.451640120000327 ], [ -56.56791474000007, -28.466494520000307 ], [ -56.58014670000005, -28.466609520000304 ], [ -56.58250976000005, -28.486268720000339 ], [ -56.596930100000051, -28.492957610000317 ], [ -56.598321070000054, -28.512663230000317 ], [ -56.587860860000049, -28.517892250000312 ], [ -56.596232310000055, -28.521986700000319 ], [ -56.587727890000046, -28.525813930000311 ], [ -56.599695880000056, -28.536771900000311 ], [ -56.592944070000058, -28.537595460000308 ], [ -56.604966350000062, -28.542719860000314 ], [ -56.610443020000055, -28.535833190000339 ], [ -56.612787360000056, -28.542972470000318 ], [ -56.624282320000042, -28.537324860000304 ], [ -56.633246190000051, -28.54971069000031 ], [ -56.658546790000052, -28.557955910000324 ], [ -56.652490160000063, -28.567757400000318 ], [ -56.669861340000061, -28.585309590000314 ], [ -56.65862203000006, -28.61219681000032 ], [ -56.674930460000056, -28.635484090000322 ], [ -56.662195710000049, -28.640911720000304 ], [ -56.653143140000054, -28.661465190000335 ], [ -56.639980710000046, -28.665067000000327 ], [ -56.651098880000063, -28.673320300000313 ], [ -56.656760230000067, -28.697271970000319 ], [ -56.667337380000056, -28.693630660000316 ], [ -56.660579810000065, -28.688520580000301 ], [ -56.671827570000048, -28.690984440000314 ], [ -56.67637282000004, -28.696977430000313 ], [ -56.668312600000057, -28.697512810000315 ], [ -56.695529360000059, -28.716325910000311 ], [ -56.691004090000057, -28.720294650000309 ], [ -56.705413910000047, -28.728140430000305 ], [ -56.700560520000053, -28.734048630000309 ], [ -56.707553660000052, -28.742703110000317 ], [ -56.68680235000005, -28.752955960000321 ], [ -56.68938851000005, -28.771661270000322 ], [ -56.703023390000048, -28.775323530000318 ], [ -56.691157410000052, -28.798642830000311 ], [ -56.699999010000042, -28.801549980000303 ], [ -56.696761580000057, -28.819429940000312 ], [ -56.703668020000059, -28.826207670000322 ], [ -56.691568390000064, -28.829509870000319 ], [ -56.691552680000065, -28.845263130000298 ], [ -56.68242510000006, -28.840911150000302 ], [ -56.686047580000057, -28.878394470000305 ], [ -56.662276180000056, -28.89577285000032 ], [ -56.671714270000052, -28.910218490000318 ], [ -56.653972960000054, -28.940182490000314 ], [ -56.663663550000059, -28.945606930000324 ], [ -56.657414840000051, -28.949321910000311 ], [ -56.664714380000056, -28.950553800000311 ], [ -56.65800165000006, -28.958043490000314 ], [ -56.663511190000058, -28.965766960000305 ], [ -56.639895010000053, -28.968480170000316 ], [ -56.648919120000059, -28.983449470000313 ], [ -56.63884551000006, -29.004792040000318 ], [ -56.620402460000051, -28.999197050000305 ], [ -56.609378960000058, -29.006401310000314 ], [ -56.616517710000039, -29.010409690000319 ], [ -56.605588900000058, -29.031476520000307 ], [ -56.610771680000056, -29.044176840000297 ], [ -56.593229720000046, -29.044345900000298 ], [ -56.580743660000053, -29.0675124800003 ], [ -56.587240440000052, -29.077470500000327 ], [ -56.600369960000066, -29.0764366100003 ], [ -56.605685800000053, -29.092362860000332 ], [ -56.597102200000059, -29.095377810000294 ], [ -56.609420370000045, -29.098968950000309 ], [ -56.593341910000042, -29.102087930000327 ], [ -56.578546030000048, -29.116608650000302 ], [ -56.594596370000041, -29.129425670000323 ], [ -56.605498370000056, -29.162404420000332 ], [ -56.645409760000049, -29.199298540000314 ], [ -56.653662660000066, -29.226508010000316 ], [ -56.649583920000055, -29.2724148200003 ], [ -56.703944500000055, -29.362244030000312 ], [ -56.752199970000056, -29.372142590000312 ], [ -56.76746189000005, -29.382560860000321 ], [ -56.77840973000005, -29.409012340000306 ], [ -56.778855880000059, -29.4364475200003 ], [ -56.802483930000051, -29.455221470000307 ], [ -56.813833960000053, -29.481990410000321 ], [ -56.83865068000005, -29.498215950000304 ], [ -56.86977232000006, -29.469352290000323 ], [ -56.868335570000063, -29.444274980000287 ], [ -56.851695640000052, -29.425812510000295 ], [ -56.864946300000057, -29.388363590000317 ], [ -56.852714410000054, -29.373207500000309 ], [ -56.862224580000053, -29.340197640000305 ], [ -56.848421780000052, -29.322824550000316 ], [ -56.859599270000068, -29.309863250000319 ], [ -56.855112330000054, -29.2580273000003 ], [ -56.866693070000053, -29.201624550000311 ], [ -56.91953556000005, -29.209583620000302 ], [ -56.950246580000062, -29.201235100000329 ], [ -57.100805880000067, -29.257233270000313 ], [ -57.13533283000006, -29.244797520000308 ], [ -57.280898570000055, -29.245811490000325 ], [ -57.322673560000062, -29.240470950000326 ], [ -57.345900390000068, -29.22810694000032 ], [ -57.423756520000047, -29.223335910000316 ], [ -57.451308760000053, -29.202003690000303 ], [ -57.452940270000056, -29.207068500000315 ], [ -57.475850310000069, -29.1823591300003 ], [ -57.493650590000058, -29.183260030000294 ], [ -57.515090400000062, -29.171771050000327 ], [ -57.496171990000072, -29.144248780000336 ], [ -57.478644930000058, -29.144308020000327 ], [ -57.481785950000067, -29.132491470000321 ], [ -57.458511080000065, -29.120862510000304 ], [ -57.449040990000057, -29.107388540000315 ], [ -57.45250120000005, -29.09756089000032 ], [ -57.438677280000064, -29.089703460000315 ], [ -57.430591240000062, -29.068148750000304 ], [ -57.415939530000053, -29.063724480000317 ], [ -57.414930320000067, -29.055318960000314 ], [ -57.315575400000064, -29.009814890000328 ], [ -57.21499799000005, -28.889190050000316 ], [ -57.173340960000054, -28.809766030000301 ], [ -57.176436590000066, -28.698219320000302 ], [ -57.164395100000064, -28.631326010000304 ], [ -57.179896320000047, -28.584838600000325 ], [ -57.169756210000067, -28.572323370000309 ], [ -57.215617560000069, -28.499366400000298 ], [ -57.004742200000067, -28.335271140000298 ] ] ] ] } },
{ "type": "Feature", "properties": { "fid": 400, "gid": 1519, "DEPARTAMENTO": "General Alvear", "PROVINCIA": "Corrientes" }, "geometry": { "type": "MultiPolygon", "coordinates": [ [ [ [ -56.482421310000049, -28.429716530000327 ], [ -56.430057790000056, -28.441381470000319 ], [ -56.409615400000042, -28.462619780000338 ], [ -56.399921610000064, -28.491391630000312 ], [ -56.370834560000048, -28.51560344000033 ], [ -56.376660510000058, -28.588790570000317 ], [ -56.365210350000055, -28.619603740000308 ], [ -56.451741070000047, -28.693551550000297 ], [ -56.415862280000056, -28.700637500000298 ], [ -56.413405260000054, -28.746668540000321 ], [ -56.402289770000053, -28.74620482000033 ], [ -56.381088250000047, -28.764334660000316 ], [ -56.33903772000005, -28.782622280000336 ], [ -56.314669990000056, -28.775422830000331 ], [ -56.307024290000044, -28.783359540000315 ], [ -56.30280312000005, -28.77670192000032 ], [ -56.29005254000004, -28.779143700000315 ], [ -56.306699260000052, -28.793016230000312 ], [ -56.29702108000005, -28.802388710000308 ], [ -56.297827290000058, -28.889389510000314 ], [ -56.332411440000051, -28.931342620000308 ], [ -56.38655383000004, -28.952725340000335 ], [ -56.409914920000048, -28.977647760000316 ], [ -56.415482440000062, -29.000696830000312 ], [ -56.398771070000059, -29.02580705000031 ], [ -56.419525190000044, -29.078981000000333 ], [ -56.507153690000059, -29.092545790000308 ], [ -56.54569845000006, -29.115862740000306 ], [ -56.578546030000048, -29.116608650000302 ], [ -56.593341910000042, -29.102087930000327 ], [ -56.609420370000045, -29.098968950000309 ], [ -56.597102200000059, -29.095377810000294 ], [ -56.605685800000053, -29.092362860000332 ], [ -56.600369960000066, -29.0764366100003 ], [ -56.587240440000052, -29.077470500000327 ], [ -56.580743660000053, -29.0675124800003 ], [ -56.593229720000046, -29.044345900000298 ], [ -56.610771680000056, -29.044176840000297 ], [ -56.605588900000058, -29.031476520000307 ], [ -56.616517710000039, -29.010409690000319 ], [ -56.609378960000058, -29.006401310000314 ], [ -56.620402460000051, -28.999197050000305 ], [ -56.63884551000006, -29.004792040000318 ], [ -56.648919120000059, -28.983449470000313 ], [ -56.639895010000053, -28.968480170000316 ], [ -56.663511190000058, -28.965766960000305 ], [ -56.65800165000006, -28.958043490000314 ], [ -56.664714380000056, -28.950553800000311 ], [ -56.657414840000051, -28.949321910000311 ], [ -56.663663550000059, -28.945606930000324 ], [ -56.653972960000054, -28.940182490000314 ], [ -56.671714270000052, -28.910218490000318 ], [ -56.662276180000056, -28.89577285000032 ], [ -56.686047580000057, -28.878394470000305 ], [ -56.68242510000006, -28.840911150000302 ], [ -56.691552680000065, -28.845263130000298 ], [ -56.691568390000064, -28.829509870000319 ], [ -56.703668020000059, -28.826207670000322 ], [ -56.696761580000057, -28.819429940000312 ], [ -56.699999010000042, -28.801549980000303 ], [ -56.691157410000052, -28.798642830000311 ], [ -56.703023390000048, -28.775323530000318 ], [ -56.68938851000005, -28.771661270000322 ], [ -56.68680235000005, -28.752955960000321 ], [ -56.707362980000056, -28.741326750000308 ], [ -56.700560520000053, -28.734048630000309 ], [ -56.705413910000047, -28.728140430000305 ], [ -56.691004090000057, -28.720294650000309 ], [ -56.695529360000059, -28.716325910000311 ], [ -56.668312600000057, -28.697512810000315 ], [ -56.67637282000004, -28.696977430000313 ], [ -56.671827570000048, -28.690984440000314 ], [ -56.660579810000065, -28.688520580000301 ], [ -56.667337380000056, -28.693630660000316 ], [ -56.656760230000067, -28.697271970000319 ], [ -56.651098880000063, -28.673320300000313 ], [ -56.639980710000046, -28.665067000000327 ], [ -56.653143140000054, -28.661465190000335 ], [ -56.662195710000049, -28.640911720000304 ], [ -56.674930460000056, -28.635484090000322 ], [ -56.65862203000006, -28.61219681000032 ], [ -56.669861340000061, -28.585309590000314 ], [ -56.652490160000063, -28.567757400000318 ], [ -56.658546790000052, -28.557955910000324 ], [ -56.633246190000051, -28.54971069000031 ], [ -56.624282320000042, -28.537324860000304 ], [ -56.612787360000056, -28.542972470000318 ], [ -56.610443020000055, -28.535833190000339 ], [ -56.604966350000062, -28.542719860000314 ], [ -56.592944070000058, -28.537595460000308 ], [ -56.599695880000056, -28.536771900000311 ], [ -56.587727890000046, -28.525813930000311 ], [ -56.596232310000055, -28.521986700000319 ], [ -56.587860860000049, -28.517892250000312 ], [ -56.598321070000054, -28.512663230000317 ], [ -56.596930100000051, -28.492957610000317 ], [ -56.58250976000005, -28.486268720000339 ], [ -56.58014670000005, -28.466609520000304 ], [ -56.56791474000007, -28.466494520000307 ], [ -56.562850090000055, -28.451640120000327 ], [ -56.555174380000047, -28.451245300000309 ], [ -56.558155760000062, -28.443806570000312 ], [ -56.541857370000066, -28.440373590000309 ], [ -56.542101970000054, -28.430981520000302 ], [ -56.520073140000051, -28.43811948000031 ], [ -56.482421310000049, -28.429716530000327 ] ] ] ] } },
{ "type": "Feature", "properties": { "fid": 401, "gid": 1520, "DEPARTAMENTO": "Santo Tomé", "PROVINCIA": "Corrientes" }, "geometry": { "type": "MultiPolygon", "coordinates": [ [ [ [ -56.229124850000048, -27.769872350000341 ], [ -56.211296490000059, -27.785955410000312 ], [ -56.152630790000046, -27.798601820000325 ], [ -56.13820719000006, -27.831321490000324 ], [ -56.105938450000053, -27.82965449000033 ], [ -56.044501500000045, -27.846427560000322 ], [ -56.04514609000006, -27.858017780000321 ], [ -56.011158010000059, -27.868953440000311 ], [ -56.010067670000048, -27.886694020000323 ], [ -55.978849630000049, -27.909023830000333 ], [ -55.93892683000005, -27.910107180000306 ], [ -55.913251330000051, -27.898759270000323 ], [ -55.874633270000047, -27.956610280000326 ], [ -55.886327560000055, -28.021037550000329 ], [ -55.82064438000004, -27.950024810000329 ], [ -55.809925850000049, -27.95411829000032 ], [ -55.803571500000054, -27.97258172000031 ], [ -55.776935570000049, -27.993357230000335 ], [ -55.776405190000048, -28.008675760000337 ], [ -55.761597600000044, -28.012726830000314 ], [ -55.761039820000057, -28.021934120000324 ], [ -55.749426580000048, -28.027099900000323 ], [ -55.75802505000005, -28.060809750000324 ], [ -55.73056935000006, -28.066539460000339 ], [ -55.716717600000052, -28.061267800000305 ], [ -55.712578530000052, -28.088184260000311 ], [ -55.67658442000004, -28.100559840000326 ], [ -55.643238660000051, -28.131407170000315 ], [ -55.62023667000004, -28.137543990000324 ], [ -55.620258820000046, -28.145750110000314 ], [ -55.629191930000047, -28.173767820000307 ], [ -55.656069190000046, -28.184453700000319 ], [ -55.691621650000066, -28.217213320000329 ], [ -55.768911800000055, -28.240621800000305 ], [ -55.78254249000004, -28.253936580000325 ], [ -55.772689, -28.273936260000315 ], [ -55.732866250000058, -28.285821840000324 ], [ -55.669942080000055, -28.330762760000326 ], [ -55.696331250000043, -28.423159960000316 ], [ -55.717500290000046, -28.422157560000333 ], [ -55.732161680000047, -28.384348400000334 ], [ -55.757449730000054, -28.368588290000311 ], [ -55.851244860000058, -28.354967530000319 ], [ -55.878302950000048, -28.361161660000327 ], [ -55.903029820000043, -28.408103960000336 ], [ -55.882361830000036, -28.477707260000326 ], [ -56.008646060000046, -28.505998670000317 ], [ -56.02566822000005, -28.535962560000321 ], [ -56.00227129000006, -28.578489380000338 ], [ -56.00760211000005, -28.604951910000313 ], [ -56.055608910000046, -28.628083170000334 ], [ -56.118572600000064, -28.681681360000308 ], [ -56.18551566000005, -28.770001060000318 ], [ -56.259154910000042, -28.778319690000327 ], [ -56.29702108000005, -28.802388710000308 ], [ -56.306545440000043, -28.79227110000031 ], [ -56.29005254000004, -28.779143700000315 ], [ -56.30280312000005, -28.77670192000032 ], [ -56.307024290000044, -28.783359540000315 ], [ -56.314669990000056, -28.775422830000331 ], [ -56.33903772000005, -28.782622280000336 ], [ -56.381088250000047, -28.764334660000316 ], [ -56.402289770000053, -28.74620482000033 ], [ -56.413405260000054, -28.746668540000321 ], [ -56.415862280000056, -28.700637500000298 ], [ -56.451741070000047, -28.693551550000297 ], [ -56.365210350000055, -28.619603740000308 ], [ -56.376660510000058, -28.588790570000317 ], [ -56.370834560000048, -28.51560344000033 ], [ -56.399921610000064, -28.491391630000312 ], [ -56.409615400000042, -28.462619780000338 ], [ -56.430057790000056, -28.441381470000319 ], [ -56.482421310000049, -28.429716530000327 ], [ -56.520073140000051, -28.43811948000031 ], [ -56.545980470000067, -28.432239670000307 ], [ -56.541625750000058, -28.415947650000323 ], [ -56.530110790000059, -28.406177120000304 ], [ -56.52040350000005, -28.411254800000318 ], [ -56.510825100000055, -28.392516110000301 ], [ -56.524844450000053, -28.360543030000315 ], [ -56.534262380000065, -28.361053740000315 ], [ -56.521777920000062, -28.352862720000317 ], [ -56.52175553000005, -28.341922190000325 ], [ -56.545969110000044, -28.334303730000318 ], [ -56.571738650000043, -28.298890060000325 ], [ -56.637898260000057, -28.292490080000313 ], [ -56.64033861000005, -28.262485290000328 ], [ -56.799922920000071, -28.260213390000317 ], [ -56.880928840000053, -28.235033840000316 ], [ -56.831875400000065, -28.176758610000313 ], [ -56.779537140000066, -28.080660980000324 ], [ -56.712974280000061, -28.018997250000318 ], [ -56.663376270000043, -27.95267844000033 ], [ -56.636051460000054, -27.89783967000032 ], [ -56.624625810000047, -27.850465960000335 ], [ -56.467884700000056, -27.939464690000314 ], [ -56.424872590000057, -27.879402460000307 ], [ -56.405844980000047, -27.896565800000321 ], [ -56.400913320000058, -27.889307570000319 ], [ -56.37131732000006, -27.915984610000308 ], [ -56.368369360000067, -27.916336580000312 ], [ -56.360258120000047, -27.923206620000336 ], [ -56.359506420000052, -27.922332360000308 ], [ -56.341513600000056, -27.935976690000327 ], [ -56.340665990000055, -27.935850820000322 ], [ -56.335352600000043, -27.910875450000319 ], [ -56.313645900000054, -27.894698270000308 ], [ -56.321489850000056, -27.889282420000317 ], [ -56.316759680000054, -27.878381260000328 ], [ -56.29459728000004, -27.877547790000325 ], [ -56.296968100000065, -27.882310740000307 ], [ -56.284936850000065, -27.886562080000317 ], [ -56.273188730000058, -27.880215820000323 ], [ -56.276348420000069, -27.867762040000319 ], [ -56.260132180000049, -27.861896490000323 ], [ -56.267423870000044, -27.829911120000332 ], [ -56.256486730000049, -27.831449800000311 ], [ -56.257908470000046, -27.82239336000033 ], [ -56.240626890000051, -27.818324550000312 ], [ -56.24623811000005, -27.796446250000312 ], [ -56.240164390000061, -27.797279240000314 ], [ -56.229124850000048, -27.769872350000341 ] ] ] ] } },
{ "type": "Feature", "properties": { "fid": 402, "gid": 1521, "DEPARTAMENTO": "San Miguel", "PROVINCIA": "Corrientes" }, "geometry": { "type": "MultiPolygon", "coordinates": [ [ [ [ -57.232116820000073, -27.468032430000321 ], [ -57.147587530000067, -27.481459220000328 ], [ -57.120547720000069, -27.493446180000333 ], [ -57.101789340000053, -27.484661530000327 ], [ -57.03647226000006, -27.480595100000336 ], [ -56.974306680000062, -27.495234260000323 ], [ -56.952393940000057, -27.535492690000325 ], [ -56.944241760000054, -27.572045070000335 ], [ -56.955592860000053, -27.574666200000323 ], [ -56.983290910000051, -27.604398080000319 ], [ -57.016071890000063, -27.611139230000322 ], [ -57.044641270000056, -27.640136680000303 ], [ -57.096833350000047, -27.665061790000312 ], [ -57.116706960000059, -27.706236920000311 ], [ -57.179237450000066, -27.754137250000326 ], [ -57.194694680000055, -27.807371160000315 ], [ -57.254053900000059, -27.86646668000034 ], [ -57.354622590000055, -27.934608480000314 ], [ -57.381723190000052, -28.014891240000345 ], [ -57.412785180000071, -28.069334990000321 ], [ -57.413988380000049, -28.091289930000315 ], [ -57.398525630000073, -28.123829060000332 ], [ -57.398336230000062, -28.148301030000319 ], [ -57.428445620000062, -28.209866470000325 ], [ -57.442057070000061, -28.269845640000309 ], [ -57.464843050000056, -28.300832210000319 ], [ -57.500828570000067, -28.32432288000031 ], [ -57.510433800000065, -28.340253580000315 ], [ -57.589633480000067, -28.37499292000032 ], [ -57.628419180000066, -28.398982890000315 ], [ -57.644289520000072, -28.419728940000301 ], [ -57.658832230000073, -28.410523760000338 ], [ -57.629344880000048, -28.369121910000324 ], [ -57.680555160000061, -28.31960644000031 ], [ -57.604725030000061, -28.252985550000314 ], [ -57.669984910000068, -28.164054650000306 ], [ -57.627571110000062, -28.136196140000322 ], [ -57.777597390000054, -27.971317850000307 ], [ -57.726869110000067, -27.932181270000317 ], [ -57.593284060000059, -27.766372070000308 ], [ -57.534682840000059, -27.726559010000308 ], [ -57.498579750000061, -27.691604460000313 ], [ -57.487768330000058, -27.693962100000306 ], [ -57.422867310000058, -27.653563080000314 ], [ -57.396384930000075, -27.623537140000312 ], [ -57.303886670000047, -27.550706530000326 ], [ -57.227705320000055, -27.512702180000343 ], [ -57.225157260000067, -27.496534800000305 ], [ -57.254563280000063, -27.473548840000323 ], [ -57.232116820000073, -27.468032430000321 ] ] ] ] } },
{ "type": "Feature", "properties": { "fid": 403, "gid": 1522, "DEPARTAMENTO": "Ituzaingó", "PROVINCIA": "Corrientes" }, "geometry": { "type": "MultiPolygon", "coordinates": [ [ [ [ -56.075218450000058, -27.307034680000324 ], [ -56.024264330000058, -27.324261580000339 ], [ -56.03045934000005, -27.33025868000032 ], [ -56.024622070000056, -27.338423660000341 ], [ -56.039905710000056, -27.349215800000316 ], [ -56.028888280000039, -27.382854910000326 ], [ -56.043215940000067, -27.404991860000333 ], [ -56.036936830000059, -27.415187290000315 ], [ -56.055420640000058, -27.420686560000334 ], [ -56.054503360000041, -27.451212660000316 ], [ -56.037205870000051, -27.468635080000325 ], [ -56.026635030000051, -27.507276850000316 ], [ -55.978899530000064, -27.540200330000307 ], [ -55.825536690000035, -27.79165584000032 ], [ -55.836038960000039, -27.799861380000316 ], [ -55.837179790000064, -27.822136240000333 ], [ -55.846303050000053, -27.832436220000321 ], [ -55.82712340000004, -27.85459733000032 ], [ -55.835984520000046, -27.889766960000312 ], [ -55.831578950000058, -27.904466080000333 ], [ -55.817812570000051, -27.911486680000312 ], [ -55.81308221000004, -27.931873900000323 ], [ -55.823337860000052, -27.95764745000033 ], [ -55.884554250000051, -28.019963000000299 ], [ -55.874633270000047, -27.956610280000326 ], [ -55.913251330000051, -27.898759270000323 ], [ -55.93892683000005, -27.910107180000306 ], [ -55.978849630000049, -27.909023830000333 ], [ -56.010067670000048, -27.886694020000323 ], [ -56.011158010000059, -27.868953440000311 ], [ -56.04514609000006, -27.858017780000321 ], [ -56.044501500000045, -27.846427560000322 ], [ -56.105938450000053, -27.82965449000033 ], [ -56.13820719000006, -27.831321490000324 ], [ -56.152630790000046, -27.798601820000325 ], [ -56.211296490000059, -27.785955410000312 ], [ -56.229124850000048, -27.769872350000341 ], [ -56.240164390000061, -27.797279240000314 ], [ -56.24623811000005, -27.796446250000312 ], [ -56.240626890000051, -27.818324550000312 ], [ -56.257908470000046, -27.82239336000033 ], [ -56.256486730000049, -27.831449800000311 ], [ -56.264169330000065, -27.827110060000305 ], [ -56.267423870000044, -27.829911120000332 ], [ -56.260132180000049, -27.861896490000323 ], [ -56.276348420000069, -27.867762040000319 ], [ -56.273188730000058, -27.880215820000323 ], [ -56.284936850000065, -27.886562080000317 ], [ -56.296968100000065, -27.882310740000307 ], [ -56.291979910000066, -27.881062540000311 ], [ -56.29459728000004, -27.877547790000325 ], [ -56.316759680000054, -27.878381260000328 ], [ -56.321489850000056, -27.889282420000317 ], [ -56.313645900000054, -27.894698270000308 ], [ -56.335352600000043, -27.910875450000319 ], [ -56.340665990000055, -27.935850820000322 ], [ -56.400913320000058, -27.889307570000319 ], [ -56.405844980000047, -27.896565800000321 ], [ -56.424872590000057, -27.879402460000307 ], [ -56.467884700000056, -27.939464690000314 ], [ -56.622431690000056, -27.849345540000321 ], [ -56.636051460000054, -27.89783967000032 ], [ -56.663376270000043, -27.95267844000033 ], [ -56.712974280000061, -28.018997250000318 ], [ -56.779537140000066, -28.080660980000324 ], [ -56.831875400000065, -28.176758610000313 ], [ -56.875290720000059, -28.229993500000305 ], [ -56.971774920000051, -28.301719800000324 ], [ -57.047948600000055, -28.372429440000303 ], [ -57.302958390000065, -28.564119670000313 ], [ -57.366115410000063, -28.579320870000302 ], [ -57.612272700000055, -28.595653050000333 ], [ -57.656954230000061, -28.529330740000319 ], [ -57.690649630000053, -28.501315200000302 ], [ -57.660134500000062, -28.486322220000325 ], [ -57.639825070000064, -28.464796290000301 ], [ -57.636322540000073, -28.434035990000332 ], [ -57.644289520000072, -28.419728940000301 ], [ -57.628419180000066, -28.398982890000315 ], [ -57.575577590000066, -28.367834640000318 ], [ -57.517945400000066, -28.345589460000326 ], [ -57.500828570000067, -28.32432288000031 ], [ -57.464843050000056, -28.300832210000319 ], [ -57.442057070000061, -28.269845640000309 ], [ -57.428445620000062, -28.209866470000325 ], [ -57.398336230000062, -28.148301030000319 ], [ -57.398525630000073, -28.123829060000332 ], [ -57.413988380000049, -28.091289930000315 ], [ -57.412785180000071, -28.069334990000321 ], [ -57.381723190000052, -28.014891240000345 ], [ -57.354622590000055, -27.934608480000314 ], [ -57.254053900000059, -27.86646668000034 ], [ -57.194694680000055, -27.807371160000315 ], [ -57.179237450000066, -27.754137250000326 ], [ -57.116706960000059, -27.706236920000311 ], [ -57.096833350000047, -27.665061790000312 ], [ -57.044641270000056, -27.640136680000303 ], [ -57.016071890000063, -27.611139230000322 ], [ -56.983290910000051, -27.604398080000319 ], [ -56.955592860000053, -27.574666200000323 ], [ -56.944960130000055, -27.573308750000319 ], [ -56.952393940000057, -27.535492690000325 ], [ -56.931914120000059, -27.56660015000033 ], [ -56.853279480000069, -27.605231260000323 ], [ -56.829236700000067, -27.605383750000328 ], [ -56.794062060000051, -27.586856060000322 ], [ -56.737386150000063, -27.603731760000311 ], [ -56.685996610000053, -27.576944140000318 ], [ -56.677355440000063, -27.560017610000315 ], [ -56.677101290000039, -27.548682430000341 ], [ -56.698246740000052, -27.529824350000311 ], [ -56.717053990000061, -27.496937080000318 ], [ -56.718782220000065, -27.464558110000311 ], [ -56.691028820000049, -27.454341200000314 ], [ -56.678061690000064, -27.463529230000329 ], [ -56.649602040000055, -27.460796660000305 ], [ -56.603549690000065, -27.431416680000318 ], [ -56.584589950000066, -27.447784070000317 ], [ -56.556734890000058, -27.456781050000338 ], [ -56.487046400000054, -27.563677400000312 ], [ -56.437181770000066, -27.586856060000319 ], [ -56.424380040000052, -27.602915250000329 ], [ -56.388842060000052, -27.606019130000323 ], [ -56.356158110000059, -27.585890290000304 ], [ -56.33836746000005, -27.524029680000321 ], [ -56.319556010000049, -27.517749090000333 ], [ -56.29368754000005, -27.49414140000032 ], [ -56.284131420000051, -27.459780050000315 ], [ -56.294958300000054, -27.422978840000329 ], [ -56.284233080000057, -27.408492170000329 ], [ -56.237570770000055, -27.402392520000316 ], [ -56.231877760000053, -27.388515820000325 ], [ -56.21108813000005, -27.382670320000315 ], [ -56.181555660000058, -27.348766440000315 ], [ -56.15192153000006, -27.328739260000312 ], [ -56.075218450000058, -27.307034680000324 ] ] ], [ [ [ -56.914825970000059, -27.423539920000309 ], [ -56.871761120000059, -27.430441550000332 ], [ -56.830774650000059, -27.466591640000324 ], [ -56.764027, -27.502564820000334 ], [ -56.729399910000041, -27.501961400000308 ], [ -56.725627900000049, -27.514167780000339 ], [ -56.731872740000064, -27.527472070000318 ], [ -56.737973330000059, -27.550577280000326 ], [ -56.749140840000052, -27.562170420000314 ], [ -56.798652650000051, -27.573545460000318 ], [ -56.825516690000057, -27.59386777000033 ], [ -56.840421260000049, -27.596180550000319 ], [ -56.871579510000053, -27.583460270000316 ], [ -56.887897450000054, -27.554936010000326 ], [ -56.903058990000062, -27.537397450000327 ], [ -56.912073130000053, -27.531478320000314 ], [ -56.932779790000062, -27.526781490000328 ], [ -56.943637, -27.517851600000309 ], [ -56.952438410000063, -27.514767890000329 ], [ -56.970105460000056, -27.492732260000327 ], [ -57.032065540000055, -27.480648110000327 ], [ -56.996410210000064, -27.467783280000333 ], [ -56.982244450000074, -27.450292900000324 ], [ -56.950684670000051, -27.432465230000322 ], [ -56.914825970000059, -27.423539920000309 ] ] ], [ [ [ -56.705764770000052, -27.557420730000317 ], [ -56.734235240000054, -27.591427710000321 ], [ -56.783896550000058, -27.582692050000318 ], [ -56.76136884000006, -27.577493350000314 ], [ -56.756046350000062, -27.574770220000307 ], [ -56.741997470000072, -27.563506360000321 ], [ -56.740086580000053, -27.563489230000318 ], [ -56.734044690000047, -27.558730570000336 ], [ -56.716932290000045, -27.519936260000328 ], [ -56.699665170000053, -27.536522610000333 ], [ -56.705764770000052, -27.557420730000317 ] ] ], [ [ [ -56.956935470000062, -27.516052770000325 ], [ -56.946155540000056, -27.525062210000343 ], [ -56.925911400000047, -27.53536919000031 ], [ -56.910732400000057, -27.539054110000308 ], [ -56.894129340000049, -27.551715790000316 ], [ -56.875988250000056, -27.583573030000309 ], [ -56.900854320000057, -27.569427360000319 ], [ -56.919609810000047, -27.562565300000344 ], [ -56.932372990000061, -27.535113490000317 ], [ -56.951988700000051, -27.523312320000329 ], [ -56.956935470000062, -27.516052770000325 ] ] ], [ [ [ -56.686068040000059, -27.560886320000332 ], [ -56.706684040000049, -27.580772890000304 ], [ -56.693315950000056, -27.545062740000326 ], [ -56.686068040000059, -27.560886320000332 ] ] ], [ [ [ -56.357069600000067, -27.517884770000322 ], [ -56.364729550000057, -27.533632860000328 ], [ -56.37120007000005, -27.538533330000309 ], [ -56.367441460000059, -27.520406360000326 ], [ -56.357069600000067, -27.517884770000322 ] ] ], [ [ [ -56.94472915000005, -27.535839870000316 ], [ -56.930999330000049, -27.548673540000308 ], [ -56.930017310000061, -27.557104580000328 ], [ -56.941516950000057, -27.546118880000318 ], [ -56.94472915000005, -27.535839870000316 ] ] ], [ [ [ -56.928489470000059, -27.530361880000321 ], [ -56.91198888000006, -27.532900380000324 ], [ -56.907881490000051, -27.538645070000324 ], [ -56.924599640000061, -27.534685830000313 ], [ -56.928489470000059, -27.530361880000321 ] ] ], [ [ [ -56.921087420000056, -27.56307925000031 ], [ -56.902183500000056, -27.570290260000316 ], [ -56.89907419000005, -27.573136820000322 ], [ -56.912799960000051, -27.570917000000321 ], [ -56.921087420000056, -27.56307925000031 ] ] ], [ [ [ -56.938793180000054, -27.524839400000307 ], [ -56.947812850000055, -27.522284420000332 ], [ -56.954815430000053, -27.514896380000316 ], [ -56.942760210000053, -27.520435200000314 ], [ -56.938793180000054, -27.524839400000307 ] ] ], [ [ [ -56.320702020000041, -27.495473200000344 ], [ -56.343200810000063, -27.50849882000032 ], [ -56.34430038000005, -27.507991330000326 ], [ -56.320702020000041, -27.495473200000344 ] ] ], [ [ [ -56.764043400000048, -27.572064770000317 ], [ -56.772224550000047, -27.57220263000033 ], [ -56.756179520000067, -27.569443470000309 ], [ -56.75871974000006, -27.571362150000319 ], [ -56.764043400000048, -27.572064770000317 ] ] ], [ [ [ -56.754009480000057, -27.570280170000313 ], [ -56.760082040000064, -27.575118440000324 ], [ -56.772224550000061, -27.57644273000032 ], [ -56.76716535000007, -27.573407210000315 ], [ -56.754009480000057, -27.570280170000313 ] ] ], [ [ [ -56.716269950000054, -27.57928373000032 ], [ -56.718509480000051, -27.585507860000327 ], [ -56.732994150000053, -27.592678130000323 ], [ -56.722726460000054, -27.585740240000327 ], [ -56.716269950000054, -27.57928373000032 ] ] ], [ [ [ -56.731838970000055, -27.532993670000319 ], [ -56.731178560000053, -27.527566300000334 ], [ -56.726103640000055, -27.51970635000032 ], [ -56.725841660000057, -27.525369430000328 ], [ -56.731838970000055, -27.532993670000319 ] ] ], [ [ [ -56.764772750000063, -27.592346790000331 ], [ -56.753385110000075, -27.592099230000304 ], [ -56.749424190000063, -27.593460800000312 ], [ -56.749114750000054, -27.593955910000318 ], [ -56.764772750000063, -27.592346790000331 ] ] ], [ [ [ -56.946784950000065, -27.532691920000321 ], [ -56.937078050000046, -27.537875800000322 ], [ -56.933892110000059, -27.544083470000313 ], [ -56.946784950000065, -27.532691920000321 ] ] ], [ [ [ -56.70136252000006, -27.552549820000323 ], [ -56.701229840000046, -27.558390040000322 ], [ -56.70373656000006, -27.563564660000321 ], [ -56.705029460000056, -27.558398370000308 ], [ -56.70136252000006, -27.552549820000323 ] ] ], [ [ [ -56.730763790000054, -27.542449110000323 ], [ -56.731921240000062, -27.536602140000316 ], [ -56.729445660000046, -27.533383900000327 ], [ -56.727605630000049, -27.537424770000325 ], [ -56.730763790000054, -27.542449110000323 ] ] ], [ [ [ -56.871964980000058, -27.586543980000314 ], [ -56.86358194000006, -27.587619890000322 ], [ -56.862235180000056, -27.588761940000317 ], [ -56.871964980000058, -27.586543980000314 ] ] ], [ [ [ -56.86624728000006, -27.591876220000312 ], [ -56.855197340000061, -27.592904120000309 ], [ -56.855711290000059, -27.594831430000319 ], [ -56.86624728000006, -27.591876220000312 ] ] ], [ [ [ -56.784515720000059, -27.571654700000327 ], [ -56.788960590000059, -27.576244120000311 ], [ -56.789466510000061, -27.575665930000319 ], [ -56.784515720000059, -27.571654700000327 ] ] ], [ [ [ -56.706065150000065, -27.577740310000308 ], [ -56.711820860000067, -27.581948790000304 ], [ -56.706684040000042, -27.575079070000346 ], [ -56.706065150000065, -27.577740310000308 ] ] ], [ [ [ -56.903508700000053, -27.537847150000331 ], [ -56.905885720000065, -27.540545400000322 ], [ -56.907363330000067, -27.535662860000318 ], [ -56.903508700000053, -27.537847150000331 ] ] ], [ [ [ -56.762445760000055, -27.568803320000328 ], [ -56.768080820000058, -27.569070750000307 ], [ -56.761047290000064, -27.567587250000336 ], [ -56.762445760000055, -27.568803320000328 ] ] ], [ [ [ -56.945622030000052, -27.531965330000315 ], [ -56.939279960000071, -27.532507390000333 ], [ -56.937885070000057, -27.534431830000315 ], [ -56.945622030000052, -27.531965330000315 ] ] ], [ [ [ -56.736126170000063, -27.560066240000307 ], [ -56.741974300000066, -27.561671970000329 ], [ -56.736842830000057, -27.558564180000321 ], [ -56.736126170000063, -27.560066240000307 ] ] ], [ [ [ -56.690861220000059, -27.570038740000332 ], [ -56.690296800000056, -27.572176200000321 ], [ -56.693673820000051, -27.574417620000318 ], [ -56.690861220000059, -27.570038740000332 ] ] ], [ [ [ -56.934064670000055, -27.527544050000319 ], [ -56.928909100000055, -27.527833150000319 ], [ -56.927511800000048, -27.528748620000318 ], [ -56.934064670000055, -27.527544050000319 ] ] ] ] } },
{ "type": "Feature", "properties": { "fid": 404, "gid": 1523, "DEPARTAMENTO": "Berón de Astrada", "PROVINCIA": "Corrientes" }, "geometry": { "type": "MultiPolygon", "coordinates": [ [ [ [ -57.672970610000057, -27.338930760000324 ], [ -57.609788420000065, -27.395708320000299 ], [ -57.565108490000071, -27.412838170000327 ], [ -57.543505570000065, -27.432967010000326 ], [ -57.507517640000053, -27.44420053000033 ], [ -57.439004870000069, -27.438281660000328 ], [ -57.387709, -27.421561390000328 ], [ -57.403739920000064, -27.515515260000313 ], [ -57.447626190000079, -27.557880110000315 ], [ -57.454870030000066, -27.583462430000328 ], [ -57.466201710000057, -27.585577080000316 ], [ -57.493358070000049, -27.613520880000337 ], [ -57.515989910000066, -27.613632590000329 ], [ -57.548527850000056, -27.651056350000335 ], [ -57.576195, -27.649477750000308 ], [ -57.584121580000065, -27.614562700000334 ], [ -57.570317340000052, -27.605465340000318 ], [ -57.641665480000057, -27.596869890000317 ], [ -57.638342050000062, -27.573048570000317 ], [ -57.689505730000057, -27.572961930000325 ], [ -57.679122420000056, -27.50073595000033 ], [ -57.687048360000084, -27.494551720000306 ], [ -57.698699120000072, -27.491091680000313 ], [ -57.771363370000074, -27.509279030000332 ], [ -57.790597240000061, -27.505714920000337 ], [ -57.836723330000048, -27.482002260000325 ], [ -57.875953260000067, -27.439560310000328 ], [ -57.863128250000059, -27.422603340000332 ], [ -57.827979040000066, -27.401154650000318 ], [ -57.754001630000062, -27.408170730000307 ], [ -57.742032310000056, -27.354762900000331 ], [ -57.784245370000058, -27.364575950000326 ], [ -57.794609210000068, -27.354496170000331 ], [ -57.79378195000006, -27.34148464000031 ], [ -57.724309320000074, -27.334915160000318 ], [ -57.705349580000068, -27.325562360000308 ], [ -57.672970610000057, -27.338930760000324 ] ] ], [ [ [ -57.566611280000046, -27.385117800000323 ], [ -57.502452560000073, -27.403321770000332 ], [ -57.40419201000006, -27.416599830000337 ], [ -57.46559979000007, -27.431654260000315 ], [ -57.478020920000056, -27.436615870000313 ], [ -57.484351240000066, -27.435520890000305 ], [ -57.492186630000063, -27.438700800000316 ], [ -57.593414540000062, -27.392452460000332 ], [ -57.583822930000061, -27.386760260000329 ], [ -57.591271630000051, -27.385319890000339 ], [ -57.566611280000046, -27.385117800000323 ] ] ], [ [ [ -57.448871440000062, -27.432220580000315 ], [ -57.451574, -27.436581980000312 ], [ -57.472950590000067, -27.438564370000304 ], [ -57.463196150000051, -27.433925900000315 ], [ -57.448871440000062, -27.432220580000315 ] ] ], [ [ [ -57.551941110000065, -27.419532980000312 ], [ -57.539458150000065, -27.427786740000325 ], [ -57.553168940000049, -27.419737620000301 ], [ -57.551941110000065, -27.419532980000312 ] ] ], [ [ [ -57.442050160000058, -27.427513890000345 ], [ -57.450031060000065, -27.431947720000316 ], [ -57.454805970000052, -27.43092453000034 ], [ -57.442050160000058, -27.427513890000345 ] ] ], [ [ [ -57.484117810000058, -27.436117370000321 ], [ -57.479920860000057, -27.438493000000332 ], [ -57.487839640000061, -27.439152900000309 ], [ -57.484117810000058, -27.436117370000321 ] ] ], [ [ [ -57.541231690000046, -27.427582100000333 ], [ -57.542868800000043, -27.429696700000338 ], [ -57.548394040000062, -27.426490690000335 ], [ -57.541231690000046, -27.427582100000333 ] ] ], [ [ [ -57.564560500000063, -27.410528880000317 ], [ -57.557193500000039, -27.414144160000326 ], [ -57.554601410000046, -27.416940890000326 ], [ -57.564560500000063, -27.410528880000317 ] ] ], [ [ [ -57.606365120000085, -27.382250930000314 ], [ -57.610585800000038, -27.381637010000343 ], [ -57.605789580000057, -27.381214950000327 ], [ -57.606365120000085, -27.382250930000314 ] ] ], [ [ [ -57.475474470000073, -27.438086880000306 ], [ -57.478680470000064, -27.439996840000312 ], [ -57.479294390000057, -27.438837220000323 ], [ -57.475474470000073, -27.438086880000306 ] ] ] ] } },
{ "type": "Feature", "properties": { "fid": 405, "gid": 1524, "DEPARTAMENTO": "Itatí", "PROVINCIA": "Corrientes" }, "geometry": { "type": "MultiPolygon", "coordinates": [ [ [ [ -57.970989290000048, -27.274986110000327 ], [ -57.932307350000066, -27.264108400000342 ], [ -57.891338040000051, -27.267717360000315 ], [ -57.86241554000005, -27.278595060000313 ], [ -57.824089410000049, -27.330492910000313 ], [ -57.79378195000006, -27.34148464000031 ], [ -57.788564100000066, -27.362846080000313 ], [ -57.742032310000056, -27.354762900000331 ], [ -57.754001630000062, -27.408170730000307 ], [ -57.827979040000066, -27.401154650000318 ], [ -57.863128250000059, -27.422603340000332 ], [ -57.875953260000067, -27.439560310000328 ], [ -57.977507950000053, -27.403471490000324 ], [ -58.019509720000073, -27.400459170000335 ], [ -58.132278700000072, -27.4040243200003 ], [ -58.191043970000067, -27.436957170000323 ], [ -58.220311240000065, -27.443372110000308 ], [ -58.335310850000063, -27.414639290000306 ], [ -58.323296230000075, -27.360046870000307 ], [ -58.303226240000072, -27.360077770000323 ], [ -58.360748840000063, -27.283359830000325 ], [ -58.295998900000072, -27.276155210000315 ], [ -58.246744240000069, -27.261516050000317 ], [ -58.191339100000071, -27.280831600000319 ], [ -58.092168970000067, -27.275748560000316 ], [ -58.067160410000071, -27.261922690000315 ], [ -58.026496090000059, -27.259025360000312 ], [ -57.970989290000048, -27.274986110000327 ] ], [ [ -57.903348800000067, -27.27382017000032 ], [ -57.910579360000064, -27.274395330000321 ], [ -57.912871800000062, -27.27664481000031 ], [ -57.898239620000048, -27.277518340000324 ], [ -57.894242640000073, -27.280199540000329 ], [ -57.893051, -27.283551040000319 ], [ -57.893459100000058, -27.286212970000321 ], [ -57.862389300000068, -27.294361540000327 ], [ -57.903348800000067, -27.27382017000032 ] ], [ [ -57.91659164000005, -27.292867660000336 ], [ -57.895896, -27.288113750000324 ], [ -57.894726280000079, -27.280315670000313 ], [ -57.918386370000057, -27.28245887000033 ], [ -57.910907310000049, -27.284458400000318 ], [ -57.91659164000005, -27.292867660000336 ] ], [ [ -57.923928480000086, -27.275241840000326 ], [ -57.959312290000057, -27.277873690000309 ], [ -57.939427180000067, -27.277288830000316 ], [ -57.944873650000062, -27.286171340000319 ], [ -57.923928480000086, -27.275241840000326 ] ], [ [ -57.942278350000066, -27.268918080000336 ], [ -57.926743100000067, -27.268808420000319 ], [ -57.921479400000088, -27.266980740000321 ], [ -57.930069480000064, -27.265335830000325 ], [ -57.942278350000066, -27.268918080000336 ] ], [ [ -57.917933180000063, -27.274272080000316 ], [ -57.917727760000062, -27.276161890000306 ], [ -57.91353732000006, -27.273902330000329 ], [ -57.917933180000063, -27.274272080000316 ] ] ], [ [ [ -57.825949950000073, -27.302602260000317 ], [ -57.79738604000007, -27.315326340000318 ], [ -57.775227310000055, -27.31499916000033 ], [ -57.768948370000068, -27.321108880000331 ], [ -57.81945056000005, -27.318696880000324 ], [ -57.825949950000073, -27.302602260000317 ] ] ], [ [ [ -57.787068330000054, -27.325632430000294 ], [ -57.741519830000065, -27.32330700000032 ], [ -57.752119780000058, -27.327924800000314 ], [ -57.782765180000055, -27.327819850000321 ], [ -57.798087880000054, -27.325021180000324 ], [ -57.794081450000064, -27.32572974000032 ], [ -57.791364150000064, -27.324006650000328 ], [ -57.787068330000054, -27.325632430000294 ] ] ], [ [ [ -58.223045900000052, -27.256236040000321 ], [ -58.215346410000052, -27.258624160000313 ], [ -58.204121010000073, -27.259649550000315 ], [ -58.19670037000008, -27.259136850000306 ], [ -58.190817830000064, -27.262455900000333 ], [ -58.187876560000078, -27.26310352000031 ], [ -58.184773380000067, -27.263319400000331 ], [ -58.183694010000067, -27.262941620000312 ], [ -58.183092900000076, -27.26135533000031 ], [ -58.170483740000059, -27.269216600000316 ], [ -58.211346750000054, -27.263184440000312 ], [ -58.223045900000052, -27.256236040000321 ] ] ], [ [ [ -58.303643330000071, -27.262458140000327 ], [ -58.317840270000069, -27.27249987000032 ], [ -58.335557590000057, -27.273423250000331 ], [ -58.321649200000067, -27.26257356000032 ], [ -58.303643330000071, -27.262458140000327 ] ] ], [ [ [ -58.156434030000064, -27.255864280000338 ], [ -58.138565670000062, -27.265545650000302 ], [ -58.178001720000069, -27.259267020000326 ], [ -58.156434030000064, -27.255864280000338 ] ] ], [ [ [ -58.224673860000046, -27.254899930000313 ], [ -58.189397480000068, -27.257697120000316 ], [ -58.183838940000051, -27.261834250000312 ], [ -58.196808310000073, -27.258867010000316 ], [ -58.214725780000066, -27.258435270000327 ], [ -58.224673860000046, -27.254899930000313 ] ] ], [ [ [ -57.821470020000071, -27.318310220000313 ], [ -57.83728248000007, -27.307302130000323 ], [ -57.838821750000086, -27.297833300000324 ], [ -57.827020700000062, -27.309074610000309 ], [ -57.821470020000071, -27.318310220000313 ] ] ], [ [ [ -58.291621980000066, -27.266431190000315 ], [ -58.30132827000007, -27.271592730000311 ], [ -58.312138290000064, -27.271690110000332 ], [ -58.300386860000067, -27.265814400000327 ], [ -58.291621980000066, -27.266431190000315 ] ] ], [ [ [ -57.818483160000063, -27.320123520000312 ], [ -57.787825900000072, -27.320611640000319 ], [ -57.784129530000072, -27.322537370000308 ], [ -57.78696318000005, -27.325336030000319 ], [ -57.790251610000062, -27.323726800000323 ], [ -57.792175700000065, -27.324076630000324 ], [ -57.794589550000062, -27.325266070000318 ], [ -57.818483160000063, -27.320123520000312 ] ] ], [ [ [ -58.332672030000062, -27.266267070000307 ], [ -58.337692900000064, -27.273769520000315 ], [ -58.345599320000055, -27.274808320000322 ], [ -58.341444120000048, -27.269441180000324 ], [ -58.332672030000062, -27.266267070000307 ] ] ], [ [ [ -58.235813080000057, -27.258693050000314 ], [ -58.223996720000066, -27.262112430000307 ], [ -58.244081030000054, -27.253966040000332 ], [ -58.235813080000057, -27.258693050000314 ] ] ], [ [ [ -58.085892640000061, -27.262053760000335 ], [ -58.093676070000072, -27.266256820000322 ], [ -58.100040540000059, -27.266304610000315 ], [ -58.090523780000062, -27.259874400000314 ], [ -58.085892640000061, -27.262053760000335 ] ] ], [ [ [ -57.820477210000064, -27.324566400000325 ], [ -57.806308960000059, -27.325545930000313 ], [ -57.802600730000066, -27.327854830000319 ], [ -57.820477210000064, -27.324566400000325 ] ] ], [ [ [ -57.786822740000062, -27.32855169000031 ], [ -57.77220748000007, -27.329422390000325 ], [ -57.769097850000072, -27.330168700000325 ], [ -57.779173050000054, -27.333153940000326 ], [ -57.784832580000064, -27.332221060000311 ], [ -57.786822740000062, -27.32855169000031 ] ] ], [ [ [ -58.200731860000062, -27.268945390000315 ], [ -58.187681930000061, -27.269886800000339 ], [ -58.184533060000064, -27.272516270000335 ], [ -58.200731860000062, -27.268945390000315 ] ] ], [ [ [ -58.324996450000064, -27.262054160000321 ], [ -58.335153610000049, -27.264016340000339 ], [ -58.324073070000061, -27.26136163000033 ], [ -58.324996450000064, -27.262054160000321 ] ] ], [ [ [ -58.299532020000058, -27.255635600000318 ], [ -58.288235060000062, -27.256219930000327 ], [ -58.286417160000063, -27.256577010000314 ], [ -58.291383930000066, -27.260115430000333 ], [ -58.299532020000058, -27.255635600000318 ] ] ], [ [ [ -58.164996420000051, -27.27139596000033 ], [ -58.168732470000066, -27.274042330000334 ], [ -58.169783230000057, -27.269800360000332 ], [ -58.164996420000051, -27.27139596000033 ] ] ], [ [ [ -58.351108860000082, -27.274010780000324 ], [ -58.361280450000073, -27.274703320000313 ], [ -58.349074550000061, -27.271803330000314 ], [ -58.351108860000082, -27.274010780000324 ] ] ], [ [ [ -58.19777777000008, -27.275957290000321 ], [ -58.194109510000068, -27.279430780000318 ], [ -58.199790440000065, -27.277061020000321 ], [ -58.19777777000008, -27.275957290000321 ] ] ], [ [ [ -58.265635300000078, -27.259688570000321 ], [ -58.263817400000057, -27.261246770000312 ], [ -58.26771290000007, -27.261290050000319 ], [ -58.265635300000078, -27.259688570000321 ] ] ] ] } },
{ "type": "Feature", "properties": { "fid": 406, "gid": 1525, "DEPARTAMENTO": "San Cosme", "PROVINCIA": "Corrientes" }, "geometry": { "type": "MultiPolygon", "coordinates": [ [ [ [ -58.419658160000054, -27.289453310000315 ], [ -58.372854480000086, -27.290794360000316 ], [ -58.360748840000063, -27.283359830000325 ], [ -58.303226240000072, -27.360077770000323 ], [ -58.323296230000075, -27.360046870000307 ], [ -58.335310850000063, -27.414639290000306 ], [ -58.355464240000046, -27.397865060000328 ], [ -58.413813390000065, -27.408902740000311 ], [ -58.451804340000074, -27.400188830000321 ], [ -58.455829980000061, -27.416550260000324 ], [ -58.491352850000062, -27.429650110000306 ], [ -58.48069088000009, -27.449794140000311 ], [ -58.488812600000074, -27.474668660000304 ], [ -58.518600420000077, -27.49174684000031 ], [ -58.54789238000005, -27.487201570000309 ], [ -58.57200164000006, -27.51395333000033 ], [ -58.57817098000006, -27.509814380000314 ], [ -58.590002450000071, -27.518783140000316 ], [ -58.594704620000073, -27.513631690000313 ], [ -58.603394760000057, -27.520104500000301 ], [ -58.61214498000006, -27.509117970000307 ], [ -58.627733980000066, -27.512631000000322 ], [ -58.636170530000065, -27.474476270000316 ], [ -58.678760890000056, -27.471429420000312 ], [ -58.668550370000062, -27.421749670000317 ], [ -58.663287700000062, -27.422417060000321 ], [ -58.707917320000064, -27.366175490000316 ], [ -58.668786530000062, -27.359091760000315 ], [ -58.616488, -27.318632480000325 ], [ -58.592902700000067, -27.32081819000032 ], [ -58.54974768000006, -27.294793020000331 ], [ -58.51572181000008, -27.291031570000339 ], [ -58.49701622000007, -27.271360200000316 ], [ -58.476599340000064, -27.270945090000325 ], [ -58.419658160000054, -27.289453310000315 ] ] ], [ [ [ -58.431125730000069, -27.268229360000319 ], [ -58.420368270000068, -27.279649300000315 ], [ -58.422008700000077, -27.280627250000308 ], [ -58.431125730000069, -27.268229360000319 ] ] ], [ [ [ -58.609024450000071, -27.316137990000332 ], [ -58.613093320000054, -27.31328264000031 ], [ -58.607097080000059, -27.312854340000314 ], [ -58.609024450000071, -27.316137990000332 ] ] ], [ [ [ -58.418207310000078, -27.283202260000333 ], [ -58.413948490000067, -27.281096510000332 ], [ -58.41312039000006, -27.281593380000324 ], [ -58.418207310000078, -27.283202260000333 ] ] ], [ [ [ -58.441057610000065, -27.265638030000325 ], [ -58.436534090000066, -27.270747330000315 ], [ -58.441708480000052, -27.267037400000333 ], [ -58.441057610000065, -27.265638030000325 ] ] ], [ [ [ -58.457879970000072, -27.271700100000309 ], [ -58.462600170000066, -27.271824320000317 ], [ -58.463321050000069, -27.270848250000316 ], [ -58.457879970000072, -27.271700100000309 ] ] ] ] } },
{ "type": "Feature", "properties": { "fid": 407, "gid": 1526, "DEPARTAMENTO": "Capital", "PROVINCIA": "Corrientes" }, "geometry": { "type": "MultiPolygon", "coordinates": [ [ [ [ -58.707917320000064, -27.366175490000316 ], [ -58.663287700000062, -27.422417060000321 ], [ -58.668550370000062, -27.421749670000317 ], [ -58.678760890000056, -27.471429420000312 ], [ -58.636170530000065, -27.474476270000316 ], [ -58.635658270000071, -27.495260500000317 ], [ -58.626347430000067, -27.508830820000313 ], [ -58.647571880000086, -27.518717430000329 ], [ -58.668415300000063, -27.612244100000328 ], [ -58.67950453000006, -27.612845590000312 ], [ -58.687514570000062, -27.624323540000329 ], [ -58.727396880000065, -27.627499910000317 ], [ -58.776489120000079, -27.659853920000309 ], [ -58.804003470000062, -27.654653870000327 ], [ -58.815441680000077, -27.675479560000305 ], [ -58.83549694000007, -27.646641430000322 ], [ -58.882746470000065, -27.608522890000327 ], [ -58.871019020000062, -27.571271190000321 ], [ -58.881402330000064, -27.497892070000315 ], [ -58.808639630000066, -27.42372018000032 ], [ -58.781012170000061, -27.381777970000329 ], [ -58.768317910000057, -27.376275980000319 ], [ -58.745560020000077, -27.382237580000325 ], [ -58.707917320000064, -27.366175490000316 ] ] ] ] } },
{ "type": "Feature", "properties": { "fid": 408, "gid": 1527, "DEPARTAMENTO": "Tulumba", "PROVINCIA": "Córdoba" }, "geometry": { "type": "MultiPolygon", "coordinates": [ [ [ [ -64.492179730000089, -29.820760110000304 ], [ -64.405180950000101, -29.827615330000306 ], [ -64.410106140000096, -29.930094590000277 ], [ -64.210688970000092, -29.978071480000292 ], [ -64.173644560000113, -30.063035540000321 ], [ -64.052602900000096, -30.087659960000291 ], [ -64.044607480000082, -30.066639510000293 ], [ -64.018275140000085, -30.070148500000293 ], [ -63.995972280000082, -30.062776560000284 ], [ -63.981725430000083, -30.083658650000295 ], [ -63.953510170000094, -30.077073750000281 ], [ -63.951689860000108, -30.083810990000277 ], [ -63.934531570000104, -30.085606450000284 ], [ -63.938105430000093, -30.091787520000313 ], [ -63.930391710000109, -30.098654070000283 ], [ -63.886857450000086, -30.097243960000284 ], [ -63.885859350000089, -30.107568760000291 ], [ -63.8584989800001, -30.12474064000029 ], [ -63.493703560000078, -30.188682100000289 ], [ -63.492529070000096, -30.272178800000301 ], [ -63.380967570000102, -30.270413380000299 ], [ -63.380904660000084, -30.321469390000292 ], [ -63.348479800000092, -30.323659330000282 ], [ -63.325436990000085, -30.230402750000277 ], [ -62.526983980000075, -30.378497040000287 ], [ -62.550465100000082, -30.470110400000287 ], [ -62.325088030000082, -30.511575460000287 ], [ -62.328508520000078, -30.577151440000296 ], [ -62.428587940000085, -30.554489150000286 ], [ -62.444727680000092, -30.568581820000279 ], [ -62.514314010000085, -30.564141270000285 ], [ -62.553960120000092, -30.548037920000294 ], [ -62.557491740000081, -30.543776070000277 ], [ -62.545132340000087, -30.54418337000029 ], [ -62.556538650000093, -30.525849930000277 ], [ -62.629176970000096, -30.532577330000279 ], [ -62.651423200000082, -30.511651460000291 ], [ -62.704314300000071, -30.5488069800003 ], [ -62.702555240000095, -30.559021460000295 ], [ -62.679787470000086, -30.5672328300003 ], [ -62.677991040000094, -30.583452440000304 ], [ -62.685271160000092, -30.592664020000267 ], [ -62.772417100000091, -30.602171050000273 ], [ -62.884611820000082, -30.635282510000295 ], [ -62.890357420000079, -30.638192100000282 ], [ -62.876660830000077, -30.662021030000279 ], [ -62.912341190000092, -30.658732530000279 ], [ -62.914432340000076, -30.639805300000287 ], [ -62.930098330000092, -30.655540060000305 ], [ -62.926613950000075, -30.664993810000293 ], [ -62.951638560000092, -30.6748082100003 ], [ -62.937314510000078, -30.683515870000296 ], [ -62.963616900000083, -30.687309130000283 ], [ -62.985848380000071, -30.677344120000285 ], [ -62.984649310000087, -30.683165870000277 ], [ -63.011270650000093, -30.686929160000279 ], [ -63.001285690000081, -30.695766780000287 ], [ -63.025444410000084, -30.696783170000288 ], [ -63.213639160000092, -30.662077730000302 ], [ -63.207509540000089, -30.63900867000028 ], [ -63.365041610000084, -30.609435460000281 ], [ -63.356979540000076, -30.575860650000315 ], [ -63.60432966000009, -30.526146470000263 ], [ -63.615454380000095, -30.571915950000275 ], [ -63.79570209000007, -30.569191280000286 ], [ -63.801855840000108, -30.561629370000279 ], [ -63.802383820000109, -30.510260300000294 ], [ -63.845504770000097, -30.510823950000287 ], [ -63.847102290000088, -30.416595310000275 ], [ -63.963569200000094, -30.414910700000288 ], [ -63.979222860000107, -30.45867957000031 ], [ -63.9941944300001, -30.455374880000299 ], [ -63.997261020000089, -30.479602610000278 ], [ -64.005591600000102, -30.483222600000303 ], [ -64.083312080000084, -30.465693080000282 ], [ -64.139262790000089, -30.47223978000029 ], [ -64.298264150000094, -30.463715430000285 ], [ -64.283718080000099, -30.388761390000294 ], [ -64.37480131000008, -30.378590140000284 ], [ -64.3853570200001, -30.362710560000274 ], [ -64.386299480000119, -30.340263460000301 ], [ -64.378897090000095, -30.290566460000289 ], [ -64.367766320000101, -30.290833960000302 ], [ -64.356526430000102, -30.197403110000312 ], [ -64.28324, -30.201891010000296 ], [ -64.269874210000083, -30.116012680000292 ], [ -64.298706390000092, -30.114072040000302 ], [ -64.296149080000106, -30.086319460000301 ], [ -64.989395060000106, -30.015059710000294 ], [ -64.9859641500001, -29.891056380000268 ], [ -64.937932100000097, -29.847511120000298 ], [ -64.964052190000118, -29.596091500000274 ], [ -64.489384990000104, -29.528133520000296 ], [ -64.492179730000089, -29.820760110000304 ] ] ] ] } },
{ "type": "Feature", "properties": { "fid": 409, "gid": 1528, "DEPARTAMENTO": "Cruz del Eje", "PROVINCIA": "Córdoba" }, "geometry": { "type": "MultiPolygon", "coordinates": [ [ [ [ -64.870823650000105, -30.634533950000293 ], [ -64.71485116000008, -30.634132190000287 ], [ -64.714700760000085, -30.689943550000276 ], [ -64.624299720000096, -30.690109380000287 ], [ -64.61974487000009, -30.77121923000027 ], [ -64.670991950000101, -30.828782620000258 ], [ -64.664859380000095, -30.846636360000282 ], [ -64.644692860000092, -30.85623486000031 ], [ -64.642120150000082, -30.887320260000291 ], [ -64.654053230000088, -30.891006110000294 ], [ -64.648172520000102, -30.922248920000275 ], [ -64.674526080000092, -30.921910270000296 ], [ -64.674554910000097, -30.943649240000276 ], [ -64.699863020000095, -30.949415530000284 ], [ -64.696283950000094, -30.959973720000296 ], [ -64.681711900000096, -30.959443490000261 ], [ -64.676111270000106, -30.971892240000276 ], [ -64.67343141000012, -30.989743050000275 ], [ -64.686714070000079, -31.018775580000273 ], [ -64.674398310000086, -31.021279720000258 ], [ -64.652493730000103, -31.009393370000272 ], [ -64.640181580000089, -31.02770460000027 ], [ -64.643064330000101, -31.045872870000281 ], [ -64.675682780000102, -31.067046790000269 ], [ -64.678975650000083, -31.094921170000291 ], [ -64.671064480000098, -31.107737240000287 ], [ -64.677518700000078, -31.137264580000302 ], [ -64.704069960000112, -31.178786890000289 ], [ -64.696258, -31.223967400000276 ], [ -64.707544970000086, -31.235248790000284 ], [ -64.711165670000085, -31.261875660000292 ], [ -64.70051475000011, -31.277615060000272 ], [ -64.721161480000106, -31.289005620000271 ], [ -64.750835860000109, -31.370759880000278 ], [ -64.753480320000079, -31.366285090000282 ], [ -64.756399120000097, -31.374189550000267 ], [ -64.778605860000098, -31.379911060000293 ], [ -64.782396180000092, -31.398051800000271 ], [ -64.791044190000093, -31.403797830000272 ], [ -64.806535180000097, -31.403871480000287 ], [ -64.801402690000103, -31.415995420000275 ], [ -64.761113180000081, -31.417147230000289 ], [ -64.761355100000074, -31.426544860000273 ], [ -64.831684130000085, -31.417912260000282 ], [ -64.831603870000095, -31.409040730000299 ], [ -64.923317410000081, -31.41238650000027 ], [ -64.909489630000081, -31.399303160000276 ], [ -64.91331944000008, -31.377651360000286 ], [ -64.89979406000009, -31.346004420000284 ], [ -64.906014230000096, -31.310835180000279 ], [ -64.897790020000102, -31.248109440000281 ], [ -64.905372990000103, -31.221392080000268 ], [ -64.920938370000115, -31.211451860000281 ], [ -64.940246970000103, -31.167039650000291 ], [ -64.988738640000079, -31.137518970000254 ], [ -65.018897550000091, -31.105691780000289 ], [ -65.040756270000102, -31.097286930000294 ], [ -65.106108680000105, -31.043934070000279 ], [ -65.119488240000081, -31.021174250000271 ], [ -65.109644300000113, -31.001508310000283 ], [ -65.152331790000119, -30.946820840000278 ], [ -65.158121990000097, -30.874280960000284 ], [ -65.182831630000095, -30.870489570000302 ], [ -65.254661320000096, -30.883966530000279 ], [ -65.335021030000107, -30.882483660000283 ], [ -65.348173590000101, -30.846250090000272 ], [ -65.347007880000106, -30.737846340000281 ], [ -65.373380360000084, -30.704000630000277 ], [ -65.373476, -30.693183800000291 ], [ -65.599061190000114, -30.656710370000294 ], [ -65.525244940000093, -30.490815510000267 ], [ -65.422985220000086, -30.119602480000299 ], [ -65.158270180000116, -30.047266870000282 ], [ -64.9859641500001, -29.891056380000268 ], [ -64.9963374700001, -30.179831150000282 ], [ -65.004077260000102, -30.226115320000286 ], [ -65.001871, -30.4185155800003 ], [ -65.065264840000083, -30.418669210000292 ], [ -65.033471800000115, -30.475058910000289 ], [ -64.870823650000105, -30.634533950000293 ] ] ] ] } },
{ "type": "Feature", "properties": { "fid": 410, "gid": 1529, "DEPARTAMENTO": "Punilla", "PROVINCIA": "Córdoba" }, "geometry": { "type": "MultiPolygon", "coordinates": [ [ [ [ -64.624299720000096, -30.690109380000287 ], [ -64.54469973000009, -30.690607230000278 ], [ -64.544227740000082, -30.703802700000278 ], [ -64.514820810000103, -30.703033390000282 ], [ -64.514024030000087, -30.771493450000289 ], [ -64.425396450000093, -30.777570340000288 ], [ -64.438551450000105, -30.79489027000028 ], [ -64.447188960000119, -30.833414580000294 ], [ -64.436948280000081, -30.879180920000291 ], [ -64.437197650000101, -30.898161860000293 ], [ -64.443233630000094, -30.900487270000298 ], [ -64.434567270000088, -30.928831820000259 ], [ -64.438905250000104, -30.950624780000282 ], [ -64.4296484300001, -30.972589050000277 ], [ -64.449222660000103, -31.060553000000287 ], [ -64.429436110000097, -31.125722310000278 ], [ -64.432541960000094, -31.138764620000284 ], [ -64.41481042000008, -31.173877790000283 ], [ -64.414316510000091, -31.218093120000287 ], [ -64.417200820000104, -31.25142077000028 ], [ -64.430456290000095, -31.272552150000273 ], [ -64.435786060000083, -31.327713020000282 ], [ -64.427049570000094, -31.418365810000267 ], [ -64.445591370000088, -31.433637420000302 ], [ -64.448017810000081, -31.421005300000282 ], [ -64.480423820000084, -31.420810030000286 ], [ -64.478355610000094, -31.430794590000293 ], [ -64.491510750000103, -31.441660410000296 ], [ -64.4959022500001, -31.468780290000286 ], [ -64.51528633000008, -31.492676000000277 ], [ -64.52108297000008, -31.5200023000003 ], [ -64.549202040000083, -31.553204980000288 ], [ -64.551948150000101, -31.585971320000272 ], [ -64.540035130000106, -31.603228890000281 ], [ -64.542128960000085, -31.68975425000027 ], [ -64.554823620000079, -31.687611440000289 ], [ -64.5528509600001, -31.693582610000277 ], [ -64.571556280000095, -31.705917650000266 ], [ -64.583139410000086, -31.706980730000279 ], [ -64.58784397000008, -31.699138110000263 ], [ -64.597597720000081, -31.709606830000265 ], [ -64.60037752000008, -31.693517530000275 ], [ -64.60989183000008, -31.696364520000301 ], [ -64.62025171000009, -31.687146370000274 ], [ -64.632929790000091, -31.694678970000268 ], [ -64.639990530000105, -31.678313410000271 ], [ -64.649188690000102, -31.682170210000301 ], [ -64.648791530000096, -31.692140290000275 ], [ -64.664416660000086, -31.692303920000274 ], [ -64.67458416000008, -31.689872290000281 ], [ -64.677666490000092, -31.67590276000027 ], [ -64.690708760000106, -31.678411830000275 ], [ -64.693566800000099, -31.670516210000283 ], [ -64.728867390000104, -31.67374886000027 ], [ -64.772441960000094, -31.560105490000286 ], [ -64.751365080000099, -31.516125110000278 ], [ -64.780922710000098, -31.507148600000267 ], [ -64.788487570000086, -31.493430410000293 ], [ -64.792956360000105, -31.424686710000262 ], [ -64.761355100000074, -31.426544860000273 ], [ -64.761086400000096, -31.417229260000273 ], [ -64.801402690000103, -31.415995420000275 ], [ -64.806535180000097, -31.403871480000287 ], [ -64.791044190000093, -31.403797830000272 ], [ -64.782396180000092, -31.398051800000271 ], [ -64.778605860000098, -31.379911060000293 ], [ -64.756399120000097, -31.374189550000267 ], [ -64.753480320000079, -31.366285090000282 ], [ -64.750835860000109, -31.370759880000278 ], [ -64.721161480000106, -31.289005620000271 ], [ -64.70051475000011, -31.277615060000272 ], [ -64.711165670000085, -31.261875660000292 ], [ -64.707544970000086, -31.235248790000284 ], [ -64.696258, -31.223967400000276 ], [ -64.704069960000112, -31.178786890000289 ], [ -64.677518700000078, -31.137264580000302 ], [ -64.671064480000098, -31.107737240000287 ], [ -64.678975650000083, -31.094921170000291 ], [ -64.675682780000102, -31.067046790000269 ], [ -64.643064330000101, -31.045872870000281 ], [ -64.640181580000089, -31.02770460000027 ], [ -64.652493730000103, -31.009393370000272 ], [ -64.674398310000086, -31.021279720000258 ], [ -64.686714070000079, -31.018775580000273 ], [ -64.67343141000012, -30.989743050000275 ], [ -64.676111270000106, -30.971892240000276 ], [ -64.681711900000096, -30.959443490000261 ], [ -64.696283950000094, -30.959973720000296 ], [ -64.699863020000095, -30.949415530000284 ], [ -64.674554910000097, -30.943649240000276 ], [ -64.674526080000092, -30.921910270000296 ], [ -64.648172520000102, -30.922248920000275 ], [ -64.654053230000088, -30.891006110000294 ], [ -64.642120150000082, -30.887320260000291 ], [ -64.644692860000092, -30.85623486000031 ], [ -64.664859380000095, -30.846636360000282 ], [ -64.670953400000087, -30.828493630000306 ], [ -64.61974487000009, -30.77121923000027 ], [ -64.624299720000096, -30.690109380000287 ] ] ] ] } },
{ "type": "Feature", "properties": { "fid": 411, "gid": 1530, "DEPARTAMENTO": "Santa María", "PROVINCIA": "Córdoba" }, "geometry": { "type": "MultiPolygon", "coordinates": [ [ [ [ -64.423177790000082, -31.35593637000029 ], [ -64.351087150000097, -31.371337350000275 ], [ -64.315557750000067, -31.358493860000291 ], [ -64.309786060000079, -31.363287880000282 ], [ -64.309785990000094, -31.52498391000027 ], [ -64.057384170000091, -31.524983910000277 ], [ -64.057381350000099, -31.419291460000291 ], [ -64.042792580000082, -31.434059350000275 ], [ -64.025269690000087, -31.42844482000028 ], [ -64.002283650000081, -31.447026640000271 ], [ -63.984548880000105, -31.44430474000028 ], [ -63.973583190000085, -31.451898420000269 ], [ -63.969696890000108, -31.443031980000274 ], [ -63.952104020000093, -31.439694370000275 ], [ -63.956748700000105, -31.536471820000273 ], [ -63.934107240000088, -31.558247200000274 ], [ -64.016609100000082, -31.620397820000292 ], [ -63.985281880000088, -31.65113649000028 ], [ -64.014614070000064, -31.656003440000276 ], [ -64.029106140000096, -31.677456800000275 ], [ -64.027266950000083, -31.768684830000293 ], [ -64.010554630000087, -31.749957060000266 ], [ -63.982140910000091, -31.746058890000274 ], [ -63.947788180000096, -31.752862310000285 ], [ -63.9468737400001, -31.874438680000267 ], [ -63.918088750000088, -31.874602930000265 ], [ -63.919286860000085, -32.009833260000278 ], [ -63.974445260000088, -31.998013880000283 ], [ -63.973793690000093, -31.951751120000292 ], [ -64.084101470000078, -31.950585980000309 ], [ -64.084511770000091, -32.004652790000279 ], [ -64.241407550000091, -32.004466520000264 ], [ -64.223441480000091, -31.912441270000279 ], [ -64.274288720000101, -31.912657830000281 ], [ -64.274767700000098, -31.944975200000258 ], [ -64.288253240000103, -31.949969130000284 ], [ -64.28807206000009, -31.853641680000269 ], [ -64.313978770000105, -31.853980490000279 ], [ -64.311147760000068, -31.841999070000277 ], [ -64.380192500000106, -31.839247140000278 ], [ -64.378007300000078, -31.845271870000282 ], [ -64.384818670000087, -31.846503070000281 ], [ -64.40498550000008, -31.837301010000292 ], [ -64.413710360000096, -31.843419460000263 ], [ -64.409873320000088, -31.850966820000284 ], [ -64.42609474000011, -31.857133220000261 ], [ -64.43662799000009, -31.846928330000281 ], [ -64.432130690000065, -31.839999640000258 ], [ -64.445466560000099, -31.838376170000274 ], [ -64.459560630000084, -31.852536180000271 ], [ -64.475633960000081, -31.837268300000289 ], [ -64.484796490000107, -31.851355240000274 ], [ -64.498699350000081, -31.84384041000029 ], [ -64.489987960000093, -31.839865460000269 ], [ -64.497239300000089, -31.833574350000273 ], [ -64.491473760000105, -31.831037590000289 ], [ -64.494906720000102, -31.822815140000266 ], [ -64.498923330000096, -31.831190040000269 ], [ -64.506004300000086, -31.828436800000265 ], [ -64.50417149000009, -31.816629440000259 ], [ -64.520502320000105, -31.817952740000269 ], [ -64.528550480000106, -31.829371950000265 ], [ -64.5274347000001, -31.852061960000292 ], [ -64.550033020000086, -31.863554290000309 ], [ -64.552506070000106, -31.870177030000278 ], [ -64.543988920000089, -31.874480720000285 ], [ -64.549182040000105, -31.882395360000292 ], [ -64.58216386000008, -31.878414430000269 ], [ -64.590641370000085, -31.886138320000267 ], [ -64.606367080000084, -31.885260320000288 ], [ -64.609142560000095, -31.896600640000276 ], [ -64.617033740000096, -31.890943020000297 ], [ -64.634255490000086, -31.896945880000271 ], [ -64.629908210000082, -31.889953610000269 ], [ -64.639228120000098, -31.884623650000279 ], [ -64.640248460000095, -31.892425610000277 ], [ -64.653569850000082, -31.895567150000286 ], [ -64.665533680000095, -31.889216720000277 ], [ -64.677588860000085, -31.894543180000262 ], [ -64.675290070000088, -31.882821950000285 ], [ -64.688746430000094, -31.886869780000271 ], [ -64.691476590000093, -31.880335410000274 ], [ -64.695491170000096, -31.887460180000268 ], [ -64.703084330000081, -31.881613160000285 ], [ -64.712879860000101, -31.888515030000264 ], [ -64.732660940000088, -31.878411920000271 ], [ -64.732767980000105, -31.886248250000275 ], [ -64.760438730000089, -31.866575390000261 ], [ -64.834533310000083, -31.865261190000286 ], [ -64.894940060000081, -31.906930930000268 ], [ -64.928818050000089, -31.909291780000281 ], [ -64.884703270000088, -31.846709130000267 ], [ -64.887325760000081, -31.828063160000287 ], [ -64.783517, -31.82665225000029 ], [ -64.763676130000093, -31.794440700000276 ], [ -64.759966550000101, -31.759866880000271 ], [ -64.72685943000009, -31.735372840000284 ], [ -64.72754022000008, -31.713735400000289 ], [ -64.712645230000106, -31.701200700000278 ], [ -64.717391130000095, -31.671357760000269 ], [ -64.677666490000092, -31.67590276000027 ], [ -64.67458416000008, -31.689872290000281 ], [ -64.664416660000086, -31.692303920000274 ], [ -64.648791530000096, -31.692140290000275 ], [ -64.649188690000102, -31.682170210000301 ], [ -64.639990530000105, -31.678313410000271 ], [ -64.632929790000091, -31.694678970000268 ], [ -64.62025171000009, -31.687146370000274 ], [ -64.60989183000008, -31.696364520000301 ], [ -64.60037752000008, -31.693517530000275 ], [ -64.598079240000104, -31.709582480000261 ], [ -64.58784397000008, -31.699138110000263 ], [ -64.583139410000086, -31.706980730000279 ], [ -64.571556280000095, -31.705917650000266 ], [ -64.5528509600001, -31.693582610000277 ], [ -64.554823620000079, -31.687611440000289 ], [ -64.542128960000085, -31.68975425000027 ], [ -64.540035130000106, -31.603228890000281 ], [ -64.551948150000101, -31.585971320000272 ], [ -64.549202040000083, -31.553204980000288 ], [ -64.52108297000008, -31.5200023000003 ], [ -64.51528633000008, -31.492676000000277 ], [ -64.4959022500001, -31.468780290000286 ], [ -64.491510750000103, -31.441660410000296 ], [ -64.478355610000094, -31.430794590000293 ], [ -64.480019310000102, -31.420214650000258 ], [ -64.448017810000081, -31.421005300000282 ], [ -64.445591370000088, -31.433637420000302 ], [ -64.428097230000105, -31.420911140000282 ], [ -64.4295726900001, -31.363416870000268 ], [ -64.418676270000091, -31.36759863000027 ], [ -64.423177790000082, -31.35593637000029 ] ] ] ] } },
{ "type": "Feature", "properties": { "fid": 412, "gid": 1531, "DEPARTAMENTO": "Minas", "PROVINCIA": "Córdoba" }, "geometry": { "type": "MultiPolygon", "coordinates": [ [ [ [ -65.599014040000085, -30.656722510000282 ], [ -65.373476, -30.693183800000291 ], [ -65.373380360000084, -30.704000630000277 ], [ -65.347007880000106, -30.737846340000281 ], [ -65.348173590000101, -30.846250090000272 ], [ -65.335021030000107, -30.882483660000283 ], [ -65.254661320000096, -30.883966530000279 ], [ -65.182831630000095, -30.870489570000302 ], [ -65.158121990000097, -30.874280960000284 ], [ -65.152331790000119, -30.946820840000278 ], [ -65.109644300000113, -31.001508310000283 ], [ -65.119488240000081, -31.021174250000271 ], [ -65.106108680000105, -31.043934070000279 ], [ -65.040756270000102, -31.097286930000294 ], [ -65.018897550000091, -31.105691780000289 ], [ -64.988738640000079, -31.137518970000254 ], [ -64.940246970000103, -31.167039650000291 ], [ -64.920938370000115, -31.211451860000281 ], [ -64.905372990000103, -31.221392080000268 ], [ -64.899435600000089, -31.276881920000292 ], [ -65.771038220000094, -31.261411880000285 ], [ -65.771459660000104, -31.044159170000277 ], [ -65.599014040000085, -30.656722510000282 ] ] ] ] } },
{ "type": "Feature", "properties": { "fid": 413, "gid": 1532, "DEPARTAMENTO": "San Alberto", "PROVINCIA": "Córdoba" }, "geometry": { "type": "MultiPolygon", "coordinates": [ [ [ [ -64.975181520000106, -31.402635890000273 ], [ -64.88210125000009, -31.415236070000283 ], [ -64.831603870000095, -31.409040730000299 ], [ -64.831684130000085, -31.417912260000282 ], [ -64.802451190000085, -31.418330450000287 ], [ -64.792956360000105, -31.424686710000262 ], [ -64.783774230000091, -31.504626340000275 ], [ -64.751365080000099, -31.516125110000278 ], [ -64.772441960000094, -31.560105490000286 ], [ -64.728867390000104, -31.67374886000027 ], [ -64.717018730000106, -31.673368550000273 ], [ -64.711732420000104, -31.692956390000266 ], [ -64.72754022000008, -31.713735400000289 ], [ -64.72685943000009, -31.735372840000284 ], [ -64.759966550000101, -31.759866880000271 ], [ -64.763676130000093, -31.794440700000276 ], [ -64.783517, -31.82665225000029 ], [ -64.887325760000081, -31.828063160000287 ], [ -64.884703270000088, -31.846709130000267 ], [ -64.928818050000089, -31.909291780000281 ], [ -64.995605, -31.859996030000264 ], [ -65.018988070000091, -31.871139680000251 ], [ -65.018724600000084, -31.878587990000284 ], [ -65.04497281000009, -31.872023240000267 ], [ -65.052546750000104, -31.882347580000271 ], [ -65.075479350000094, -31.887530670000285 ], [ -65.091943780000094, -31.908058280000265 ], [ -65.105797410000065, -31.907758140000258 ], [ -65.105699950000087, -31.915777590000271 ], [ -65.114278630000101, -31.911964270000276 ], [ -65.144483740000084, -31.925673660000292 ], [ -65.173975880000086, -31.925800080000283 ], [ -65.181248840000094, -31.940051390000274 ], [ -65.204125070000103, -31.930733260000292 ], [ -65.21041071000009, -31.94238910000028 ], [ -65.251988360000084, -31.948400010000274 ], [ -65.352274130000083, -31.92060789000028 ], [ -65.352631820000099, -31.90423373000025 ], [ -65.550642480000093, -31.90691954000026 ], [ -65.550473100000104, -31.896235230000272 ], [ -65.605852760000104, -31.89546473000027 ], [ -65.60636584000008, -31.908464840000288 ], [ -65.628041330000102, -31.898626850000269 ], [ -65.769821560000082, -31.888605800000271 ], [ -65.770103330000083, -31.743350900000266 ], [ -65.611899510000086, -31.745526480000265 ], [ -65.615558140000118, -31.758350640000277 ], [ -65.50222939000011, -31.759374480000282 ], [ -65.484560310000106, -31.691071820000275 ], [ -65.470103, -31.691025520000281 ], [ -65.469263430000098, -31.619852930000263 ], [ -65.399265990000103, -31.620130040000255 ], [ -65.399468830000089, -31.649044160000262 ], [ -65.273401960000086, -31.649834010000291 ], [ -65.26129020000009, -31.67368978000027 ], [ -65.236808920000115, -31.675482290000271 ], [ -65.235504910000117, -31.621037760000281 ], [ -65.252007010000099, -31.620747680000271 ], [ -65.250714440000081, -31.567031030000269 ], [ -65.177068870000099, -31.566256320000289 ], [ -65.166517240000118, -31.559576780000278 ], [ -65.166485030000104, -31.490823420000257 ], [ -65.18206106000008, -31.490386030000284 ], [ -65.171951100000101, -31.453314700000288 ], [ -65.133496260000086, -31.450603880000266 ], [ -65.126053340000084, -31.436377530000307 ], [ -65.066510110000081, -31.413530940000278 ], [ -64.975181520000106, -31.402635890000273 ] ] ] ] } },
{ "type": "Feature", "properties": { "fid": 414, "gid": 1533, "DEPARTAMENTO": "Río Segundo", "PROVINCIA": "Córdoba" }, "geometry": { "type": "MultiPolygon", "coordinates": [ [ [ [ -63.263100450000096, -31.333906160000289 ], [ -63.259776, -31.464651770000273 ], [ -63.229869150000084, -31.472362900000288 ], [ -63.203422520000089, -31.459038360000271 ], [ -63.204191560000091, -31.464872310000285 ], [ -63.186244120000076, -31.469282420000273 ], [ -63.206593850000083, -31.552596450000284 ], [ -63.187221350000073, -31.547144800000289 ], [ -63.184194970000092, -31.563344460000291 ], [ -63.163845510000087, -31.563546880000288 ], [ -63.167259360000095, -31.57743523000029 ], [ -63.153396630000081, -31.588598730000278 ], [ -63.16010179000007, -31.616236190000283 ], [ -63.149797300000081, -31.611240720000286 ], [ -63.152690720000095, -31.622961700000285 ], [ -63.111356870000087, -31.622786830000269 ], [ -63.111664990000094, -31.665275310000276 ], [ -63.053046100000081, -31.665777620000284 ], [ -63.052426070000088, -31.692465680000272 ], [ -63.035378530000081, -31.692379440000288 ], [ -63.03553932000009, -31.723428300000272 ], [ -63.014717370000099, -31.723432410000278 ], [ -63.009709800000081, -31.79997624000028 ], [ -62.982918630000071, -31.798873560000267 ], [ -62.982470320000068, -31.83358873000028 ], [ -62.968616170000075, -31.836100960000262 ], [ -62.963930470000079, -31.867452630000294 ], [ -62.949582150000076, -31.867439910000282 ], [ -62.94941483000008, -31.919724680000297 ], [ -62.925887560000071, -31.931059170000271 ], [ -62.899864630000074, -31.965952860000289 ], [ -62.881761910000087, -31.966105980000272 ], [ -62.88104536000008, -32.012824840000263 ], [ -62.869463960000083, -32.013029090000295 ], [ -62.869280300000078, -32.005725050000287 ], [ -62.838591790000073, -32.011335620000295 ], [ -62.851178520000076, -32.060529530000267 ], [ -62.954107, -32.048133200000272 ], [ -62.951163660000091, -32.036430240000279 ], [ -63.006235450000091, -32.036614190000279 ], [ -63.006307820000075, -32.021499890000293 ], [ -63.097011910000084, -32.005466730000286 ], [ -63.083484110000072, -31.952208220000283 ], [ -63.111484070000095, -31.958938430000302 ], [ -63.125630220000076, -31.947395690000274 ], [ -63.182589030000095, -32.001558300000255 ], [ -63.211613730000089, -32.010699150000271 ], [ -63.244447330000078, -31.924843010000281 ], [ -63.267082330000079, -31.935837670000282 ], [ -63.313280150000082, -31.933546290000265 ], [ -63.342522450000082, -31.941777180000276 ], [ -63.348103510000094, -31.963837520000286 ], [ -63.367494290000089, -31.966460850000274 ], [ -63.370387010000087, -31.978013430000296 ], [ -63.400033710000088, -31.98208339000027 ], [ -63.396248300000082, -31.970680560000275 ], [ -63.421731180000094, -31.974198400000276 ], [ -63.424387870000089, -31.98398268000027 ], [ -63.554991, -31.981376000000278 ], [ -63.570011690000086, -31.964225290000304 ], [ -63.65889805000009, -32.020754860000274 ], [ -63.677612730000092, -31.999059310000277 ], [ -63.67787768000008, -32.035053910000272 ], [ -63.699694, -32.035456900000284 ], [ -63.699783040000092, -31.988379900000272 ], [ -63.91895398000009, -31.986993280000284 ], [ -63.918088750000088, -31.874602930000265 ], [ -63.9468737400001, -31.874438680000267 ], [ -63.947788180000096, -31.752862310000285 ], [ -63.982140910000091, -31.746058890000274 ], [ -64.010554630000087, -31.749957060000266 ], [ -64.027266950000083, -31.768684830000293 ], [ -64.029106140000096, -31.677456800000275 ], [ -64.014614070000064, -31.656003440000276 ], [ -63.985281880000088, -31.65113649000028 ], [ -64.016609100000082, -31.620397820000292 ], [ -63.934107240000088, -31.558247200000274 ], [ -63.956748700000105, -31.536471820000273 ], [ -63.898267100000076, -31.542972290000272 ], [ -63.829987550000098, -31.52620849000029 ], [ -63.757855410000083, -31.524762310000291 ], [ -63.735254260000083, -31.515785480000289 ], [ -63.69087602000009, -31.522255640000292 ], [ -63.680623510000089, -31.516719070000285 ], [ -63.68076676000009, -31.492909170000281 ], [ -63.646302880000086, -31.486378010000273 ], [ -63.618981730000073, -31.494091900000267 ], [ -63.572219980000092, -31.469999170000275 ], [ -63.557905080000083, -31.457903500000288 ], [ -63.558001500000088, -31.434247310000284 ], [ -63.547480400000097, -31.41408735000028 ], [ -63.530544980000094, -31.4137099600003 ], [ -63.530627090000095, -31.403284130000277 ], [ -63.489523140000081, -31.402365340000276 ], [ -63.48560463000009, -31.390623990000272 ], [ -63.454573400000079, -31.384211080000274 ], [ -63.449620340000081, -31.375353960000279 ], [ -63.414523330000087, -31.378112130000286 ], [ -63.386223780000087, -31.367684400000293 ], [ -63.35842889000007, -31.367609020000288 ], [ -63.365608680000072, -31.315060710000274 ], [ -63.263100450000096, -31.333906160000289 ] ] ] ] } },
{ "type": "Feature", "properties": { "fid": 415, "gid": 1534, "DEPARTAMENTO": "San Justo", "PROVINCIA": "Córdoba" }, "geometry": { "type": "MultiPolygon", "coordinates": [ [ [ [ -62.130653110000068, -30.480432520000306 ], [ -61.842175490000081, -30.744316090000286 ], [ -62.123494850000085, -31.605407610000274 ], [ -62.241683130000091, -31.699676790000286 ], [ -62.218088750000078, -31.740571120000283 ], [ -62.22349013000008, -31.883933640000276 ], [ -62.188892760000073, -31.922314350000274 ], [ -62.167797480000083, -31.986010340000298 ], [ -62.182143090000082, -32.063679220000289 ], [ -62.324623010000089, -32.038981580000275 ], [ -62.316270120000077, -32.004361680000287 ], [ -62.52082582000007, -31.967241050000293 ], [ -62.528957830000081, -31.998894640000287 ], [ -62.619373470000092, -31.983290340000281 ], [ -62.635630310000096, -32.047210180000292 ], [ -62.837834280000088, -32.008354600000274 ], [ -62.869280300000078, -32.005725050000287 ], [ -62.869463960000083, -32.013029090000295 ], [ -62.88104536000008, -32.012824840000263 ], [ -62.881761910000087, -31.966105980000272 ], [ -62.899864630000074, -31.965952860000289 ], [ -62.925887560000071, -31.931059170000271 ], [ -62.94941483000008, -31.919724680000297 ], [ -62.949582150000076, -31.867439910000282 ], [ -62.963930470000079, -31.867452630000294 ], [ -62.968616170000075, -31.836100960000262 ], [ -62.982470320000068, -31.83358873000028 ], [ -62.982918630000071, -31.798873560000267 ], [ -63.009709800000081, -31.79997624000028 ], [ -63.014717370000099, -31.723432410000278 ], [ -63.03553932000009, -31.723428300000272 ], [ -63.035378530000081, -31.692379440000288 ], [ -63.052426070000088, -31.692465680000272 ], [ -63.053046100000081, -31.665777620000284 ], [ -63.111664990000094, -31.665275310000276 ], [ -63.111356870000087, -31.622786830000269 ], [ -63.152690720000095, -31.622961700000285 ], [ -63.149797300000081, -31.611240720000286 ], [ -63.16010179000007, -31.616236190000283 ], [ -63.153396630000081, -31.588598730000278 ], [ -63.167259360000095, -31.57743523000029 ], [ -63.163845510000087, -31.563546880000288 ], [ -63.184194970000092, -31.563344460000291 ], [ -63.187221350000073, -31.547144800000289 ], [ -63.206593850000083, -31.552596450000284 ], [ -63.186244120000076, -31.469282420000273 ], [ -63.204191560000091, -31.464872310000285 ], [ -63.203422520000089, -31.459038360000271 ], [ -63.229869150000084, -31.472362900000288 ], [ -63.259838430000094, -31.464501730000286 ], [ -63.263100450000096, -31.333906160000289 ], [ -63.245915590000109, -31.264815910000276 ], [ -63.177584160000094, -31.283441120000287 ], [ -63.153924710000091, -31.159464690000284 ], [ -63.13124270000008, -31.163374600000296 ], [ -63.119630720000082, -31.117218980000303 ], [ -63.040309880000088, -31.131523790000283 ], [ -63.032441630000093, -31.098046490000272 ], [ -63.009941250000089, -31.071885000000279 ], [ -62.955166630000093, -31.079795920000279 ], [ -62.933406620000078, -30.997007070000297 ], [ -62.94069355000007, -30.995575400000288 ], [ -62.933761360000091, -30.967460910000284 ], [ -62.834050150000081, -30.932505760000289 ], [ -62.815217450000084, -30.850703000000284 ], [ -62.829295850000079, -30.841575290000289 ], [ -62.830763050000087, -30.826478980000285 ], [ -62.843773920000089, -30.820789680000303 ], [ -62.842269670000093, -30.80500673000029 ], [ -62.885911120000095, -30.798922280000294 ], [ -62.905775460000093, -30.785790470000286 ], [ -62.910050070000075, -30.768474250000292 ], [ -62.929431610000087, -30.752212670000283 ], [ -62.922483240000076, -30.749817140000285 ], [ -62.928507280000069, -30.744962010000286 ], [ -62.922013740000075, -30.730591120000291 ], [ -62.935345910000095, -30.718508430000295 ], [ -62.957617760000076, -30.720908070000299 ], [ -62.971262940000088, -30.707231840000269 ], [ -62.979426470000078, -30.7165243700003 ], [ -62.994581260000089, -30.716736260000307 ], [ -63.00540605000009, -30.708411230000291 ], [ -63.014026850000072, -30.713619480000293 ], [ -63.0165892200001, -30.704022300000286 ], [ -63.03128034000008, -30.703920260000299 ], [ -63.039706540000104, -30.712955610000297 ], [ -63.042894690000082, -30.708113580000308 ], [ -63.030020680000071, -30.695347550000278 ], [ -63.000815840000094, -30.695532790000286 ], [ -63.011270650000093, -30.686929160000279 ], [ -62.984649310000087, -30.683165870000277 ], [ -62.985848380000071, -30.677344120000285 ], [ -62.963616900000083, -30.687309130000283 ], [ -62.937314510000078, -30.683515870000296 ], [ -62.951638560000092, -30.6748082100003 ], [ -62.926613950000075, -30.664993810000293 ], [ -62.930098330000092, -30.655540060000305 ], [ -62.914432340000076, -30.639805300000287 ], [ -62.912341190000092, -30.658732530000279 ], [ -62.876660830000077, -30.662021030000279 ], [ -62.890357420000079, -30.638192100000282 ], [ -62.884611820000082, -30.635282510000295 ], [ -62.772417100000091, -30.602171050000273 ], [ -62.685271160000092, -30.592664020000267 ], [ -62.677991040000094, -30.583452440000304 ], [ -62.679787470000086, -30.5672328300003 ], [ -62.702555240000095, -30.559021460000295 ], [ -62.704314300000071, -30.5488069800003 ], [ -62.651423200000082, -30.511651460000291 ], [ -62.629176970000096, -30.532577330000279 ], [ -62.556538650000093, -30.525849930000277 ], [ -62.545132340000087, -30.54418337000029 ], [ -62.557491740000081, -30.543776070000277 ], [ -62.553960120000092, -30.548037920000294 ], [ -62.514314010000085, -30.564141270000285 ], [ -62.444727680000092, -30.568581820000279 ], [ -62.428587940000085, -30.554489150000286 ], [ -62.328508520000078, -30.577151440000296 ], [ -62.321448350000075, -30.367885430000296 ], [ -62.157560030000084, -30.396158760000286 ], [ -62.130653110000068, -30.480432520000306 ] ] ] ] } },
{ "type": "Feature", "properties": { "fid": 416, "gid": 1540, "DEPARTAMENTO": "Río Seco", "PROVINCIA": "Córdoba" }, "geometry": { "type": "MultiPolygon", "coordinates": [ [ [ [ -63.721216780000084, -29.665165100000287 ], [ -63.640578770000104, -29.662770660000305 ], [ -63.627900930000095, -29.655003620000286 ], [ -63.568709170000091, -29.664317150000279 ], [ -63.530031550000089, -29.657708610000288 ], [ -63.465352280000083, -29.66448383000029 ], [ -63.480468710000082, -29.725545510000295 ], [ -63.459695500000088, -29.725524770000291 ], [ -63.459617070000085, -29.756934360000287 ], [ -62.806339510000072, -29.833773500000305 ], [ -62.829228070000092, -29.841585620000323 ], [ -62.838549870000094, -29.865875920000292 ], [ -62.824973600000085, -29.87590190000029 ], [ -62.820277050000072, -29.903936110000291 ], [ -62.799551380000082, -29.908756790000297 ], [ -62.798891660000102, -29.923919420000296 ], [ -62.785849140000074, -29.940024420000306 ], [ -62.791336, -29.960588920000291 ], [ -62.753621550000084, -29.966418600000289 ], [ -62.723878290000094, -29.990808070000305 ], [ -62.699488810000084, -29.988785530000296 ], [ -62.662369220000102, -29.999255160000299 ], [ -62.654992890000088, -30.00734532000029 ], [ -62.674742420000072, -30.035185020000291 ], [ -62.655439670000092, -30.055292130000321 ], [ -62.556483210000096, -30.0627867600003 ], [ -62.567665280000071, -30.123067360000285 ], [ -62.596801230000075, -30.165742210000296 ], [ -62.592646170000094, -30.181501980000299 ], [ -62.601319700000083, -30.190887540000286 ], [ -62.598986410000087, -30.217022160000287 ], [ -62.590156650000083, -30.228550210000289 ], [ -62.593618, -30.259582670000313 ], [ -62.534530520000082, -30.312020400000272 ], [ -62.520077450000095, -30.341897540000307 ], [ -62.173793630000084, -30.345314360000284 ], [ -62.157560030000084, -30.396158760000286 ], [ -62.321448350000075, -30.367885430000296 ], [ -62.325088030000082, -30.511575460000287 ], [ -62.550465100000082, -30.470110400000287 ], [ -62.526983980000075, -30.378497040000287 ], [ -63.325436990000085, -30.230402750000277 ], [ -63.348479800000092, -30.323659330000282 ], [ -63.380904660000084, -30.321469390000292 ], [ -63.380967570000102, -30.270413380000299 ], [ -63.492529070000096, -30.272178800000301 ], [ -63.493703560000078, -30.188682100000289 ], [ -63.8584989800001, -30.12474064000029 ], [ -63.885859350000089, -30.107568760000291 ], [ -63.887734660000085, -30.096873430000286 ], [ -63.930391710000109, -30.098654070000283 ], [ -63.938105430000093, -30.091787520000313 ], [ -63.944548510000082, -30.027272150000286 ], [ -63.887378650000095, -29.956485080000284 ], [ -63.88847429000009, -29.915618730000311 ], [ -63.87996179000011, -29.900804900000281 ], [ -63.857339050000085, -29.881871550000291 ], [ -63.83495395000007, -29.876896640000307 ], [ -63.836397050000102, -29.864949950000295 ], [ -63.818450600000105, -29.842147360000286 ], [ -63.811351450000089, -29.804523720000279 ], [ -63.806024270000087, -29.793954690000287 ], [ -63.791335310000093, -29.795028170000304 ], [ -63.778833480000095, -29.757469310000285 ], [ -63.7653680700001, -29.706077890000305 ], [ -63.792223520000093, -29.704250400000305 ], [ -63.791467700000091, -29.662500870000283 ], [ -63.77921016000009, -29.639344740000297 ], [ -63.721216780000084, -29.665165100000287 ] ] ] ] } },
{ "type": "Feature", "properties": { "fid": 417, "gid": 1541, "DEPARTAMENTO": "Sobremonte", "PROVINCIA": "Córdoba" }, "geometry": { "type": "MultiPolygon", "coordinates": [ [ [ [ -63.957798100000083, -29.623503100000313 ], [ -63.873855570000089, -29.630786690000296 ], [ -63.841911750000094, -29.580767100000301 ], [ -63.811821490000099, -29.579125830000272 ], [ -63.783769990000096, -29.5841665400003 ], [ -63.796054540000092, -29.614431890000297 ], [ -63.756151600000088, -29.62155404000028 ], [ -63.747148300000092, -29.649648790000288 ], [ -63.77921016000009, -29.639344740000297 ], [ -63.791467700000091, -29.662500870000283 ], [ -63.792223520000093, -29.704250400000305 ], [ -63.7653680700001, -29.706077890000305 ], [ -63.791335310000093, -29.795028170000304 ], [ -63.806024270000087, -29.793954690000287 ], [ -63.818450600000105, -29.842147360000286 ], [ -63.836397050000102, -29.864949950000295 ], [ -63.83495395000007, -29.876896640000307 ], [ -63.859408770000101, -29.883139210000309 ], [ -63.88572831000009, -29.90873743000029 ], [ -63.887378650000095, -29.956485080000284 ], [ -63.944548510000082, -30.027272150000286 ], [ -63.937584280000088, -30.083508750000306 ], [ -63.959785260000082, -30.076491910000296 ], [ -63.962507, -30.083120420000288 ], [ -63.982448180000084, -30.08340555000029 ], [ -63.996158160000093, -30.062750880000273 ], [ -64.018275140000085, -30.070148500000293 ], [ -64.044607480000082, -30.066639510000293 ], [ -64.052602900000096, -30.087659960000291 ], [ -64.173644560000113, -30.063035540000321 ], [ -64.210688970000092, -29.978071480000292 ], [ -64.410106140000096, -29.930094590000277 ], [ -64.405180950000101, -29.827615330000306 ], [ -64.492179730000089, -29.820760110000304 ], [ -64.489384990000104, -29.528133520000296 ], [ -64.275481530000093, -29.498673710000297 ], [ -64.082259520000079, -29.530126490000292 ], [ -63.980801650000089, -29.551029340000294 ], [ -63.957798100000083, -29.623503100000313 ] ] ] ] } },
{ "type": "Feature", "properties": { "fid": 418, "gid": 1542, "DEPARTAMENTO": "Capital", "PROVINCIA": "Córdoba" }, "geometry": { "type": "MultiPolygon", "coordinates": [ [ [ [ -64.057382280000098, -31.308528160000272 ], [ -64.057384170000091, -31.524983910000277 ], [ -64.309785990000094, -31.52498391000027 ], [ -64.30978608000008, -31.308532060000296 ], [ -64.057382280000098, -31.308528160000272 ] ] ] ] } },
{ "type": "Feature", "properties": { "fid": 419, "gid": 1544, "DEPARTAMENTO": "Colón", "PROVINCIA": "Córdoba" }, "geometry": { "type": "MultiPolygon", "coordinates": [ [ [ [ -64.374870220000105, -30.911384400000291 ], [ -64.350861460000104, -30.924683940000293 ], [ -64.344229460000079, -30.938236800000286 ], [ -64.306788780000119, -30.933518050000288 ], [ -64.282071220000091, -30.957881510000291 ], [ -64.256986950000083, -30.958500140000275 ], [ -64.241728700000081, -30.96876706000031 ], [ -64.22908182000009, -30.967479920000269 ], [ -64.226045230000096, -30.959973170000289 ], [ -64.205668110000104, -30.960743050000286 ], [ -64.179288410000083, -30.976252790000277 ], [ -64.171748880000081, -30.968997680000285 ], [ -64.15167784000009, -30.96671181000027 ], [ -64.136731700000098, -30.97449584000028 ], [ -64.135082930000095, -30.968264150000284 ], [ -64.039374150000086, -30.960102910000273 ], [ -64.009602550000096, -30.942127330000279 ], [ -63.990617590000092, -30.943702040000282 ], [ -63.991176830000093, -30.918198820000264 ], [ -63.887988740000083, -30.952974250000281 ], [ -63.895700490000095, -31.018725210000309 ], [ -63.823100720000092, -31.01814155000028 ], [ -63.823204480000086, -31.07339296000027 ], [ -63.839491360000082, -31.069721720000267 ], [ -63.830986050000092, -31.093423840000298 ], [ -63.844537840000086, -31.111972550000264 ], [ -63.864403770000088, -31.11193510000027 ], [ -63.866076730000096, -31.226060990000274 ], [ -63.895169730000084, -31.231124450000266 ], [ -63.89508, -31.245729800000298 ], [ -63.922472810000087, -31.245945960000277 ], [ -63.922176010000094, -31.274078620000303 ], [ -63.950879620000094, -31.273937490000282 ], [ -63.950723430000089, -31.320654130000282 ], [ -63.964758790000076, -31.320671170000292 ], [ -63.964685960000082, -31.344348140000296 ], [ -63.975254270000072, -31.345610660000297 ], [ -63.975262360000109, -31.352138570000285 ], [ -63.964114540000082, -31.349519240000276 ], [ -63.966734810000091, -31.37567108000027 ], [ -63.953240210000082, -31.365742410000294 ], [ -63.952104020000093, -31.439694370000275 ], [ -63.969696890000108, -31.443031980000274 ], [ -63.975043630000094, -31.452107990000279 ], [ -63.984548880000105, -31.44430474000028 ], [ -64.006561760000082, -31.445287480000278 ], [ -64.006741910000088, -31.437931550000282 ], [ -64.019644900000074, -31.437915910000278 ], [ -64.025269690000087, -31.42844482000028 ], [ -64.041609460000103, -31.434608220000278 ], [ -64.055635310000099, -31.42196022000029 ], [ -64.057382280000098, -31.308528160000272 ], [ -64.30978608000008, -31.308532060000296 ], [ -64.309786060000079, -31.363287880000282 ], [ -64.315557750000067, -31.358493860000291 ], [ -64.351087150000097, -31.371337350000275 ], [ -64.419846560000082, -31.355237120000272 ], [ -64.417947190000106, -31.366965520000281 ], [ -64.42649920000008, -31.361480070000283 ], [ -64.432100750000089, -31.373280350000272 ], [ -64.43214740000009, -31.282643190000282 ], [ -64.416739410000091, -31.249363530000302 ], [ -64.414736080000083, -31.175594560000285 ], [ -64.432541960000094, -31.138764620000284 ], [ -64.429436110000097, -31.125722310000278 ], [ -64.449222660000103, -31.060553000000287 ], [ -64.4296484300001, -30.972589050000277 ], [ -64.438905250000104, -30.950624780000282 ], [ -64.438753230000103, -30.913772980000285 ], [ -64.385196930000092, -30.917272720000266 ], [ -64.374870220000105, -30.911384400000291 ] ] ] ] } },
{ "type": "Feature", "properties": { "fid": 420, "gid": 1545, "DEPARTAMENTO": "Ischilín", "PROVINCIA": "Córdoba" }, "geometry": { "type": "MultiPolygon", "coordinates": [ [ [ [ -64.269874210000083, -30.116012680000292 ], [ -64.28324, -30.201891010000296 ], [ -64.356526430000102, -30.197403110000312 ], [ -64.367766320000101, -30.290833960000302 ], [ -64.378897090000095, -30.290566460000289 ], [ -64.3853570200001, -30.362710560000274 ], [ -64.37480131000008, -30.378590140000284 ], [ -64.283718080000099, -30.388761390000294 ], [ -64.298360140000099, -30.465791340000283 ], [ -64.270742140000081, -30.488231370000282 ], [ -64.229002630000082, -30.546100710000267 ], [ -64.201688320000088, -30.596868450000283 ], [ -64.185152030000097, -30.64924911000028 ], [ -64.152578420000097, -30.687617920000285 ], [ -64.117432730000104, -30.750222830000279 ], [ -64.113490440000106, -30.761132280000297 ], [ -64.127059820000085, -30.758633040000294 ], [ -64.126794310000079, -30.766214370000291 ], [ -64.104576600000087, -30.78013054000029 ], [ -64.101549780000099, -30.799889820000296 ], [ -64.142501950000096, -30.783419080000289 ], [ -64.173191210000098, -30.795412310000287 ], [ -64.217356040000084, -30.790247990000275 ], [ -64.234024050000102, -30.797068650000288 ], [ -64.238840550000091, -30.809227510000284 ], [ -64.262014290000081, -30.812758140000284 ], [ -64.275255630000103, -30.803922950000278 ], [ -64.296952110000106, -30.808627250000288 ], [ -64.326506990000098, -30.798214770000296 ], [ -64.33670177000009, -30.801521790000269 ], [ -64.350336140000095, -30.787911500000273 ], [ -64.415741440000104, -30.771534290000275 ], [ -64.428657480000084, -30.773155190000288 ], [ -64.425396450000093, -30.777570340000288 ], [ -64.514024030000087, -30.771493450000289 ], [ -64.514820810000103, -30.703033390000282 ], [ -64.544227740000082, -30.703802700000278 ], [ -64.54469973000009, -30.690607230000278 ], [ -64.714700760000085, -30.689943550000276 ], [ -64.71485116000008, -30.634132190000287 ], [ -64.875289540000097, -30.634227360000292 ], [ -65.033471800000115, -30.475058910000289 ], [ -65.065264840000083, -30.418669210000292 ], [ -65.001871, -30.4185155800003 ], [ -65.004077260000102, -30.226115320000286 ], [ -64.989395060000106, -30.015059710000294 ], [ -64.296149080000106, -30.086319460000301 ], [ -64.298706390000092, -30.114072040000302 ], [ -64.269874210000083, -30.116012680000292 ] ] ] ] } },
{ "type": "Feature", "properties": { "fid": 421, "gid": 1546, "DEPARTAMENTO": "Totoral", "PROVINCIA": "Córdoba" }, "geometry": { "type": "MultiPolygon", "coordinates": [ [ [ [ -64.182960020000067, -30.653147630000298 ], [ -64.229002630000082, -30.546100710000267 ], [ -64.270742140000081, -30.488231370000282 ], [ -64.298264150000094, -30.463715430000285 ], [ -64.139262790000089, -30.47223978000029 ], [ -64.083312080000084, -30.465693080000282 ], [ -64.005591600000102, -30.483222600000303 ], [ -63.997261020000089, -30.479602610000278 ], [ -63.9941944300001, -30.455374880000299 ], [ -63.979222860000107, -30.45867957000031 ], [ -63.963569200000094, -30.414910700000288 ], [ -63.847102290000088, -30.416595310000275 ], [ -63.845504770000097, -30.510823950000287 ], [ -63.802383820000109, -30.510260300000294 ], [ -63.801855840000108, -30.561629370000279 ], [ -63.79570209000007, -30.569191280000286 ], [ -63.615454380000095, -30.571915950000275 ], [ -63.60432966000009, -30.526146470000263 ], [ -63.565037660000094, -30.534026030000295 ], [ -63.598510470000093, -30.67219097000029 ], [ -63.662384830000093, -30.667025480000305 ], [ -63.728235470000094, -30.934369820000292 ], [ -63.764421510000091, -30.927781650000288 ], [ -63.764270310000093, -30.971319530000272 ], [ -63.820108850000089, -30.971572770000279 ], [ -63.820192980000087, -31.018040750000285 ], [ -63.895700490000095, -31.018725210000309 ], [ -63.887988740000083, -30.952974250000281 ], [ -63.991176830000093, -30.918198820000264 ], [ -63.990617590000092, -30.943702040000282 ], [ -64.009602550000096, -30.942127330000279 ], [ -64.039374150000086, -30.960102910000273 ], [ -64.135082930000095, -30.968264150000284 ], [ -64.136731700000098, -30.97449584000028 ], [ -64.15167784000009, -30.96671181000027 ], [ -64.171748880000081, -30.968997680000285 ], [ -64.179288410000083, -30.976252790000277 ], [ -64.205668110000104, -30.960743050000286 ], [ -64.226045230000096, -30.959973170000289 ], [ -64.22908182000009, -30.967479920000269 ], [ -64.241728700000081, -30.96876706000031 ], [ -64.256986950000083, -30.958500140000275 ], [ -64.282071220000091, -30.957881510000291 ], [ -64.306788780000119, -30.933518050000288 ], [ -64.344229460000079, -30.938236800000286 ], [ -64.350861460000104, -30.924683940000293 ], [ -64.377090180000081, -30.908976560000269 ], [ -64.385196930000092, -30.917272720000266 ], [ -64.438753230000103, -30.913772980000285 ], [ -64.437814380000091, -30.868689560000277 ], [ -64.447018110000101, -30.855767740000282 ], [ -64.447188960000119, -30.833414580000294 ], [ -64.428111020000088, -30.772934580000296 ], [ -64.354310170000105, -30.786498070000274 ], [ -64.33670177000009, -30.801521790000269 ], [ -64.326506990000098, -30.798214770000296 ], [ -64.296952110000106, -30.808627250000288 ], [ -64.275255630000103, -30.803922950000278 ], [ -64.262014290000081, -30.812758140000284 ], [ -64.238840550000091, -30.809227510000284 ], [ -64.234024050000102, -30.797068650000288 ], [ -64.217356040000084, -30.790247990000275 ], [ -64.173191210000098, -30.795412310000287 ], [ -64.142501950000096, -30.783419080000289 ], [ -64.101549780000099, -30.799889820000296 ], [ -64.104576600000087, -30.78013054000029 ], [ -64.126794310000079, -30.766214370000291 ], [ -64.127059820000085, -30.758633040000294 ], [ -64.113490440000106, -30.761132280000297 ], [ -64.117432730000104, -30.750222830000279 ], [ -64.152578420000097, -30.687617920000285 ], [ -64.182960020000067, -30.653147630000298 ] ] ] ] } },
{ "type": "Feature", "properties": { "fid": 422, "gid": 1548, "DEPARTAMENTO": "San Javier", "PROVINCIA": "Córdoba" }, "geometry": { "type": "MultiPolygon", "coordinates": [ [ [ [ -64.995605, -31.859996030000264 ], [ -64.928818050000089, -31.909291780000281 ], [ -64.942719800000091, -32.015849470000276 ], [ -64.933563770000106, -32.047719860000278 ], [ -64.955399630000088, -32.143384950000275 ], [ -64.949470380000093, -32.155393460000262 ], [ -64.962229190000087, -32.226814250000267 ], [ -64.951558090000105, -32.237534400000264 ], [ -64.960324490000104, -32.25343870000026 ], [ -64.953508080000077, -32.263422080000289 ], [ -64.961365920000091, -32.281971400000273 ], [ -64.952800150000101, -32.30859616000027 ], [ -64.97717966000009, -32.321350890000254 ], [ -64.997211620000101, -32.314008280000266 ], [ -65.056849100000093, -32.314000160000262 ], [ -65.212045160000088, -32.326736270000261 ], [ -65.207982100000081, -32.303595220000254 ], [ -65.219179010000104, -32.279493010000273 ], [ -65.207179680000095, -32.261635200000278 ], [ -65.212964150000104, -32.259030880000275 ], [ -65.2083313400001, -32.24917634000024 ], [ -65.210504330000106, -32.235328490000263 ], [ -65.232228800000087, -32.20998723000028 ], [ -65.224900060000081, -32.167799380000275 ], [ -65.234265090000093, -32.155187630000277 ], [ -65.234158010000087, -32.130143810000284 ], [ -65.242581300000083, -32.119543310000289 ], [ -65.235062200000101, -32.11091776000027 ], [ -65.245829270000101, -32.089014820000266 ], [ -65.30956129000009, -32.053823200000274 ], [ -65.316291180000078, -32.040172630000278 ], [ -65.60636584000008, -31.908464840000288 ], [ -65.605852760000104, -31.89546473000027 ], [ -65.550473100000104, -31.896235230000272 ], [ -65.550642480000093, -31.90691954000026 ], [ -65.352631820000099, -31.90423373000025 ], [ -65.352274130000083, -31.92060789000028 ], [ -65.251988360000084, -31.948400010000274 ], [ -65.21041071000009, -31.94238910000028 ], [ -65.204125070000103, -31.930733260000292 ], [ -65.179884340000086, -31.939711300000273 ], [ -65.173975880000086, -31.925800080000283 ], [ -65.103997400000097, -31.914991310000271 ], [ -65.105797410000065, -31.907758140000258 ], [ -65.091943780000094, -31.908058280000265 ], [ -65.075479350000094, -31.887530670000285 ], [ -65.052546750000104, -31.882347580000271 ], [ -65.04497281000009, -31.872023240000267 ], [ -65.018724600000084, -31.878587990000284 ], [ -65.010467160000104, -31.864558800000268 ], [ -64.995605, -31.859996030000264 ] ] ] ] } },
{ "type": "Feature", "properties": { "fid": 423, "gid": 1549, "DEPARTAMENTO": "Río Primero", "PROVINCIA": "Córdoba" }, "geometry": { "type": "MultiPolygon", "coordinates": [ [ [ [ -63.565037660000094, -30.534026030000295 ], [ -63.356979540000076, -30.575860650000315 ], [ -63.365041610000084, -30.609435460000281 ], [ -63.207509540000089, -30.63900867000028 ], [ -63.213639160000092, -30.662077730000302 ], [ -63.030020680000071, -30.695347550000278 ], [ -63.040426910000079, -30.712933180000292 ], [ -63.026160770000082, -30.703344020000266 ], [ -63.01414884000009, -30.705053190000285 ], [ -63.013640560000077, -30.713786240000299 ], [ -63.00540605000009, -30.708411230000291 ], [ -62.979426470000078, -30.7165243700003 ], [ -62.971262940000088, -30.707231840000269 ], [ -62.957617760000076, -30.720908070000299 ], [ -62.93241670000009, -30.719941110000278 ], [ -62.922013740000075, -30.730591120000291 ], [ -62.928507280000069, -30.744962010000286 ], [ -62.922483240000076, -30.749817140000285 ], [ -62.929431610000087, -30.752212670000283 ], [ -62.910050070000075, -30.768474250000292 ], [ -62.905775460000093, -30.785790470000286 ], [ -62.885911120000095, -30.798922280000294 ], [ -62.842269670000093, -30.80500673000029 ], [ -62.843773920000089, -30.820789680000303 ], [ -62.830763050000087, -30.826478980000285 ], [ -62.829295850000079, -30.841575290000289 ], [ -62.815290990000072, -30.850464960000284 ], [ -62.834050150000081, -30.932505760000289 ], [ -62.933761360000091, -30.967460910000284 ], [ -62.94069355000007, -30.995575400000288 ], [ -62.933406620000078, -30.997007070000297 ], [ -62.955166630000093, -31.079795920000279 ], [ -63.009941250000089, -31.071885000000279 ], [ -63.032441630000093, -31.098046490000272 ], [ -63.040309880000088, -31.131523790000283 ], [ -63.119630720000082, -31.117218980000303 ], [ -63.13124270000008, -31.163374600000296 ], [ -63.153924710000091, -31.159464690000284 ], [ -63.177584160000094, -31.283441120000287 ], [ -63.245915590000109, -31.264815910000276 ], [ -63.260255990000083, -31.334386850000286 ], [ -63.365608680000072, -31.315060710000274 ], [ -63.35842889000007, -31.367609020000288 ], [ -63.386223780000087, -31.367684400000293 ], [ -63.414523330000087, -31.378112130000286 ], [ -63.449620340000081, -31.375353960000279 ], [ -63.454573400000079, -31.384211080000274 ], [ -63.48560463000009, -31.390623990000272 ], [ -63.489523140000081, -31.402365340000276 ], [ -63.530627090000095, -31.403284130000277 ], [ -63.530544980000094, -31.4137099600003 ], [ -63.547480400000097, -31.41408735000028 ], [ -63.558001500000088, -31.434247310000284 ], [ -63.557905080000083, -31.457903500000288 ], [ -63.572219980000092, -31.469999170000275 ], [ -63.618981730000073, -31.494091900000267 ], [ -63.646302880000086, -31.486378010000273 ], [ -63.68076676000009, -31.492909170000281 ], [ -63.680623510000089, -31.516719070000285 ], [ -63.69087602000009, -31.522255640000292 ], [ -63.735254260000083, -31.515785480000289 ], [ -63.757855410000083, -31.524762310000291 ], [ -63.829987550000098, -31.52620849000029 ], [ -63.898267100000076, -31.542972290000272 ], [ -63.954347180000077, -31.535376450000285 ], [ -63.948615670000088, -31.454466240000265 ], [ -63.948708400000093, -31.444295440000285 ], [ -63.954744700000084, -31.445209070000285 ], [ -63.953240210000082, -31.365742410000294 ], [ -63.966734810000091, -31.37567108000027 ], [ -63.964114540000082, -31.349519240000276 ], [ -63.975262360000109, -31.352138570000285 ], [ -63.975254270000072, -31.345610660000297 ], [ -63.964685960000082, -31.344348140000296 ], [ -63.964758790000076, -31.320671170000292 ], [ -63.950723430000089, -31.320654130000282 ], [ -63.950879620000094, -31.273937490000282 ], [ -63.922176010000094, -31.274078620000303 ], [ -63.922472810000087, -31.245945960000277 ], [ -63.89508, -31.245729800000298 ], [ -63.895169730000084, -31.231124450000266 ], [ -63.866076730000096, -31.226060990000274 ], [ -63.864403770000088, -31.11193510000027 ], [ -63.844537840000086, -31.111972550000264 ], [ -63.830986050000092, -31.093423840000298 ], [ -63.839491360000082, -31.069721720000267 ], [ -63.823204480000086, -31.07339296000027 ], [ -63.820108850000089, -30.971572770000279 ], [ -63.764270310000093, -30.971319530000272 ], [ -63.764421510000091, -30.927781650000288 ], [ -63.728235470000094, -30.934369820000292 ], [ -63.662384830000093, -30.667025480000305 ], [ -63.598510470000093, -30.67219097000029 ], [ -63.565037660000094, -30.534026030000295 ] ] ] ] } },
{ "type": "Feature", "properties": { "fid": 424, "gid": 1551, "DEPARTAMENTO": "Calamuchita", "PROVINCIA": "Córdoba" }, "geometry": { "type": "MultiPolygon", "coordinates": [ [ [ [ -64.516067320000104, -31.818192380000287 ], [ -64.503536850000089, -31.817011010000254 ], [ -64.501628230000108, -31.831280930000272 ], [ -64.494270380000088, -31.823193480000295 ], [ -64.497080370000091, -31.834352760000282 ], [ -64.489987960000093, -31.839865460000269 ], [ -64.499325910000081, -31.842420180000278 ], [ -64.484796490000107, -31.851355240000274 ], [ -64.475633960000081, -31.837268300000289 ], [ -64.459560630000084, -31.852536180000271 ], [ -64.445466560000099, -31.838376170000274 ], [ -64.432130690000065, -31.839999640000258 ], [ -64.43662799000009, -31.846928330000281 ], [ -64.42609474000011, -31.857133220000261 ], [ -64.409873320000088, -31.850966820000284 ], [ -64.413710360000096, -31.843419460000263 ], [ -64.40498550000008, -31.837301010000292 ], [ -64.384818670000087, -31.846503070000281 ], [ -64.378007300000078, -31.845271870000282 ], [ -64.380192500000106, -31.839247140000278 ], [ -64.311147760000068, -31.841999070000277 ], [ -64.313978770000105, -31.853980490000279 ], [ -64.28807206000009, -31.853641680000269 ], [ -64.288253240000103, -31.949969130000284 ], [ -64.274767700000098, -31.944975200000258 ], [ -64.274288720000101, -31.912657830000281 ], [ -64.223441480000091, -31.912441270000279 ], [ -64.274341600000085, -32.146131140000293 ], [ -64.307480610000084, -32.181834110000267 ], [ -64.293893740000087, -32.204908480000284 ], [ -64.293479370000099, -32.318220490000272 ], [ -64.283426740000081, -32.320101960000287 ], [ -64.281293330000082, -32.313679700000272 ], [ -64.245641170000084, -32.32694243000028 ], [ -64.24568967000009, -32.390110390000281 ], [ -64.321989540000089, -32.376370060000276 ], [ -64.324948100000086, -32.398811510000264 ], [ -64.426096080000093, -32.379883040000273 ], [ -64.439101280000088, -32.401279240000271 ], [ -64.448502500000089, -32.466961900000264 ], [ -64.459069850000091, -32.481558490000275 ], [ -64.487502560000095, -32.476551730000274 ], [ -64.526788810000099, -32.617699700000273 ], [ -64.550088350000095, -32.630820320000254 ], [ -64.578475140000066, -32.630715530000259 ], [ -64.594495880000082, -32.616848140000272 ], [ -64.663192330000086, -32.632052570000276 ], [ -64.681428400000101, -32.628734440000272 ], [ -64.684354060000089, -32.620436980000271 ], [ -64.727638160000097, -32.617244960000264 ], [ -64.744725380000077, -32.605939620000278 ], [ -64.889944980000095, -32.579574950000264 ], [ -64.88275339000009, -32.570792420000259 ], [ -64.889714940000104, -32.541671460000273 ], [ -64.882874140000098, -32.529721250000264 ], [ -64.919151050000096, -32.483788400000279 ], [ -64.919127770000088, -32.438779930000265 ], [ -64.92984368000009, -32.423249910000266 ], [ -64.923332220000106, -32.327789560000269 ], [ -64.941407100000106, -32.298344140000282 ], [ -64.952800150000101, -32.30859616000027 ], [ -64.961365920000091, -32.281971400000273 ], [ -64.953508080000077, -32.263422080000289 ], [ -64.960324490000104, -32.25343870000026 ], [ -64.951558090000105, -32.237534400000264 ], [ -64.962229190000087, -32.226814250000267 ], [ -64.949470380000093, -32.155393460000262 ], [ -64.955399630000088, -32.143384950000275 ], [ -64.933563770000106, -32.047719860000278 ], [ -64.942719800000091, -32.015849470000276 ], [ -64.928818050000089, -31.909291780000281 ], [ -64.894940060000081, -31.906930930000268 ], [ -64.834533310000083, -31.865261190000286 ], [ -64.760438730000089, -31.866575390000261 ], [ -64.732767980000105, -31.886248250000275 ], [ -64.732660940000088, -31.878411920000271 ], [ -64.712879860000101, -31.888515030000264 ], [ -64.703084330000081, -31.881613160000285 ], [ -64.695491170000096, -31.887460180000268 ], [ -64.691476590000093, -31.880335410000274 ], [ -64.688746430000094, -31.886869780000271 ], [ -64.675290070000088, -31.882821950000285 ], [ -64.677588860000085, -31.894543180000262 ], [ -64.665533680000095, -31.889216720000277 ], [ -64.653569850000082, -31.895567150000286 ], [ -64.640248460000095, -31.892425610000277 ], [ -64.639228120000098, -31.884623650000279 ], [ -64.629908210000082, -31.889953610000269 ], [ -64.634255490000086, -31.896945880000271 ], [ -64.617033740000096, -31.890943020000297 ], [ -64.609142560000095, -31.896600640000276 ], [ -64.606367080000084, -31.885260320000288 ], [ -64.590641370000085, -31.886138320000267 ], [ -64.58216386000008, -31.878414430000269 ], [ -64.547318080000096, -31.880879610000278 ], [ -64.544018390000105, -31.873842190000271 ], [ -64.552718730000095, -31.868763150000287 ], [ -64.5274347000001, -31.852061960000292 ], [ -64.530495190000082, -31.833150340000284 ], [ -64.516067320000104, -31.818192380000287 ] ] ] ] } },
{ "type": "Feature", "properties": { "fid": 425, "gid": 1552, "DEPARTAMENTO": "Pocho", "PROVINCIA": "Córdoba" }, "geometry": { "type": "MultiPolygon", "coordinates": [ [ [ [ -65.771038220000094, -31.261411880000285 ], [ -64.899435600000089, -31.276881920000292 ], [ -64.906014230000096, -31.310835180000279 ], [ -64.89979406000009, -31.346004420000284 ], [ -64.91331944000008, -31.377651360000286 ], [ -64.909489630000081, -31.399303160000276 ], [ -64.924013130000091, -31.413179110000279 ], [ -64.985920530000087, -31.398996430000274 ], [ -65.066510110000081, -31.413530940000278 ], [ -65.126053340000084, -31.436377530000307 ], [ -65.133496260000086, -31.450603880000266 ], [ -65.171951100000101, -31.453314700000288 ], [ -65.18206106000008, -31.490386030000284 ], [ -65.166485030000104, -31.490823420000257 ], [ -65.166517240000118, -31.559576780000278 ], [ -65.177068870000099, -31.566256320000289 ], [ -65.250714440000081, -31.567031030000269 ], [ -65.252007010000099, -31.620747680000271 ], [ -65.235504910000117, -31.621037760000281 ], [ -65.236808920000115, -31.675482290000271 ], [ -65.26129020000009, -31.67368978000027 ], [ -65.273401960000086, -31.649834010000291 ], [ -65.399468830000089, -31.649044160000262 ], [ -65.399265990000103, -31.620130040000255 ], [ -65.469263430000098, -31.619852930000263 ], [ -65.470103, -31.691025520000281 ], [ -65.484560310000106, -31.691071820000275 ], [ -65.50222939000011, -31.759374480000282 ], [ -65.615558140000118, -31.758350640000277 ], [ -65.611899510000086, -31.745526480000265 ], [ -65.770103330000083, -31.743350900000266 ], [ -65.771038220000094, -31.261411880000285 ] ] ] ] } },
{ "type": "Feature", "properties": { "fid": 454, "gid": 1150, "DEPARTAMENTO": "Bermejo", "PROVINCIA": "Formosa" }, "geometry": { "type": "MultiPolygon", "coordinates": [ [ [ [ -61.827145770000094, -23.129121860000328 ], [ -61.818255380000096, -23.127096930000338 ], [ -61.808786640000086, -23.155389440000327 ], [ -61.791022150000096, -23.155757250000342 ], [ -61.793434370000085, -23.165227350000318 ], [ -61.775126410000091, -23.162077030000333 ], [ -61.754424010000101, -23.171092780000333 ], [ -61.734665300000096, -23.199463770000332 ], [ -61.73489676000009, -23.235754270000324 ], [ -61.709025680000089, -23.243302750000318 ], [ -61.6814084600001, -23.273693240000327 ], [ -61.663075360000093, -23.276649970000342 ], [ -61.671585660000069, -23.283965940000339 ], [ -61.636656170000094, -23.275430480000335 ], [ -61.635152740000073, -23.282846550000336 ], [ -61.607467280000087, -23.283473700000339 ], [ -61.590049020000095, -23.304652280000322 ], [ -61.572953540000093, -23.304029560000323 ], [ -61.577251670000095, -23.313809550000329 ], [ -61.566765240000095, -23.323450480000343 ], [ -61.566557010000082, -23.33938061000033 ], [ -61.545607910000086, -23.349544120000328 ], [ -61.537023330000089, -23.344634280000349 ], [ -61.516034140000087, -23.351107770000329 ], [ -61.522207140000091, -23.377273000000326 ], [ -61.5061, -23.394400000000338 ], [ -61.494121750000076, -23.424435500000335 ], [ -61.477302860000087, -23.417778740000319 ], [ -61.472051450000087, -23.426626810000339 ], [ -61.467111370000076, -23.419035140000314 ], [ -61.455111900000084, -23.424902690000323 ], [ -61.449489600000085, -23.419047780000316 ], [ -61.419646360000101, -23.447201990000337 ], [ -61.401099040000084, -23.445177450000333 ], [ -61.384661410000092, -23.459011600000323 ], [ -61.384664500000085, -23.447245900000329 ], [ -61.376419860000091, -23.457565920000352 ], [ -61.352069950000093, -23.44995433000032 ], [ -61.346569750000093, -23.463935810000322 ], [ -61.3178579900001, -23.470052030000325 ], [ -61.306001510000094, -23.486943350000335 ], [ -61.296956960000095, -23.483127240000343 ], [ -61.292668710000086, -23.495426180000319 ], [ -61.280860960000084, -23.488670500000342 ], [ -61.292100050000087, -23.509286410000325 ], [ -61.283431200000081, -23.500356920000335 ], [ -61.272954570000095, -23.506783020000338 ], [ -61.277610020000083, -23.516992010000344 ], [ -61.2632, -23.516300000000346 ], [ -61.246900880000091, -23.540800770000338 ], [ -61.2151, -23.551800000000323 ], [ -61.18973765000009, -23.54067245000034 ], [ -61.195368330000079, -23.549969110000333 ], [ -61.176573220000094, -23.547538020000342 ], [ -61.164950190000098, -23.566675100000328 ], [ -61.1456, -23.570400000000326 ], [ -61.1552, -23.572900000000331 ], [ -61.1466, -23.58020000000035 ], [ -61.1302, -23.578500000000322 ], [ -61.131921430000091, -23.598014150000342 ], [ -61.121889720000091, -23.58490436000033 ], [ -61.121190690000091, -23.596071380000335 ], [ -61.089515190000085, -23.613861250000305 ], [ -61.1012, -23.627000000000329 ], [ -61.090498790000076, -23.639054140000319 ], [ -61.099281360000084, -23.657382310000333 ], [ -61.095178190000084, -23.66666137000032 ], [ -61.081145420000084, -23.670904280000318 ], [ -61.0867, -23.679900000000334 ], [ -61.065574130000094, -23.707311290000327 ], [ -61.058544720000086, -23.70548213000033 ], [ -61.04, -23.743000000000329 ], [ -61.015144120000095, -23.758245560000326 ], [ -61.020403410000085, -23.772624670000344 ], [ -60.986809130000069, -23.812866530000338 ], [ -60.964945750000084, -23.80863316000033 ], [ -60.958945620000094, -23.820573820000323 ], [ -60.953835040000079, -23.80997833000032 ], [ -60.9384, -23.807900000000338 ], [ -60.944379470000094, -23.801802570000319 ], [ -60.933931620000074, -23.800325760000337 ], [ -60.9089, -23.813300000000329 ], [ -60.903695850000091, -23.826733680000338 ], [ -60.866524610000084, -23.853623790000352 ], [ -60.857758490000094, -23.849203450000328 ], [ -60.847339010000091, -23.871547690000337 ], [ -60.8059, -23.867900000000315 ], [ -60.7989, -23.876800000000348 ], [ -60.784479680000082, -23.87175437000035 ], [ -60.748, -23.87900000000035 ], [ -60.7427, -23.872700000000343 ], [ -60.732954430000092, -23.883509450000311 ], [ -60.715256160000088, -23.881630950000332 ], [ -60.693142990000069, -23.901888230000324 ], [ -60.681235030000089, -23.894129440000345 ], [ -60.6437, -23.909000000000319 ], [ -60.612366030000089, -23.903581890000336 ], [ -60.6003, -23.91060000000034 ], [ -60.604098190000094, -23.915946910000333 ], [ -60.5866, -23.918100000000337 ], [ -60.5951, -23.920900000000337 ], [ -60.590747950000079, -23.94278439000033 ], [ -60.578276920000071, -23.952639520000329 ], [ -60.588835080000081, -23.958852030000322 ], [ -60.559508690000094, -23.954429540000323 ], [ -60.5537, -23.965700000000336 ], [ -60.508743840000093, -23.970821340000324 ], [ -60.4778, -23.951000000000334 ], [ -60.389170100000086, -23.993735120000338 ], [ -60.3805, -24.019100000000332 ], [ -60.365008350000089, -24.020225100000339 ], [ -61.132914530000086, -24.786903210000315 ], [ -61.156381370000076, -24.785016150000345 ], [ -61.158282810000095, -24.757672980000322 ], [ -61.148775620000094, -24.761145470000322 ], [ -61.150201700000082, -24.749859530000343 ], [ -61.156381370000084, -24.738572560000328 ], [ -61.171592870000083, -24.734231140000333 ], [ -61.162561040000092, -24.721640160000323 ], [ -61.170166800000089, -24.709916360000324 ], [ -61.156856730000094, -24.703836920000334 ], [ -61.170642150000077, -24.699928550000312 ], [ -61.180149340000078, -24.72250855000032 ], [ -61.208073850000083, -24.698026450000338 ], [ -61.201065160000077, -24.682556500000331 ], [ -61.217702740000085, -24.665616400000332 ], [ -61.199163720000094, -24.674303920000341 ], [ -61.197262280000075, -24.661272410000322 ], [ -61.214850580000089, -24.649108420000335 ], [ -61.227209930000093, -24.655190560000339 ], [ -61.230062090000089, -24.635205250000315 ], [ -61.244322870000069, -24.653452840000334 ], [ -61.255731500000088, -24.62173507000033 ], [ -61.276062010000089, -24.639154530000329 ], [ -61.284728420000079, -24.624342320000327 ], [ -61.346106700000085, -24.638663420000327 ], [ -61.361835830000082, -24.621647360000317 ], [ -61.381226390000087, -24.637812220000342 ], [ -61.382725160000092, -24.61275732000032 ], [ -61.423825, -24.617484260000317 ], [ -61.453956390000087, -24.61217469000032 ], [ -61.481051880000095, -24.595224940000332 ], [ -61.483904040000091, -24.590009160000335 ], [ -61.471544690000094, -24.58479316000032 ], [ -61.477249, -24.575229930000329 ], [ -61.518763990000068, -24.547014140000346 ], [ -61.526226330000092, -24.533728710000304 ], [ -61.521750670000088, -24.518060630000331 ], [ -61.596402730000094, -24.479292730000328 ], [ -61.581974130000091, -24.453708340000315 ], [ -61.584484060000086, -24.43999380000033 ], [ -61.597514950000097, -24.438221030000314 ], [ -61.604169980000094, -24.455627350000338 ], [ -61.610349650000089, -24.421682770000327 ], [ -61.639697600000069, -24.434574620000323 ], [ -61.694488270000086, -24.415153910000342 ], [ -61.713978010000091, -24.383375230000315 ], [ -61.694012920000077, -24.365958840000349 ], [ -61.728238800000092, -24.359427060000332 ], [ -61.720633040000081, -24.339829690000325 ], [ -61.760563240000089, -24.32850537000034 ], [ -61.761513960000094, -24.306724950000323 ], [ -61.798592, -24.336345390000325 ], [ -61.8023948700001, -24.322407230000326 ], [ -61.834750510000084, -24.314226120000331 ], [ -61.833763120000093, -24.006835940000332 ], [ -61.851765540000088, -23.094460330000324 ], [ -61.827145770000094, -23.129121860000328 ] ] ] ] } },
{ "type": "Feature", "properties": { "fid": 456, "gid": 1152, "DEPARTAMENTO": "Matacos", "PROVINCIA": "Formosa" }, "geometry": { "type": "MultiPolygon", "coordinates": [ [ [ [ -61.834750510000084, -24.314226120000331 ], [ -61.839948270000107, -24.301497090000325 ], [ -61.879320770000092, -24.307321470000343 ], [ -61.883681340000095, -24.266639100000319 ], [ -61.908516480000102, -24.306762290000332 ], [ -61.920264160000087, -24.283898980000316 ], [ -61.904007840000084, -24.27777047000032 ], [ -61.907837860000107, -24.259432070000337 ], [ -61.938823030000087, -24.266203310000325 ], [ -61.95450990000009, -24.261409570000311 ], [ -61.94500271000009, -24.241796880000329 ], [ -61.952133100000076, -24.236566320000325 ], [ -61.984651610000093, -24.227095370000328 ], [ -61.979228590000098, -24.245283810000338 ], [ -61.989211140000101, -24.250514010000323 ], [ -62.011553030000094, -24.227412310000336 ], [ -62.041025320000088, -24.240489260000331 ], [ -62.055286100000082, -24.211282190000318 ], [ -62.082856950000092, -24.230463720000312 ], [ -62.087610540000107, -24.220437370000312 ], [ -62.07642849000009, -24.201301040000331 ], [ -62.138474010000095, -24.218693580000323 ], [ -62.136097210000109, -24.196022070000328 ], [ -62.175076680000103, -24.201254320000324 ], [ -62.180781, -24.195150010000336 ], [ -62.171749170000098, -24.177707490000344 ], [ -62.182682440000107, -24.155028610000318 ], [ -62.216432960000084, -24.151103010000323 ], [ -62.228316940000092, -24.135399370000336 ], [ -62.243528450000106, -24.145432480000313 ], [ -62.301522300000087, -24.116203390000337 ], [ -62.324339550000097, -24.123184090000322 ], [ -62.309603410000101, -24.105295290000338 ], [ -62.326716350000105, -24.078675570000321 ], [ -62.342156890000091, -24.110248640000325 ], [ -62.341974, -23.495424100000335 ], [ -61.843887330000086, -23.492921830000331 ], [ -61.834750510000084, -24.314226120000331 ] ] ] ] } },
{ "type": "Feature", "properties": { "fid": 479, "gid": 1312, "DEPARTAMENTO": "Ramón Lista", "PROVINCIA": "Formosa" }, "geometry": { "type": "MultiPolygon", "coordinates": [ [ [ [ -62.312005270000093, -22.486659590000329 ], [ -62.290365650000084, -22.474434430000329 ], [ -62.291008720000086, -22.492450000000353 ], [ -62.283594570000083, -22.495916350000336 ], [ -62.287070220000096, -22.52265722000034 ], [ -62.280917530000096, -22.511429940000326 ], [ -62.252286150000103, -22.515300380000323 ], [ -62.254639490000102, -22.532051010000334 ], [ -62.234095400000086, -22.544329810000338 ], [ -62.233476800000098, -22.570489980000321 ], [ -62.245894510000092, -22.576494530000343 ], [ -62.24654612000009, -22.591337020000342 ], [ -62.26421040000011, -22.600209020000321 ], [ -62.253580500000083, -22.600471580000331 ], [ -62.249167270000093, -22.614158580000328 ], [ -62.235793860000108, -22.615724510000344 ], [ -62.242353990000097, -22.628359400000328 ], [ -62.225740210000104, -22.622641700000333 ], [ -62.2072, -22.645800000000339 ], [ -62.188955710000094, -22.622547610000353 ], [ -62.1925, -22.653300000000325 ], [ -62.2036, -22.661900000000347 ], [ -62.196659460000092, -22.671719610000324 ], [ -62.201020180000093, -22.683657970000343 ], [ -62.186290800000094, -22.678684820000324 ], [ -62.177223520000105, -22.693607190000336 ], [ -62.2010736800001, -22.695128320000325 ], [ -62.196986560000084, -22.714276860000311 ], [ -62.184909850000103, -22.705103140000322 ], [ -62.1593819100001, -22.735112020000329 ], [ -62.164600200000095, -22.74777119000035 ], [ -62.159202550000103, -22.758480390000319 ], [ -62.138556810000082, -22.761620330000316 ], [ -62.147290270000084, -22.764802790000321 ], [ -62.134594480000104, -22.771471370000331 ], [ -62.139626080000099, -22.78071984000033 ], [ -62.115569730000082, -22.794911770000329 ], [ -62.108199350000092, -22.819526560000337 ], [ -62.095241240000092, -22.806137250000337 ], [ -62.0889, -22.826600000000344 ], [ -62.075659670000093, -22.828672200000334 ], [ -62.072168930000082, -22.846667820000327 ], [ -62.060216120000085, -22.848496990000349 ], [ -62.0571, -22.862800000000323 ], [ -62.040547630000106, -22.869414790000345 ], [ -62.0315, -22.89950000000033 ], [ -62.021640670000096, -22.908296510000312 ], [ -62.024822130000089, -22.927710890000327 ], [ -62.018510710000101, -22.923286420000316 ], [ -62.007609680000094, -22.933661780000325 ], [ -62.006102240000097, -22.926436370000335 ], [ -61.998988090000097, -22.930509740000332 ], [ -62.003753470000099, -22.939292550000321 ], [ -61.995945900000088, -22.951531600000326 ], [ -62.010375760000095, -22.975686190000335 ], [ -61.996765770000096, -22.966075320000339 ], [ -61.994623580000095, -22.97752890000033 ], [ -62.0059, -22.988500000000322 ], [ -62.001972250000094, -22.99479581000034 ], [ -61.992498040000086, -22.992032770000328 ], [ -61.997119950000091, -23.010175330000319 ], [ -61.98946708000009, -23.002923740000337 ], [ -61.982781560000092, -23.022898540000341 ], [ -61.951611060000104, -23.033760760000334 ], [ -61.955336150000093, -23.04851253000033 ], [ -61.940064470000095, -23.046541380000335 ], [ -61.934727170000095, -23.067686910000326 ], [ -61.909866230000091, -23.067781890000326 ], [ -61.896858480000084, -23.075634060000333 ], [ -61.891829560000083, -23.06963279000033 ], [ -61.885344290000106, -23.07568852000033 ], [ -61.888160060000089, -23.087210430000329 ], [ -61.877728610000091, -23.082437320000327 ], [ -61.872649870000082, -23.093126700000333 ], [ -61.863561290000078, -23.084706970000333 ], [ -61.851765540000088, -23.094460330000324 ], [ -61.843887330000086, -23.492921830000331 ], [ -62.341974, -23.495424100000335 ], [ -62.342255620000103, -22.460940700000346 ], [ -62.333081, -22.465858440000336 ], [ -62.334460560000103, -22.478732190000333 ], [ -62.312005270000093, -22.486659590000329 ] ] ] ] } },
{ "type": "Feature", "properties": { "fid": 507, "gid": 1432, "DEPARTAMENTO": "Chical Co", "PROVINCIA": "La Pampa" }, "geometry": { "type": "MultiPolygon", "coordinates": [ [ [ [ -67.132562500000105, -35.999102950000236 ], [ -67.126856680000088, -36.799484180000235 ], [ -68.246761820000089, -36.802758100000226 ], [ -68.2501831000001, -36.172485350000237 ], [ -68.296131650000106, -36.172546670000237 ], [ -68.296410300000119, -35.99762172000024 ], [ -67.132562500000105, -35.999102950000236 ] ] ] ] } },
{ "type": "Feature", "properties": { "fid": 508, "gid": 1445, "DEPARTAMENTO": "Chalileo", "PROVINCIA": "La Pampa" }, "geometry": { "type": "MultiPolygon", "coordinates": [ [ [ [ -67.132562500000105, -35.999102950000236 ], [ -66.017716770000092, -35.999887260000264 ], [ -66.026551470000101, -36.060351530000233 ], [ -66.022895960000085, -36.150933300000233 ], [ -66.048571550000105, -36.151408080000252 ], [ -66.03835095000008, -36.321052870000244 ], [ -66.019842910000079, -36.320409700000226 ], [ -66.00542517000008, -36.781418130000247 ], [ -67.126856680000088, -36.799484180000235 ], [ -67.132562500000105, -35.999102950000236 ] ] ] ] } },
{ "type": "Feature", "properties": { "fid": 509, "gid": 1446, "DEPARTAMENTO": "Puelén", "PROVINCIA": "La Pampa" }, "geometry": { "type": "MultiPolygon", "coordinates": [ [ [ [ -67.126856680000088, -36.799484180000235 ], [ -67.111685240000099, -37.700194270000239 ], [ -67.102194720000085, -38.380327620000216 ], [ -67.119683590000079, -38.356033590000223 ], [ -67.132934230000089, -38.353740920000213 ], [ -67.141418460000097, -38.361572270000217 ], [ -67.156048590000083, -38.353319810000222 ], [ -67.147908060000105, -38.331559080000204 ], [ -67.158203120000081, -38.306091310000241 ], [ -67.153113240000096, -38.291341950000238 ], [ -67.17238482000009, -38.279224760000218 ], [ -67.17048125000008, -38.260902910000233 ], [ -67.196594240000081, -38.253784180000224 ], [ -67.184071030000069, -38.223311880000217 ], [ -67.187613370000065, -38.21450342000022 ], [ -67.261108400000083, -38.217102050000221 ], [ -67.317077640000079, -38.247619630000237 ], [ -67.344177250000101, -38.25177002000023 ], [ -67.547912600000089, -38.256286620000218 ], [ -67.593200680000081, -38.240600590000206 ], [ -67.656494140000092, -38.201782230000219 ], [ -67.68182373000009, -38.164794920000226 ], [ -67.689025880000088, -38.133422850000215 ], [ -67.707513090000091, -38.12337608000022 ], [ -67.718627930000082, -38.130371090000217 ], [ -67.73010254000009, -38.114807130000223 ], [ -67.730330350000088, -38.075763650000219 ], [ -67.747562130000091, -38.073978750000229 ], [ -67.750651960000084, -38.056127340000224 ], [ -67.762512210000082, -38.068725590000213 ], [ -67.781906850000084, -38.051875230000228 ], [ -67.809299430000081, -38.072358220000226 ], [ -67.835244550000098, -38.055887720000221 ], [ -67.850753160000082, -38.065471690000209 ], [ -67.849683600000105, -38.051753070000238 ], [ -67.8614487400001, -38.053538520000217 ], [ -67.883129810000085, -38.018792750000223 ], [ -67.895852880000092, -38.017257140000197 ], [ -67.88842539000008, -38.000379190000203 ], [ -67.899418080000103, -37.998028180000212 ], [ -67.903280380000083, -37.982086400000213 ], [ -67.885009770000082, -37.955505370000225 ], [ -67.870599410000096, -37.950615800000215 ], [ -67.872802730000103, -37.939880370000218 ], [ -67.843986410000085, -37.926305930000218 ], [ -67.84618495000008, -37.917739210000221 ], [ -67.7816549100001, -37.895470460000233 ], [ -67.780466510000096, -37.887371050000233 ], [ -67.766799920000082, -37.885110590000224 ], [ -67.736476740000072, -37.858046490000227 ], [ -67.720789880000098, -37.810590180000219 ], [ -67.724533340000079, -37.792014000000222 ], [ -67.740041940000097, -37.788571700000219 ], [ -67.74033904000008, -37.765414510000198 ], [ -67.760422980000087, -37.743382460000234 ], [ -67.766127290000099, -37.721957370000226 ], [ -67.7609576400001, -37.709956020000227 ], [ -67.773651120000096, -37.687713620000217 ], [ -67.770345990000081, -37.670528090000232 ], [ -67.785583500000087, -37.652282710000208 ], [ -67.809325580000092, -37.646684110000223 ], [ -67.84429932000009, -37.619384770000224 ], [ -67.870587420000106, -37.612882820000237 ], [ -67.876648250000102, -37.619122030000213 ], [ -67.917297360000106, -37.618408200000225 ], [ -67.944162980000101, -37.603219900000227 ], [ -67.983067170000083, -37.607859850000224 ], [ -68.029217360000089, -37.596383830000221 ], [ -68.065522930000085, -37.597991310000225 ], [ -68.084121370000105, -37.589102460000213 ], [ -68.106760370000103, -37.596241990000223 ], [ -68.152544270000092, -37.580317580000234 ], [ -68.21931109000009, -37.588239560000211 ], [ -68.239098750000082, -37.584960040000219 ], [ -68.254252770000079, -37.57193121000023 ], [ -68.246761820000089, -36.802758100000226 ], [ -67.126856680000088, -36.799484180000235 ] ] ] ] } }
]
}
